ECID,Type,Name,Unit,Pointer,Max,Min,Default,Comment,Line,SourceRef
1006,ASCII_TYPE,Lot ID,,fLotInfo->edtSysLotID,,,,Lot ID,59,SECSGEM/uHGemHT9045_EC.cpp#L59
1007,ASCII_TYPE,Operator ID,,fLotInfo->edtSysOperatorID,,,,Operator ID,60,SECSGEM/uHGemHT9045_EC.cpp#L60
1191,BOOLEAN_TYPE,USE_RFID_READER,,&USE_RFID_READER,1,0,0,USE_RFID_READER,61,SECSGEM/uHGemHT9045_EC.cpp#L61
1430,INT_4_TYPE,Arm 1 Contact times for alarm,,&LastSet.ContactSet[0],,,,Arm 1 Contact times for alarm,62,SECSGEM/uHGemHT9045_EC.cpp#L62
1431,INT_4_TYPE,Arm 2 Contact times for alarm,,&LastSet.ContactSet[1],,,,Arm 2 Contact times for alarm,63,SECSGEM/uHGemHT9045_EC.cpp#L63
1501,ASCII_TYPE,Setup File,,fMain->cbSetupFileName,,,,Recipe Name,64,SECSGEM/uHGemHT9045_EC.cpp#L64
1502,INT_4_TYPE,User Level,,&AccessLevel,3,0,0,0:Operator; 1:Engineer; 2:Supervisor; 3:HonPrec;,65,SECSGEM/uHGemHT9045_EC.cpp#L65
1513,INT_4_TYPE,Tester On/Off,,&LastSet.iTester,2,0,1,0:Off-Line; 1:On-Line; 2:2D_SORT,66,SECSGEM/uHGemHT9045_EC.cpp#L66
1514,INT_4_TYPE,Temperature Mode,,&LastSet.iTemperature,1,0,0,0:Ambient; 1:Hot,67,SECSGEM/uHGemHT9045_EC.cpp#L67
1517,INT_4_TYPE,Start Mode For HT9045,,&LastSet.iRunStartMode,8,0,0,0:Continuous Start;  1:Initial Start; 2:Re-Test Continuous; 3:Re-Test Initial Start; 4:Site Mapping Check; 5:QA Mode; 6:Continuous EQC; 7:Initial EQC; 8:Auto Retest; ,68,SECSGEM/uHGemHT9045_EC.cpp#L68
1518,INT_4_TYPE,Real/Dummy For HT9045,,&LastSet.iRealDummy,2,0,1,0:Dummy; 1:Tray Only; 2:Real; ,69,SECSGEM/uHGemHT9045_EC.cpp#L69
1519,FT_8_TYPE,Temperature Default for HT9045,,&Temperature.fWorkTemperBase,150,20,30,Temperature Default,70,SECSGEM/uHGemHT9045_EC.cpp#L70
1520,FT_8_TYPE,Temperature Soak Time for HT9045,Second,&Temperature.fSoakTime,10000,5,90,Temperature Soak Time,71,SECSGEM/uHGemHT9045_EC.cpp#L71
1530,ASCII_TYPE,Site Aa to Dh Status,,fMain->tSiteOnOff[0],,,,Site Aa to Dh Status; 0:Close; 1:Open ,72,SECSGEM/uHGemHT9045_EC.cpp#L72
1531,ASCII_TYPE,Site Aa to Dh Status for Arm 2,,fMain->tSiteOnOff[1],,,,Site Aa to Dh Status for Arm 2; 0:Close; 1:Open ,73,SECSGEM/uHGemHT9045_EC.cpp#L73
1581,ASCII_TYPE,Lot Information Customer,,&fSCKART->sInfo_Customer,,,,Lot Information Customer,75,SECSGEM/uHGemHT9045_EC.cpp#L75
1582,ASCII_TYPE,Lot Information Inner Lot ID,,&fSCKART->sLotID,,,,Lot Information Inner Lot ID,76,SECSGEM/uHGemHT9045_EC.cpp#L76
1583,ASCII_TYPE,Lot Information Customer Lot ID,,&fSCKART->sInfo_CustLotID,,,,Lot Information Customer Lot ID,77,SECSGEM/uHGemHT9045_EC.cpp#L77
1584,ASCII_TYPE,Lot Information Customer Device Group,,&fSCKART->sInfo_CustDevGup,,,,Lot Information Customer Device Group,78,SECSGEM/uHGemHT9045_EC.cpp#L78
1585,ASCII_TYPE,Lot Information Device Name,,&fSCKART->sInfo_DeviceName,,,,Lot Information Device Name,79,SECSGEM/uHGemHT9045_EC.cpp#L79
1586,ASCII_TYPE,Lot Information Stage,,&fSCKART->sInfo_Stage,,,,Lot Information Stage,80,SECSGEM/uHGemHT9045_EC.cpp#L80
1587,ASCII_TYPE,Lot Information Step,,&fSCKART->sInfo_Step,,,,Lot Information Step,81,SECSGEM/uHGemHT9045_EC.cpp#L81
1588,ASCII_TYPE,Lot Information Report Count,,&fSCKART->sInfo_ReportCnt,,,,Lot Information Report Count,82,SECSGEM/uHGemHT9045_EC.cpp#L82
1589,ASCII_TYPE,Lot Information Program Name,,&fSCKART->sInfo_ProgramName,,,,Lot Information Program Name,83,SECSGEM/uHGemHT9045_EC.cpp#L83
1590,ASCII_TYPE,Lot Information Test Bin No,,&fSCKART->sInfo_TestBinNo,,,,Lot Information Test Bin No,84,SECSGEM/uHGemHT9045_EC.cpp#L84
1591,ASCII_TYPE,Lot Information Tester ID,,&fSCKART->sInfo_TesterID,,,,Lot Information Tester ID,85,SECSGEM/uHGemHT9045_EC.cpp#L85
1592,ASCII_TYPE,Lot Information Handler ID,,&fSCKART->sInfo_HandlerID,,,,Lot Information Handler ID,86,SECSGEM/uHGemHT9045_EC.cpp#L86
1593,ASCII_TYPE,Lot Information Temperauture,,&fSCKART->sInfo_Temperauture,,,,Lot Information Temperauture,87,SECSGEM/uHGemHT9045_EC.cpp#L87
1594,ASCII_TYPE,Lot Information Curr Quantity,,&fSCKART->sInfo_CurrQty,,,,Lot Information Curr Quantity,88,SECSGEM/uHGemHT9045_EC.cpp#L88
1595,ASCII_TYPE,Lot Information Operator ID,,&fSCKART->sInfo_OperatorID,,,,Lot Information Operator ID,89,SECSGEM/uHGemHT9045_EC.cpp#L89
1600,BOOLEAN_TYPE,Use Individual Temperature,,&Temperature.bUseIndividualTemp,1,0,0,Use Individual Temperature,91,SECSGEM/uHGemHT9045_EC.cpp#L91
1601,FT_8_TYPE,Plate1 Individual Temperature,,&IniConfig.dSingleTempLimit[tcHotPlate1],60,-60,0,Plate1 Temperature Single Limit,92,SECSGEM/uHGemHT9045_EC.cpp#L92
1602,FT_8_TYPE,Plate2 Individual Temperature,,&IniConfig.dSingleTempLimit[tcHotPlate2],60,-60,0,Plate2 Temperature Single Limit,93,SECSGEM/uHGemHT9045_EC.cpp#L93
1603,FT_8_TYPE,Shuttle1 Individual Temperature,,&IniConfig.dSingleTempLimit[tcShuttle1],60,-60,0,Shuttle1 Temperature Single Limit,94,SECSGEM/uHGemHT9045_EC.cpp#L94
1604,FT_8_TYPE,Shuttle2 Individual Temperature,,&IniConfig.dSingleTempLimit[tcShuttle2],60,-60,0,Shuttle2 Temperature Single Limit,95,SECSGEM/uHGemHT9045_EC.cpp#L95
1605,FT_8_TYPE,Head1 Individual Temperature,,&IniConfig.dSingleTempLimit[tcHead1],60,-60,0,Head1 Temperature Single Limit,96,SECSGEM/uHGemHT9045_EC.cpp#L96
1606,FT_8_TYPE,Head2 Individual Temperature,,&IniConfig.dSingleTempLimit[tcHead2],60,-60,0,Head2 Temperature Single Limit,97,SECSGEM/uHGemHT9045_EC.cpp#L97
1607,FT_8_TYPE,Head5 Individual Temperature,,&IniConfig.dSingleTempLimit[tcHead3],60,-60,0,Head5 Temperature Single Limit,98,SECSGEM/uHGemHT9045_EC.cpp#L98
1608,FT_8_TYPE,Head6 Individual Temperature,,&IniConfig.dSingleTempLimit[tcHead4],60,-60,0,Head6 Temperature Single Limit,99,SECSGEM/uHGemHT9045_EC.cpp#L99
1609,FT_8_TYPE,DUT1 Individual Temperature,,&IniConfig.dSingleTempLimit[tcDUT1],60,-60,0,DUT1 Temperature Single Limit,100,SECSGEM/uHGemHT9045_EC.cpp#L100
1610,FT_8_TYPE,DUT2 Individual Temperature,,&IniConfig.dSingleTempLimit[tcDUT2],60,-60,0,DUT2 Temperature Single Limit,101,SECSGEM/uHGemHT9045_EC.cpp#L101
1611,FT_8_TYPE,Chamber Individual Temperature,,&IniConfig.dSingleTempLimit[tcChamber],60,-60,0,Chamber Individual Temperature,102,SECSGEM/uHGemHT9045_EC.cpp#L102
1612,FT_8_TYPE,CCD Individual Temperature,,&IniConfig.dSingleTempLimit[tcCCD],60,-60,0,CCD Individual Temperature,103,SECSGEM/uHGemHT9045_EC.cpp#L103
1613,FT_8_TYPE,Aa 1 Individual Temperature,,&IniConfig.dSingleTempLimit[tcAa1],60,-60,0,Aa 1 Individual Temperature,104,SECSGEM/uHGemHT9045_EC.cpp#L104
1614,FT_8_TYPE,Ab 1 Individual Temperature,,&IniConfig.dSingleTempLimit[tcAb1],60,-60,0,Ab 1 Individual Temperature,105,SECSGEM/uHGemHT9045_EC.cpp#L105
1615,FT_8_TYPE,Ac 1 Individual Temperature,,&IniConfig.dSingleTempLimit[tcAc1],60,-60,0,Ac 1 Individual Temperature,106,SECSGEM/uHGemHT9045_EC.cpp#L106
1616,FT_8_TYPE,Ad 1 Individual Temperature,,&IniConfig.dSingleTempLimit[tcAd1],60,-60,0,Ad 1 Individual Temperature,107,SECSGEM/uHGemHT9045_EC.cpp#L107
1617,FT_8_TYPE,Ba 1 Individual Temperature,,&IniConfig.dSingleTempLimit[tcBa1],60,-60,0,Ba 1 Individual Temperature,108,SECSGEM/uHGemHT9045_EC.cpp#L108
1618,FT_8_TYPE,Bb 1 Individual Temperature,,&IniConfig.dSingleTempLimit[tcBb1],60,-60,0,Bb 1 Individual Temperature,109,SECSGEM/uHGemHT9045_EC.cpp#L109
1619,FT_8_TYPE,Bc 1 Individual Temperature,,&IniConfig.dSingleTempLimit[tcBc1],60,-60,0,Bc 1 Individual Temperature,110,SECSGEM/uHGemHT9045_EC.cpp#L110
1620,FT_8_TYPE,Bd 1 Individual Temperature,,&IniConfig.dSingleTempLimit[tcBd1],60,-60,0,Bd 1 Individual Temperature,111,SECSGEM/uHGemHT9045_EC.cpp#L111
1621,FT_8_TYPE,Aa 2 Individual Temperature,,&IniConfig.dSingleTempLimit[tcAa2],60,-60,0,Aa 2 Individual Temperature,112,SECSGEM/uHGemHT9045_EC.cpp#L112
1622,FT_8_TYPE,Ab 2 Individual Temperature,,&IniConfig.dSingleTempLimit[tcAb2],60,-60,0,Ab 2 Individual Temperature,113,SECSGEM/uHGemHT9045_EC.cpp#L113
1623,FT_8_TYPE,Ac 2 Individual Temperature,,&IniConfig.dSingleTempLimit[tcAc2],60,-60,0,Ac 2 Individual Temperature,114,SECSGEM/uHGemHT9045_EC.cpp#L114
1624,FT_8_TYPE,Ad 2 Individual Temperature,,&IniConfig.dSingleTempLimit[tcAd2],60,-60,0,Ad 2 Individual Temperature,115,SECSGEM/uHGemHT9045_EC.cpp#L115
1625,FT_8_TYPE,Ba 2 Individual Temperature,,&IniConfig.dSingleTempLimit[tcBa2],60,-60,0,Ba 2 Individual Temperature,116,SECSGEM/uHGemHT9045_EC.cpp#L116
1626,FT_8_TYPE,Bb 2 Individual Temperature,,&IniConfig.dSingleTempLimit[tcBb2],60,-60,0,Bb 2 Individual Temperature,117,SECSGEM/uHGemHT9045_EC.cpp#L117
1627,FT_8_TYPE,Bc 2 Individual Temperature,,&IniConfig.dSingleTempLimit[tcBc2],60,-60,0,Bc 2 Individual Temperature,118,SECSGEM/uHGemHT9045_EC.cpp#L118
1628,FT_8_TYPE,Bd 2 Individual Temperature,,&IniConfig.dSingleTempLimit[tcBd2],60,-60,0,Bd 2 Individual Temperature,119,SECSGEM/uHGemHT9045_EC.cpp#L119
1629,FT_8_TYPE,Heat Gun 1 Individual Temperature,,&IniConfig.dSingleTempLimit[tcHeatGun1],60,-60,0,Heat Gun 1 Individual Temperature,120,SECSGEM/uHGemHT9045_EC.cpp#L120
1630,FT_8_TYPE,Heat Gun 2 Individual Temperature,,&IniConfig.dSingleTempLimit[tcHeatGun2],60,-60,0,Heat Gun 2 Individual Temperature,121,SECSGEM/uHGemHT9045_EC.cpp#L121
1631,FT_8_TYPE,DUT 3 Individual Temperature,,&IniConfig.dSingleTempLimit[tcDUT3],60,-60,0,DUT 3 Individual Temperature,122,SECSGEM/uHGemHT9045_EC.cpp#L122
1632,FT_8_TYPE,DUT 4 Individual Temperature,,&IniConfig.dSingleTempLimit[tcDUT4],60,-60,0,DUT 4 Individual Temperature,123,SECSGEM/uHGemHT9045_EC.cpp#L123
1633,FT_8_TYPE,Socket Individual Temperature,,&IniConfig.dSingleTempLimit[tcSocket],60,-60,0,Socket Individual Temperature,124,SECSGEM/uHGemHT9045_EC.cpp#L124
1634,FT_8_TYPE,Ae 1 Individual Temperature,,&IniConfig.dSingleTempLimit[tcAe1],60,-60,0,Ae 1 Individual Temperature,125,SECSGEM/uHGemHT9045_EC.cpp#L125
1635,FT_8_TYPE,Af 1 Individual Temperature,,&IniConfig.dSingleTempLimit[tcAf1],60,-60,0,Af 1 Individual Temperature,126,SECSGEM/uHGemHT9045_EC.cpp#L126
1636,FT_8_TYPE,Ag 1 Individual Temperature,,&IniConfig.dSingleTempLimit[tcAg1],60,-60,0,Ag 1 Individual Temperature,127,SECSGEM/uHGemHT9045_EC.cpp#L127
1637,FT_8_TYPE,Ah 1 Individual Temperature,,&IniConfig.dSingleTempLimit[tcAh1],60,-60,0,Ah 1 Individual Temperature,128,SECSGEM/uHGemHT9045_EC.cpp#L128
1638,FT_8_TYPE,Be 1 Individual Temperature,,&IniConfig.dSingleTempLimit[tcBe1],60,-60,0,Be 1 Individual Temperature,129,SECSGEM/uHGemHT9045_EC.cpp#L129
1639,FT_8_TYPE,Bf 1 Individual Temperature,,&IniConfig.dSingleTempLimit[tcBf1],60,-60,0,Bf 1 Individual Temperature,130,SECSGEM/uHGemHT9045_EC.cpp#L130
1640,FT_8_TYPE,Bg 1 Individual Temperature,,&IniConfig.dSingleTempLimit[tcBg1],60,-60,0,Bg 1 Individual Temperature,131,SECSGEM/uHGemHT9045_EC.cpp#L131
1641,FT_8_TYPE,Bh 1 Individual Temperature,,&IniConfig.dSingleTempLimit[tcBh1],60,-60,0,Bh 1 Individual Temperature,132,SECSGEM/uHGemHT9045_EC.cpp#L132
1642,FT_8_TYPE,Ae 2 Individual Temperature,,&IniConfig.dSingleTempLimit[tcAe2],60,-60,0,Ae 2 Individual Temperature,133,SECSGEM/uHGemHT9045_EC.cpp#L133
1643,FT_8_TYPE,Af 2 Individual Temperature,,&IniConfig.dSingleTempLimit[tcAf2],60,-60,0,Af 2 Individual Temperature,134,SECSGEM/uHGemHT9045_EC.cpp#L134
1644,FT_8_TYPE,Ag 2 Individual Temperature,,&IniConfig.dSingleTempLimit[tcAg2],60,-60,0,Ag 2 Individual Temperature,135,SECSGEM/uHGemHT9045_EC.cpp#L135
1645,FT_8_TYPE,Ah 2 Individual Temperature,,&IniConfig.dSingleTempLimit[tcAh2],60,-60,0,Ah 2 Individual Temperature,136,SECSGEM/uHGemHT9045_EC.cpp#L136
1646,FT_8_TYPE,Be 2 Individual Temperature,,&IniConfig.dSingleTempLimit[tcBe2],60,-60,0,Be 2 Individual Temperature,137,SECSGEM/uHGemHT9045_EC.cpp#L137
1647,FT_8_TYPE,Bf 2 Individual Temperature,,&IniConfig.dSingleTempLimit[tcBf2],60,-60,0,Bf 2 Individual Temperature,138,SECSGEM/uHGemHT9045_EC.cpp#L138
1648,FT_8_TYPE,Bg 2 Individual Temperature,,&IniConfig.dSingleTempLimit[tcBg2],60,-60,0,Bg 2 Individual Temperature,139,SECSGEM/uHGemHT9045_EC.cpp#L139
1649,FT_8_TYPE,Bh 2 Individual Temperature,,&IniConfig.dSingleTempLimit[tcBh2],60,-60,0,Bh 2 Individual Temperature,140,SECSGEM/uHGemHT9045_EC.cpp#L140
1701,BOOLEAN_TYPE,Check 2DID allow list function,,&TestIF_File.b2DIDAllowList,,,,Check 2DID allow list function,141,SECSGEM/uHGemHT9045_EC.cpp#L141
2001,FT_8_TYPE,Arm Total Force KG,KG,&DeviceForm_File.dPress,,,,Arm Total Force KG,142,SECSGEM/uHGemHT9045_EC.cpp#L142
2010,INT_4_TYPE,Head Device Count,,&DeviceForm_File.iHeadDeviceCT,6,2,2,2:1 Device with 1 Compliance Unit; 3:2 Device with 1 Compliance Unit; 4:4 Device with 1 Compliance Unit; 5:2 Device with 4 Compliance Unit; 6:8 Device with 1 Compliance Unit;,143,SECSGEM/uHGemHT9045_EC.cpp#L143
2011,FT_8_TYPE,X-Dimension,mm,&DeviceForm_File.XDimension,,1,3,X Dimension of IC,144,SECSGEM/uHGemHT9045_EC.cpp#L144
2012,FT_8_TYPE,Y-Dimension,mm,&DeviceForm_File.YDimension,,1,3,Y Dimension of IC,145,SECSGEM/uHGemHT9045_EC.cpp#L145
2013,FT_8_TYPE,Kit Diameter,,&DeviceForm_File.dKitDiameter,3,0,0,0: 30mm; 1: 40mm; 2: 60mm;  3: 56mm;,146,SECSGEM/uHGemHT9045_EC.cpp#L146
2021,FT_8_TYPE,Die Force KG,Kg,&DeviceForm_File.DoubleForce,2,1.0,120.0,Die Force KG,148,SECSGEM/uHGemHT9045_EC.cpp#L148
2022,INT_4_TYPE,The no of pins on die,,&DeviceForm_File.iPinOfDie,,10,2000,The no of pins on die,149,SECSGEM/uHGemHT9045_EC.cpp#L149
2023,INT_4_TYPE,Die Force Kit Diameter,,&DeviceForm_File.dDieForceKitDiameter,,,,Die Force Kit Diameter,150,SECSGEM/uHGemHT9045_EC.cpp#L150
2266,BOOLEAN_TYPE,ContiFail(Socket) Auto Site Off Func,,&TestIF_File.bLowYieldAutoSiteOffByContiFail,1,0,0,0: OFF; 1: ON,152,SECSGEM/uHGemHT9045_EC.cpp#L152
2267,BOOLEAN_TYPE,ContiFail(Head) Auto Site Off Func,,&TestIF_File.bLowYieldAutoSiteOffArmContiFail,1,0,0,0: OFF; 1: ON,153,SECSGEM/uHGemHT9045_EC.cpp#L153
2268,BOOLEAN_TYPE,By Arm Per Site Differ Yields Auto Site Off Func,,&TestIF_File.bLowYieldAutoSiteOffByArmSite,1,0,0,0: OFF; 1: ON,154,SECSGEM/uHGemHT9045_EC.cpp#L154
2269,BOOLEAN_TYPE,By Socket Compare Yield Auto Site Off Func,,&TestIF_File.bLowYieldAutoSiteOff,1,0,0,0: OFF; 1: ON,155,SECSGEM/uHGemHT9045_EC.cpp#L155
2270,BOOLEAN_TYPE,By Picker Compare Yield Auto Site Off Func,,&TestIF_File.bLowYieldAutoSiteOffByPicker,1,0,0,0: OFF; 1: ON,156,SECSGEM/uHGemHT9045_EC.cpp#L156
2501,FT_8_TYPE,Input Arm Vacuum Wait,Second,&ArmSpeed_File[InArm].dVacuumTI,10,0.01,0.01,Input Arm Vacuum wait time,158,SECSGEM/uHGemHT9045_EC.cpp#L158
2502,FT_8_TYPE,Index Arm Vacuum Wait,Second,&ArmSpeed_File[IndexArm].dVacuumTI,10,0.01,0.01,Index Arm Vacuum wait time,159,SECSGEM/uHGemHT9045_EC.cpp#L159
2503,FT_8_TYPE,Output Arm Vacuum Wait,Second,&ArmSpeed_File[OutArm].dVacuumTI,10,0.01,0.01,Output Arm Vacuum wait time,160,SECSGEM/uHGemHT9045_EC.cpp#L160
2504,FT_8_TYPE,Tray Arm Vacuum Wait,Second,&ArmSpeed_File[TrayArm].dVacuumTI,10,0.01,0.01,Tray Arm Vacuum wait time,161,SECSGEM/uHGemHT9045_EC.cpp#L161
2511,FT_8_TYPE,Input Arm Destroy Wait,Second,&ArmSpeed_File[InArm].dCTAirOn,10,0.01,0.01,Input Arm Destroy wait time,162,SECSGEM/uHGemHT9045_EC.cpp#L162
2512,FT_8_TYPE,Index Arm Destroy Wait,Second,&ArmSpeed_File[IndexArm].dCTAirOn,10,0.01,0.01,Index Arm Destroy wait time,163,SECSGEM/uHGemHT9045_EC.cpp#L163
2513,FT_8_TYPE,Output Arm Destroy Wait,Second,&ArmSpeed_File[OutArm].dCTAirOn,10,0.01,0.01,Output Arm Destroy wait time,164,SECSGEM/uHGemHT9045_EC.cpp#L164
2514,FT_8_TYPE,Tray Arm Destroy Wait,Second,&ArmSpeed_File[TrayArm].dCTAirOn,10,0.01,0.01,Tray Arm Destroy wait time,165,SECSGEM/uHGemHT9045_EC.cpp#L165
2521,BOOLEAN_TYPE,Input Arm Vacuum Pre On,,&ArmSpeed_File[InArm].bSuckOnDown,,,,Input Arm Vacuum pre-on,166,SECSGEM/uHGemHT9045_EC.cpp#L166
2522,BOOLEAN_TYPE,Index Arm Vacuum Pre On,,&ArmSpeed_File[IndexArm].bSuckOnDown,,,,Index Arm Vacuum pre-on,167,SECSGEM/uHGemHT9045_EC.cpp#L167
2523,BOOLEAN_TYPE,Output Arm Vacuum Pre On,,&ArmSpeed_File[OutArm].bSuckOnDown,,,,Output Arm Vacuum pre-on,168,SECSGEM/uHGemHT9045_EC.cpp#L168
2609,ASCII_TYPE,Device ID,,fLotInfo->edtDevice,,,,Operator ID,169,SECSGEM/uHGemHT9045_EC.cpp#L169
2611,INT_4_TYPE,Second Speed,Percentage,&DeviceForm_File.DropSpeed,100,1,1,Second Speed,170,SECSGEM/uHGemHT9045_EC.cpp#L170
2613,FT_8_TYPE,Arm1 Drop Height,mm,&DeviceForm_File.IndexDrop[0],30,0,0,Arm1 Drop Height,171,SECSGEM/uHGemHT9045_EC.cpp#L171
2614,FT_8_TYPE,Arm2 Drop Height,mm,&DeviceForm_File.IndexDrop[1],30,0,0,Arm2 Drop Height,172,SECSGEM/uHGemHT9045_EC.cpp#L172
2615,FT_8_TYPE,Drop Wait Time,Second,&DeviceForm_File.DropWait,60,0,0,Drop Wait Time,173,SECSGEM/uHGemHT9045_EC.cpp#L173
2616,INT_4_TYPE,Contact Test Mode for HT9045,,&DeviceForm_File.ContactMode,6,0,0,0:Direct Contact Mode; 1:Drop Contact; 2:Direct & Soft Contact Mode; 3:TMOVE; 4:TMOVE Drop; 5:Direct Soft Contact; 6:Drop Soft Contact;,174,SECSGEM/uHGemHT9045_EC.cpp#L174
2617,INT_4_TYPE,Vacuum Mode,,&DeviceForm_File.VacuumMode,1,0,0,0:Vacuum ON Mode; 1:Vacuum OFF Mode;,175,SECSGEM/uHGemHT9045_EC.cpp#L175
2618,FT_8_TYPE,Up Wait Time,Second,&DeviceForm_File.UpWait,60,0,0,Up Wait Time,177,SECSGEM/uHGemHT9045_EC.cpp#L177
2619,INT_4_TYPE,Up Second Speed,Percentage,&DeviceForm_File.UpSpeed,100,1,1,Up Second Speed,178,SECSGEM/uHGemHT9045_EC.cpp#L178
2621,INT_4_TYPE,Pins per device,,&DeviceForm_File.iPinCT,10000,0,50,Pins per device,180,SECSGEM/uHGemHT9045_EC.cpp#L180
2622,FT_8_TYPE,Force per pin,G,&DeviceForm_File.ForcePerPinG,20.0,0.1,10.0,Force per pin (gf),181,SECSGEM/uHGemHT9045_EC.cpp#L181
2623,FT_8_TYPE,Arm1 Up Height,mm,&DeviceForm_File.IndexUp[0],30,0,0,Arm1 Up Height,182,SECSGEM/uHGemHT9045_EC.cpp#L182
2624,FT_8_TYPE,Arm2 Up Height,mm,&DeviceForm_File.IndexUp[1],30,0,0,Arm2 Up Height,183,SECSGEM/uHGemHT9045_EC.cpp#L183
2632,BOOLEAN_TYPE,Height Include Shuttle,,fContact->chkShuttle,1,0,1,Height Include Shuttle,185,SECSGEM/uHGemHT9045_EC.cpp#L185
2633,BOOLEAN_TYPE,Shuttle Wait Outside Chamber,,&DeviceForm_File.bShuttleWaitingOutSiteChamber,1,0,0,0: OFF; 1: ON,186,SECSGEM/uHGemHT9045_EC.cpp#L186
2634,BOOLEAN_TYPE,Pick Shuttle Device After Tested,,&DeviceForm_File.bSuckShuttleDeviceAfterTested,1,0,0,0: OFF; 1: ON,187,SECSGEM/uHGemHT9045_EC.cpp#L187
2635,BOOLEAN_TYPE,Pick Shuttle Device Together (32Site_N),,&DeviceForm_File.bPickShuttleDeviceTogether,1,0,0,0: OFF; 1: ON,188,SECSGEM/uHGemHT9045_EC.cpp#L188
2650,INT_4_TYPE,Auto 4 Tray Type,,&TrayForm.AutoFromEmptyColor[FT][eAuto4],2,0,0,0:Empty; 1:Color; 2: Auto2 ,191,SECSGEM/uHGemHT9045_EC.cpp#L191
2651,INT_4_TYPE,Auto 5 Tray Type,,&TrayForm.AutoFromEmptyColor[FT][eAuto5],2,0,0,0:Empty; 1:Color; 2: Auto2 ,192,SECSGEM/uHGemHT9045_EC.cpp#L192
2652,INT_4_TYPE,Auto 6 Tray Type,,&TrayForm.AutoFromEmptyColor[FT][eAuto6],2,0,0,0:Empty; 1:Color; 2: Auto2 ,193,SECSGEM/uHGemHT9045_EC.cpp#L193
2653,INT_4_TYPE,Auto 4 Tray Type for RT,,&TrayForm.AutoFromEmptyColor[RT][eAuto4],2,0,0,0:Empty; 1:Color; 2: Auto2 ,194,SECSGEM/uHGemHT9045_EC.cpp#L194
2654,INT_4_TYPE,Auto 5 Tray Type for RT,,&TrayForm.AutoFromEmptyColor[RT][eAuto5],2,0,0,0:Empty; 1:Color; 2: Auto2 ,195,SECSGEM/uHGemHT9045_EC.cpp#L195
2655,INT_4_TYPE,Auto 6 Tray Type for RT,,&TrayForm.AutoFromEmptyColor[RT][eAuto6],2,0,0,0:Empty; 1:Color; 2: Auto2 ,196,SECSGEM/uHGemHT9045_EC.cpp#L196
2656,INT_4_TYPE,Auto 4 Tray Direction,,&TrayForm.Auto[eAuto4].Direction,3,0,0,Auto 4 Tray Direction,197,SECSGEM/uHGemHT9045_EC.cpp#L197
2657,INT_4_TYPE,Auto 5 Tray Direction,,&TrayForm.Auto[eAuto5].Direction,3,0,0,Auto 5 Tray Direction,198,SECSGEM/uHGemHT9045_EC.cpp#L198
2658,INT_4_TYPE,Auto 6 Tray Direction,,&TrayForm.Auto[eAuto6].Direction,3,0,0,Auto 6 Tray Direction,199,SECSGEM/uHGemHT9045_EC.cpp#L199
2659,INT_4_TYPE,Fix 4 Tray Direction,,&TrayForm.Auto[eFix4].Direction,3,0,0,Fix 4 Tray Direction,200,SECSGEM/uHGemHT9045_EC.cpp#L200
2660,INT_4_TYPE,Fix 5 Tray Direction,,&TrayForm.Auto[eFix5].Direction,3,0,0,Fix 5 Tray Direction,201,SECSGEM/uHGemHT9045_EC.cpp#L201
2661,INT_4_TYPE,Fix 6 Tray Direction,,&TrayForm.Auto[eFix6].Direction,3,0,0,Fix 6 Tray Direction,202,SECSGEM/uHGemHT9045_EC.cpp#L202
2662,INT_4_TYPE,Fix 4 Tray Type Index,,&TrayForm.Auto[eFix4].iTrayType,2,0,0,0:Type 1; 1:Type 2; 2:Type 3 ,203,SECSGEM/uHGemHT9045_EC.cpp#L203
2663,INT_4_TYPE,Fix 5 Tray Type Index,,&TrayForm.Auto[eFix5].iTrayType,2,0,0,0:Type 1; 1:Type 2; 2:Type 3 ,204,SECSGEM/uHGemHT9045_EC.cpp#L204
2664,INT_4_TYPE,Fix 6 Tray Type Index,,&TrayForm.Auto[eFix6].iTrayType,2,0,0,0:Type 1; 1:Type 2; 2:Type 3 ,205,SECSGEM/uHGemHT9045_EC.cpp#L205
2701,INT_4_TYPE,Tray Type,,&TrayForm.LodareType,1,0,0,0:Same; 1:Defferent,207,SECSGEM/uHGemHT9045_EC.cpp#L207
2702,INT_4_TYPE,Loader Tray Type,,&TrayForm.LoaderToEmptyColor[FT],2,0,0,0:Empty; 1:Color; 2:Auto2 ,208,SECSGEM/uHGemHT9045_EC.cpp#L208
2703,INT_4_TYPE,Auto1 Tray Type,,&TrayForm.AutoFromEmptyColor[FT][eAuto1],2,0,0,0:Empty; 1:Color; 2:Auto2 ,209,SECSGEM/uHGemHT9045_EC.cpp#L209
2704,INT_4_TYPE,Auto2 Tray Type,,&TrayForm.AutoFromEmptyColor[FT][eAuto2],2,0,0,0:Empty; 1:Color; 2:Auto2 ,210,SECSGEM/uHGemHT9045_EC.cpp#L210
2705,INT_4_TYPE,Auto3 Tray Type,,&TrayForm.AutoFromEmptyColor[FT][eAuto3],2,0,0,0:Empty; 1:Color; 2:Auto2 ,211,SECSGEM/uHGemHT9045_EC.cpp#L211
2706,INT_4_TYPE,Loader Tray Type for RT,,&TrayForm.LoaderToEmptyColor[RT],2,0,0,0:Empty; 1:Color; 2:Auto2 ,212,SECSGEM/uHGemHT9045_EC.cpp#L212
2707,INT_4_TYPE,Auto1 Tray Type for RT,,&TrayForm.AutoFromEmptyColor[RT][eAuto1],2,0,0,0:Empty; 1:Color; 2:Auto2 ,213,SECSGEM/uHGemHT9045_EC.cpp#L213
2708,INT_4_TYPE,Auto2 Tray Type for RT,,&TrayForm.AutoFromEmptyColor[RT][eAuto2],2,0,0,0:Empty; 1:Color; 2:Auto2 ,214,SECSGEM/uHGemHT9045_EC.cpp#L214
2709,INT_4_TYPE,Auto3 Tray Type for RT,,&TrayForm.AutoFromEmptyColor[RT][eAuto3],2,0,0,0:Empty; 1:Color; 2:Auto2 ,215,SECSGEM/uHGemHT9045_EC.cpp#L215
2710,INT_4_TYPE,Fix Tray Mode,,&TrayForm.iFixTrayMode,1,0,0,0:Full Bin; 1:Up Down;,216,SECSGEM/uHGemHT9045_EC.cpp#L216
2711,INT_4_TYPE,Loader Tray Direction,,&TrayForm.Loader.Direction,3,0,0,Loader Tray Direction,217,SECSGEM/uHGemHT9045_EC.cpp#L217
2712,INT_4_TYPE,Loader Tray Mode,,&TrayForm.iManualRemoveLoader,2,0,1,0:None; 1:When Loader had skip device need remove loader tray manually; 2:When Loader had skip device need open the door to check the tray;,218,SECSGEM/uHGemHT9045_EC.cpp#L218
2713,BOOLEAN_TYPE,Auto Tray Feed,,&TrayForm.bAutoFeed,1,0,1,,219,SECSGEM/uHGemHT9045_EC.cpp#L219
2721,INT_4_TYPE,Auto1 Tray Direction,,&TrayForm.Auto[eAuto1].Direction,3,0,0,Auto1 Tray Direction,220,SECSGEM/uHGemHT9045_EC.cpp#L220
2722,INT_4_TYPE,Auto2 Tray Direction,,&TrayForm.Auto[eAuto2].Direction,3,0,0,Auto2 Tray Direction,221,SECSGEM/uHGemHT9045_EC.cpp#L221
2723,INT_4_TYPE,Auto3 Tray Direction,,&TrayForm.Auto[eAuto3].Direction,3,0,0,Auto3 Tray Direction,222,SECSGEM/uHGemHT9045_EC.cpp#L222
2731,INT_4_TYPE,Fix1 Tray Direction,,&TrayForm.Auto[eFix1].Direction,3,0,0,Fix1 Tray Direction,223,SECSGEM/uHGemHT9045_EC.cpp#L223
2732,INT_4_TYPE,Fix2 Tray Direction,,&TrayForm.Auto[eFix2].Direction,3,0,0,Fix2 Tray Direction,224,SECSGEM/uHGemHT9045_EC.cpp#L224
2733,INT_4_TYPE,Fix3 Tray Direction,,&TrayForm.Auto[eFix3].Direction,3,0,0,Fix3 Tray Direction,225,SECSGEM/uHGemHT9045_EC.cpp#L225
2734,INT_4_TYPE,Loader Tray Type Index,,&TrayForm.Loader.iTrayType,2,0,0,0:Type 1; 1:Type 2; 2:Type 3 ,226,SECSGEM/uHGemHT9045_EC.cpp#L226
2735,INT_4_TYPE,Empty Tray Type Index,,&TrayForm.Empty.iTrayType,2,0,0,0:Type 1; 1:Type 2; 2:Type 3 ,227,SECSGEM/uHGemHT9045_EC.cpp#L227
2736,INT_4_TYPE,Color Tray Type Index,,&TrayForm.Color.iTrayType,2,0,0,0:Type 1; 1:Type 2; 2:Type 3 ,228,SECSGEM/uHGemHT9045_EC.cpp#L228
2737,INT_4_TYPE,Fix1 Tray Type Index,,&TrayForm.Auto[eFix1].iTrayType,2,0,0,0:Type 1; 1:Type 2; 2:Type 3 ,229,SECSGEM/uHGemHT9045_EC.cpp#L229
2738,INT_4_TYPE,Fix2 Tray Type Index,,&TrayForm.Auto[eFix2].iTrayType,2,0,0,0:Type 1; 1:Type 2; 2:Type 3 ,230,SECSGEM/uHGemHT9045_EC.cpp#L230
2739,INT_4_TYPE,Fix3 Tray Type Index,,&TrayForm.Auto[eFix3].iTrayType,2,0,0,0:Type 1; 1:Type 2; 2:Type 3 ,231,SECSGEM/uHGemHT9045_EC.cpp#L231
2758,FT_8_TYPE,Type 1 Tray Pitch X,mm,&UserDefForm_File[0].XPitch,,,,Type 1 Tray Pitch X,232,SECSGEM/uHGemHT9045_EC.cpp#L232
2759,FT_8_TYPE,Type 1 Tray Pitch Y,mm,&UserDefForm_File[0].YPitch,,,,Type 1 Tray Pitch Y,233,SECSGEM/uHGemHT9045_EC.cpp#L233
2760,FT_8_TYPE,Type 1 Tray Start Position X,mm,&UserDefForm_File[0].XStart,,,,Type 1 Tray Start Position X,234,SECSGEM/uHGemHT9045_EC.cpp#L234
2761,FT_8_TYPE,Type 1 Tray Start Position Y,mm,&UserDefForm_File[0].YStart,,,,Type 1 Tray Start Position Y,235,SECSGEM/uHGemHT9045_EC.cpp#L235
2762,INT_4_TYPE,Type 1 Tray Division X,,&UserDefForm_File[0].XDivision,,,,Type 1 Tray Division X,236,SECSGEM/uHGemHT9045_EC.cpp#L236
2763,INT_4_TYPE,Type 1 Tray Division Y,,&UserDefForm_File[0].YDivision,,,,Type 1 Tray Division Y,237,SECSGEM/uHGemHT9045_EC.cpp#L237
2764,FT_8_TYPE,Type 1 Tray Pick Up,mm,&UserDefForm_File[0].iPickUp,,,,Type 1 Tray Pick Up,238,SECSGEM/uHGemHT9045_EC.cpp#L238
2766,INT_4_TYPE,Type 1 Tray Block Num X,,&UserDefForm_File[0].BlockNumberX,,,,Type 1 Tray Block Num X,239,SECSGEM/uHGemHT9045_EC.cpp#L239
2767,INT_4_TYPE,Type 1 Tray Block Num Y,,&UserDefForm_File[0].BlockNumberY,,,,Type 1 Tray Block Num Y,240,SECSGEM/uHGemHT9045_EC.cpp#L240
2768,FT_8_TYPE,Type 1 Tray Block Pitch X,mm,&UserDefForm_File[0].BlockPitchX,,,,Type 1 Tray Block Pitch X,241,SECSGEM/uHGemHT9045_EC.cpp#L241
2769,FT_8_TYPE,Type 1 Tray Block Pitch Y,mm,&UserDefForm_File[0].BlockPitchY,,,,Type 1 Tray Block Pitch Y,242,SECSGEM/uHGemHT9045_EC.cpp#L242
2771,FT_8_TYPE,Type 2 Tray Pitch X,mm,&UserDefForm_File[1].XPitch,,,,Type 2 Tray Pitch X,243,SECSGEM/uHGemHT9045_EC.cpp#L243
2772,FT_8_TYPE,Type 2 Tray Pitch Y,mm,&UserDefForm_File[1].YPitch,,,,Type 2 Tray Pitch Y,244,SECSGEM/uHGemHT9045_EC.cpp#L244
2773,FT_8_TYPE,Type 2 Tray Start Position X,mm,&UserDefForm_File[1].XStart,,,,Type 2 Tray Start Position X,245,SECSGEM/uHGemHT9045_EC.cpp#L245
2774,FT_8_TYPE,Type 2 Tray Start Position Y,mm,&UserDefForm_File[1].YStart,,,,Type 2 Tray Start Position Y,246,SECSGEM/uHGemHT9045_EC.cpp#L246
2775,INT_4_TYPE,Type 2 Tray Division X,,&UserDefForm_File[1].XDivision,,,,Type 2 Tray Division X,247,SECSGEM/uHGemHT9045_EC.cpp#L247
2776,INT_4_TYPE,Type 2 Tray Division Y,,&UserDefForm_File[1].YDivision,,,,Type 2 Tray Division Y,248,SECSGEM/uHGemHT9045_EC.cpp#L248
2777,FT_8_TYPE,Type 2 Tray Pick Up,mm,&UserDefForm_File[1].iPickUp,,,,Type 2 Tray Pick Up,249,SECSGEM/uHGemHT9045_EC.cpp#L249
2778,ASCII_TYPE,Type 2 Tray Memo,,&UserDefForm_File[1].cMemo,,,,Type 2 Tray Memo,250,SECSGEM/uHGemHT9045_EC.cpp#L250
2779,INT_4_TYPE,Type 2 Tray Block Num X,,&UserDefForm_File[1].BlockNumberX,,,,Type 2 Tray Block Num X,251,SECSGEM/uHGemHT9045_EC.cpp#L251
2780,INT_4_TYPE,Type 2 Tray Block Num Y,,&UserDefForm_File[1].BlockNumberY,,,,Type 2 Tray Block Num Y,252,SECSGEM/uHGemHT9045_EC.cpp#L252
2781,FT_8_TYPE,Type 2 Tray Block Pitch X,mm,&UserDefForm_File[1].BlockPitchX,,,,Type 2 Tray Block Pitch X,253,SECSGEM/uHGemHT9045_EC.cpp#L253
2782,FT_8_TYPE,Type 2 Tray Block Pitch Y,mm,&UserDefForm_File[1].BlockPitchY,,,,Type 2 Tray Block Pitch Y,254,SECSGEM/uHGemHT9045_EC.cpp#L254
2783,ASCII_TYPE,Type 3 Tray Name,,&UserDefForm_File[2].Alias,,,,Type 3 Tray Name,255,SECSGEM/uHGemHT9045_EC.cpp#L255
2784,FT_8_TYPE,Type 3 Tray Pitch X,mm,&UserDefForm_File[2].XPitch,,,,Type 3 Tray Pitch X,256,SECSGEM/uHGemHT9045_EC.cpp#L256
2785,FT_8_TYPE,Type 3 Tray Pitch Y,mm,&UserDefForm_File[2].YPitch,,,,Type 3 Tray Pitch Y,257,SECSGEM/uHGemHT9045_EC.cpp#L257
2786,FT_8_TYPE,Type 3 Tray Start Position X,mm,&UserDefForm_File[2].XStart,,,,Type 3 Tray Start Position X,258,SECSGEM/uHGemHT9045_EC.cpp#L258
2787,FT_8_TYPE,Type 3 Tray Start Position Y,mm,&UserDefForm_File[2].YStart,,,,Type 3 Tray Start Position Y,259,SECSGEM/uHGemHT9045_EC.cpp#L259
2788,INT_4_TYPE,Type 3 Tray Division X,,&UserDefForm_File[2].XDivision,,,,Type 3 Tray Division X,260,SECSGEM/uHGemHT9045_EC.cpp#L260
2789,INT_4_TYPE,Type 3 Tray Division Y,,&UserDefForm_File[2].YDivision,,,,Type 3 Tray Division Y,261,SECSGEM/uHGemHT9045_EC.cpp#L261
2790,FT_8_TYPE,Type 3 Tray Pick Up,mm,&UserDefForm_File[2].iPickUp,,,,Type 3 Tray Pick Up,262,SECSGEM/uHGemHT9045_EC.cpp#L262
2791,ASCII_TYPE,Type 3 Tray Memo,,&UserDefForm_File[2].cMemo,,,,Type 3 Tray Memo,263,SECSGEM/uHGemHT9045_EC.cpp#L263
2792,INT_4_TYPE,Type 3 Tray Block Num X,,&UserDefForm_File[2].BlockNumberX,,,,Type 3 Tray Block Num X,264,SECSGEM/uHGemHT9045_EC.cpp#L264
2793,INT_4_TYPE,Type 3 Tray Block Num Y,,&UserDefForm_File[2].BlockNumberY,,,,Type 3 Tray Block Num Y,265,SECSGEM/uHGemHT9045_EC.cpp#L265
2794,FT_8_TYPE,Type 3 Tray Block Pitch X,mm,&UserDefForm_File[2].BlockPitchX,,,,Type 3 Tray Block Pitch X,266,SECSGEM/uHGemHT9045_EC.cpp#L266
2795,FT_8_TYPE,Type 3 Tray Block Pitch Y,mm,&UserDefForm_File[2].BlockPitchY,,,,Type 3 Tray Block Pitch Y,267,SECSGEM/uHGemHT9045_EC.cpp#L267
2796,ASCII_TYPE,Bin Box Name,,&UserDefForm_File[3].Alias,,,,Bin Box Name,268,SECSGEM/uHGemHT9045_EC.cpp#L268
2797,INT_4_TYPE,Bin Box Alarm Count,,&UserDefForm_File[3].iBinBoxAlarm,5000,100,100,Bin Box Alarm Count,269,SECSGEM/uHGemHT9045_EC.cpp#L269
2798,INT_4_TYPE,Bin Box Current Count,,&LastSet.iBinBoxCount,,5,,Bin Box Current Count,270,SECSGEM/uHGemHT9045_EC.cpp#L270
2799,INT_4_TYPE,Device Direction,,&UserDefForm_File[3].iDeviceDirection,,,,0: 0 deg; 1: 90 deg; 2: 180 deg; 3: 270 deg; ,271,SECSGEM/uHGemHT9045_EC.cpp#L271
2800,INT_4_TYPE,Tray Direction,,&UserDefForm_File[3].iTrayDirection,,,,0: 0 deg; 1: 180 deg; ,272,SECSGEM/uHGemHT9045_EC.cpp#L272
2801,ASCII_TYPE,Hot Plate Form Select,,&HotPlateForm_File.Alias,,,,Hot Plate Form Select,273,SECSGEM/uHGemHT9045_EC.cpp#L273
2802,INT_4_TYPE,Hot Plate Use Select,,&HotPlateForm_File.iPlateSelect,2,0,0,0:Dual Plate; 1:Plate1 Only; 2:Plate2 Only,274,SECSGEM/uHGemHT9045_EC.cpp#L274
2804,BOOLEAN_TYPE,Use Wide Hotplate,,&HotPlateForm_File.bUseWideHotplate,,,,Use Wide Hotplate,275,SECSGEM/uHGemHT9045_EC.cpp#L275
2811,FT_8_TYPE,Hot Plate Pitch X,mm,&HotPlateForm_File.XPitch,160,1,,Hot Plate Pitch X,276,SECSGEM/uHGemHT9045_EC.cpp#L276
2812,FT_8_TYPE,Hot Plate Pitch Y,mm,&HotPlateForm_File.YPitch,200,1,,Hot Plate Pitch Y,277,SECSGEM/uHGemHT9045_EC.cpp#L277
2813,FT_8_TYPE,Hot Plate Start Position X,mm,&HotPlateForm_File.XStart,160,1,,Hot Plate Start Position X,278,SECSGEM/uHGemHT9045_EC.cpp#L278
2814,FT_8_TYPE,Hot Plate Start Position Y,mm,&HotPlateForm_File.YStart,200,1,,Hot Plate Start Position Y,279,SECSGEM/uHGemHT9045_EC.cpp#L279
2815,INT_4_TYPE,Hot Plate Division X,,&HotPlateForm_File.XDivision,20,1,,Hot Plate Division X,280,SECSGEM/uHGemHT9045_EC.cpp#L280
2816,INT_4_TYPE,Hot Plate Division Y,,&HotPlateForm_File.YDivision,40,1,,Hot Plate Division Y,281,SECSGEM/uHGemHT9045_EC.cpp#L281
2819,FT_8_TYPE,Type 1 Tray Thickness,mm,&UserDefForm[0].ZDepth,,,,Type 1 Tray Thickness,282,SECSGEM/uHGemHT9045_EC.cpp#L282
2820,FT_8_TYPE,Type 2 Tray Thickness,mm,&UserDefForm[1].ZDepth,,,,Type 2 Tray Thickness,283,SECSGEM/uHGemHT9045_EC.cpp#L283
2821,FT_8_TYPE,Type 3 Tray Thickness,mm,&UserDefForm[2].ZDepth,,,,Type 3 Tray Thickness,284,SECSGEM/uHGemHT9045_EC.cpp#L284
3400,INT_4_TYPE,Interface Type for HT9045,,&TestIF_File.iTestType,2,0,1,0: DIO; 1: GP-IB; 2: RS232;,285,SECSGEM/uHGemHT9045_EC.cpp#L285
3401,INT_4_TYPE,GPIB Mode for HT9045,,&TestIF_File.iGpibMode,4,0,0,0: Advan type1; 1: 256 Bin; 2: SPEA Type; ,286,SECSGEM/uHGemHT9045_EC.cpp#L286
3402,INT_4_TYPE,RS232 Mode for HT9045,,&TestIF_File.iRs232Mode,0,0,0,0: Standard; ,287,SECSGEM/uHGemHT9045_EC.cpp#L287
3403,INT_4_TYPE,RS232 Max Bin Count,,&TestIF_File.iRs232MaxBinCount,99,15,15,RS232 Max Bin Count,288,SECSGEM/uHGemHT9045_EC.cpp#L288
3405,FT_8_TYPE,Initial Start Delay Time,Second,&TestIF_File.dInitStartDelayTime,,,,Initial Start Delay Time,289,SECSGEM/uHGemHT9045_EC.cpp#L289
3406,INT_4_TYPE,Initial Start Delay Count,,&TestIF_File.iInitStartDelayTimeCT,,,,Initial Start Delay Count,290,SECSGEM/uHGemHT9045_EC.cpp#L290
3407,FT_8_TYPE,Initial Testing Stop Wait Time,Second,&TestIF_File.dInitWaitTime,,,,Testing Need Stop All Motor,291,SECSGEM/uHGemHT9045_EC.cpp#L291
3408,FT_8_TYPE,Testing Stop Wait Time,Second,&TestIF_File.dTestingWaitTime,,,,Testing Need Stop All Motor,292,SECSGEM/uHGemHT9045_EC.cpp#L292
3409,BOOLEAN_TYPE,Enable Start Delay in Every First Device,,&TestIF_File.bEveryFirstDeviceUseInitialDelay,1,0,0,Enable Start Delay in Every First Device,293,SECSGEM/uHGemHT9045_EC.cpp#L293
3410,BOOLEAN_TYPE,Enable Start Delay After Show Alarm Message,,&TestIF_File.bAfterShowAlarmMessageUseInitialDelay,1,0,0,Enable Start Delay After Show Alarm Message,294,SECSGEM/uHGemHT9045_EC.cpp#L294
3411,BOOLEAN_TYPE,Enable Start Delay When Test Time is Fast,,&TestIF_File.bWhenHappenTestedTimeBelowUseInitialDelay,1,0,0,Enable Start Delay When Test Time is Fast,295,SECSGEM/uHGemHT9045_EC.cpp#L295
3412,FT_8_TYPE,Enable Start Delay Test Time,Second,&TestIF_File.iEveryFirstDeviceUseInitialDelay,,,,Enable Start Delay Test Time,296,SECSGEM/uHGemHT9045_EC.cpp#L296
3413,FT_8_TYPE,Enable Start Delay Time,Second,&TestIF_File.iInitialDelay,,,,Enable Start Delay Time,297,SECSGEM/uHGemHT9045_EC.cpp#L297
3414,FT_8_TYPE,After Tested Delay,Second,&TestIF_File.dAfterTestedDelay,,,,After Tested Delay,298,SECSGEM/uHGemHT9045_EC.cpp#L298
3450,ASCII_TYPE,Test Mode for HT9045,,&TestIF_File.sTestMode,,,,Single Site; 2-Site; 2-Site Busy Shuttle; In-Line 4-Site(1X4); 2-Site (2x1); Square 4-Site(2X2); Square 4-Site(2X2) Busy Shuttle; 8-Site; 12-Site; 16-Site; 32-Site N Mode; 32-Site M Mode;,299,SECSGEM/uHGemHT9045_EC.cpp#L299
3451,FT_8_TYPE,Site X Pitch for HT9045,,&TestIF_File.dSiteXPitch,120,10,40,Site X Pitch for HT9045,300,SECSGEM/uHGemHT9045_EC.cpp#L300
3452,FT_8_TYPE,Site Y Pitch for HT9045,,&TestIF_File.dSiteYPitch,80,10,60,Site Y Pitch for HT9045,301,SECSGEM/uHGemHT9045_EC.cpp#L301
3453,INT_4_TYPE,In Arm Y-Pitch,,&TestIF_File.iARM_Y_PITCH,1,0,0,0: 60mm; 1: 63.5mm; ,302,SECSGEM/uHGemHT9045_EC.cpp#L302
3454,BOOLEAN_TYPE,Enable Reat Time CCD,,&COM2->bCCDDummyRum,1,0,0,Enable Reat Time CCD,303,SECSGEM/uHGemHT9045_EC.cpp#L303
3455,BOOLEAN_TYPE,NS7000 Bias Kit,,&TestIF_File.bNS7000kit,1,0,0,NS7000 Bias Kit,304,SECSGEM/uHGemHT9045_EC.cpp#L304
3456,BOOLEAN_TYPE,NS7000 Change Socket,,&TestIF_File.bNS7000CS,1,0,0,NS7000 Change Socket,305,SECSGEM/uHGemHT9045_EC.cpp#L305
3457,BOOLEAN_TYPE,Rotate Shuttle,,&TestIF_File.bRotateShuttle,1,0,0,Rotate Shuttle,306,SECSGEM/uHGemHT9045_EC.cpp#L306
3458,BOOLEAN_TYPE,NS8000H Change Kit,,&TestIF_File.bNS8000CS,1,0,0,NS8000H Change Kit,307,SECSGEM/uHGemHT9045_EC.cpp#L307
3459,BOOLEAN_TYPE,Octal Site X Pitch 80mm,,&TestIF_File.bOctal_80Kit,1,0,0,Octal Site X Pitch 80mm,308,SECSGEM/uHGemHT9045_EC.cpp#L308
3460,BOOLEAN_TYPE,Octal Site Use 16 Site Layout Kit,,&TestIF_File.bOctal_16Kit,1,0,0,Octal Site Use 16 Site Layout Kit,309,SECSGEM/uHGemHT9045_EC.cpp#L309
3461,INT_4_TYPE,Shuttle Mode,,&TestIF_File.iShuttleMode,1,0,0,0: Normal; 1: One Side; ,310,SECSGEM/uHGemHT9045_EC.cpp#L310
3462,INT_4_TYPE,Shuttle Select,,&TestIF_File.iShuttle_Sel,1,0,0,0: Use Shuttle 1; 1: Use Shuttle 2; ,311,SECSGEM/uHGemHT9045_EC.cpp#L311
3463,BOOLEAN_TYPE,2x2 site use 2x4 Site Layout Kit,,&TestIF_File.bSquare_OctalKit,1,0,0,2x2 site use 2x4 Site Layout Kit,313,SECSGEM/uHGemHT9045_EC.cpp#L313
3464,BOOLEAN_TYPE,Octal site use 12 Site Layout Kit,,&TestIF_File.bOctal_12Kit,1,0,0,Octal site use 12 Site Layout Kit,314,SECSGEM/uHGemHT9045_EC.cpp#L314
3465,BOOLEAN_TYPE,12_16 Site Direct Heater Layout,,&TestIF_File.bUse32Heater,1,0,0,12_16 Site Direct Heater Layout,315,SECSGEM/uHGemHT9045_EC.cpp#L315
3466,BOOLEAN_TYPE,12 Site 10 Direct Heater Layout,,&TestIF_File.b12SiteUse10Heater,1,0,0,12 Site 10 Direct Heater Layout,316,SECSGEM/uHGemHT9045_EC.cpp#L316
3467,BOOLEAN_TYPE,Enable Arm 1 Pick Arm 2 Test Function,,&TestIF_File.bArm1PickPlaceArm2Test,1,0,0,Enable Arm 1 Pick Arm 2 Test Function by Setup File,317,SECSGEM/uHGemHT9045_EC.cpp#L317
3468,BOOLEAN_TYPE,Check Arm 2 Vacuum,,&TestIF_File.bCheckArm2Vacuum,1,0,0,In arm 1 pick arm 2 test function need check arm 2 vacuum,318,SECSGEM/uHGemHT9045_EC.cpp#L318
3471,BOOLEAN_TYPE,Socket sensor,,&TestIF_File.bEnSocketSensor,1,0,0,Socket sensor,320,SECSGEM/uHGemHT9045_EC.cpp#L320
3472,INT_4_TYPE,Socket sensor count,,&TestIF_File.iSocketCount,8,1,8,Socket sensor count,321,SECSGEM/uHGemHT9045_EC.cpp#L321
3473,BOOLEAN_TYPE,2 Cable Layout Kit,,&TestIF_File.b2CableLayoutKit,1,0,0,2 Cable Layout Kit,322,SECSGEM/uHGemHT9045_EC.cpp#L322
3474,BOOLEAN_TYPE,1 Cable Layout Kit,,&TestIF_File.b1CableLayoutKit,1,0,0,1 Cable Layout Kit,323,SECSGEM/uHGemHT9045_EC.cpp#L323
3511,ASCII_TYPE,TTL Mode,,&TestIF_File.sDioName,,,,TTL Mode,325,SECSGEM/uHGemHT9045_EC.cpp#L325
3512,BOOLEAN_TYPE,TTL Anti-Signal,,&TestIF_File.bAntiSignal,-1,0,0,FALSE:Start訊號不反向; TRUE:Start訊號反向,326,SECSGEM/uHGemHT9045_EC.cpp#L326
3517,INT_4_TYPE,GPIB Address,,&TestIF_File.iGpibAddress,30,1,1,GPIB Address,327,SECSGEM/uHGemHT9045_EC.cpp#L327
3521,FT_8_TYPE,Maximun Test Time,Second,&TestIF_File.iMaxTime,,,,Maximun Test Time,328,SECSGEM/uHGemHT9045_EC.cpp#L328
3522,FT_8_TYPE,Initial Maximun Test Time,Second,&TestIF_File.iInitialMaxTime,,,,Initial Maximun Test Time,329,SECSGEM/uHGemHT9045_EC.cpp#L329
3523,FT_8_TYPE,Start Delay Time,Second,&TestIF_File.dStartDelayTime,100,0.01,0.1,Start Signal Delay Time,330,SECSGEM/uHGemHT9045_EC.cpp#L330
3524,FT_8_TYPE,Dummy Test Time,Second,&TestIF_File.iDummyTime,,,,Dummy Test Time,331,SECSGEM/uHGemHT9045_EC.cpp#L331
3540,ASCII_TYPE,Site Aa to Dh Mapping,,fSetup->tSiteMap,,,,Site Aa to Dh Mapping; 0 is close site; CSV format,332,SECSGEM/uHGemHT9045_EC.cpp#L332
3543,BOOLEAN_TYPE,Use initial start delay in socket - Every first devices,,&TestIF_File.bEveryFirstDeviceUseInitialDelay,1,0,0,Use initial start delay in socket - Every first devices,334,SECSGEM/uHGemHT9045_EC.cpp#L334
3544,FT_8_TYPE,Use initial start delay in socket - Every first devices Delay Time,Second,&TestIF_File.iInitialDelay,,,,Use initial start delay in socket - Every first devices Delay Time,335,SECSGEM/uHGemHT9045_EC.cpp#L335
3545,BOOLEAN_TYPE,Use initial start delay in socket - After Show Alarm Message,,&TestIF_File.bAfterShowAlarmMessageUseInitialDelay,1,0,0,Use initial start delay in socket - After Show Alarm Message,336,SECSGEM/uHGemHT9045_EC.cpp#L336
3546,FT_8_TYPE,Use initial start delay in socket - After Show Alarm Message Delay Time,Second,&TestIF_File.iInitialDelay_2,,,,Use initial start delay in socket - After Show Alarm Message Delay Time,337,SECSGEM/uHGemHT9045_EC.cpp#L337
3547,BOOLEAN_TYPE,Use initial start delay in socket - After Auto Clean Function ,,&TestIF_File.bAfterAutoCleanFunctionUseInitialDelay,1,0,0,Use initial start delay in socket - After Auto Clean Function,338,SECSGEM/uHGemHT9045_EC.cpp#L338
3548,FT_8_TYPE,Use initial start delay in socket - After Auto Clean Function Delay Time,Second,&TestIF_File.iInitialDelay_3,,,,Use initial start delay in socket - After Auto Clean Function Delay Time,339,SECSGEM/uHGemHT9045_EC.cpp#L339
3549,BOOLEAN_TYPE,Use initial start delay in socket - After Open HeatDoor,,&TestIF_File.bAfterOpenHeatDoorUseInitialDelay,1,0,0,Use initial start delay in socket - After Open HeatDoor ,340,SECSGEM/uHGemHT9045_EC.cpp#L340
3550,FT_8_TYPE,Use initial start delay in socket - After Open HeatDoor Delay Time,Second,&TestIF_File.iInitialDelay_5,,,,Use initial start delay in socket - After Open HeatDoor Delay Time,341,SECSGEM/uHGemHT9045_EC.cpp#L341
3553,FT_8_TYPE,Use initial start delay in socket - When happen short tested time Delay Time,Second,&TestIF_File.iInitialDelay_4,,,,Use initial start delay in socket - When happen short tested time Delay Time,342,SECSGEM/uHGemHT9045_EC.cpp#L342
3554,BOOLEAN_TYPE,Use initial start delay in socket - Use when press stop over time,,&TestIF_File.bWhenPressStopOverUseInitialDelay,1,0,0,Use initial start delay in socket - Use when press stop over time,343,SECSGEM/uHGemHT9045_EC.cpp#L343
3555,FT_8_TYPE,Use initial start delay in socket - When press stop over time setting,Second,&TestIF_File.iWhenPressStopOver,,,,Use initial start delay in socket - When press stop over time setting,344,SECSGEM/uHGemHT9045_EC.cpp#L344
3556,FT_8_TYPE,Use initial start delay in socket - Delay time when press stop over time,Second,&TestIF_File.iInitialDelay_6,,,,Use initial start delay in socket - Delay time when press stop over time,345,SECSGEM/uHGemHT9045_EC.cpp#L345
3557,BOOLEAN_TYPE,Use initial start delay in socket - Use when test site is no full,,&TestIF_File.bWhenNoFullSiteUseInitialDelay,1,0,0,Use initial start delay in socket - Use when test site is no full,346,SECSGEM/uHGemHT9045_EC.cpp#L346
3558,FT_8_TYPE,Use initial start delay in socket - Delay time when test site is no full,Second,&TestIF_File.iInitialDelay_7,,,,Use initial start delay in socket - Delay time when test site is no full,347,SECSGEM/uHGemHT9045_EC.cpp#L347
3559,BOOLEAN_TYPE,Use initial start delay in socket - Use when EOT to SOT over time,,&TestIF_File.bTestFinishToNextTestOver,1,0,0,Use initial start delay in socket - Use when EOT to SOT over time,348,SECSGEM/uHGemHT9045_EC.cpp#L348
3560,FT_8_TYPE,Use initial start delay in socket - EOT to SOT over time setting,Second,&TestIF_File.iTestFinishToNextTestOver,,,,Use initial start delay in socket - EOT to SOT over time setting,349,SECSGEM/uHGemHT9045_EC.cpp#L349
3561,FT_8_TYPE,Use initial start delay in socket - Delay time of EOT to SOT over time,Second,&TestIF_File.iInitialDelay_8,,,,Use initial start delay in socket - Delay time of EOT to SOT over time,350,SECSGEM/uHGemHT9045_EC.cpp#L350
3562,BOOLEAN_TYPE,Use initial start delay in socket - Use when OTD unlock,,&TestIF_File.bOTDUnlockDelay,1,0,0,Use initial start delay in socket - Use when OTD unlock,351,SECSGEM/uHGemHT9045_EC.cpp#L351
3563,FT_8_TYPE,Use initial start delay in socket - Delay time when OTD unlock,Second,&TestIF_File.iInitialDelay_9,,,,Use initial start delay in socket - Delay time when OTD unlock,352,SECSGEM/uHGemHT9045_EC.cpp#L352
3564,BOOLEAN_TYPE,Use initial start delay in socket - Use when SOT to EOT over time,,&TestIF_File.bTestStartToNextTestStart,1,0,0,Use initial start delay in socket - Use when SOT to EOT over time,353,SECSGEM/uHGemHT9045_EC.cpp#L353
3565,FT_8_TYPE,Use initial start delay in socket - SOT to EOT over time setting,Second,&TestIF_File.dTeststartToNextTestStart,,,,Use initial start delay in socket - SOT to EOT over time setting,354,SECSGEM/uHGemHT9045_EC.cpp#L354
3566,FT_8_TYPE,Use initial start delay in socket - Delay time of SOT to EOT over time,Second,&TestIF_File.dInitialDelay_10,,,,Use initial start delay in socket - Delay time of SOT to EOT over time,355,SECSGEM/uHGemHT9045_EC.cpp#L355
3567,FT_8_TYPE,Use initial start delay in socket - Enable Start Delay Time_RT,Second,&TestIF_File.dInitialDelay_1_RT,,,,Use initial start delay in socket - Enable Start Delay Time_RT,356,SECSGEM/uHGemHT9045_EC.cpp#L356
3568,FT_8_TYPE,Use initial start delay in socket - After Show Alarm Message Delay Time_RT,Second,&TestIF_File.dInitialDelay_2_RT,,,,Use initial start delay in socket - After Show Alarm Message Delay Time_RT,357,SECSGEM/uHGemHT9045_EC.cpp#L357
3569,FT_8_TYPE,Use initial start delay in socket - After Auto Clean Function Delay Time_RT,Second,&TestIF_File.dInitialDelay_3_RT,,,,Use initial start delay in socket - After Auto Clean Function Delay Time_RT,358,SECSGEM/uHGemHT9045_EC.cpp#L358
3570,FT_8_TYPE,Use initial start delay in socket - After Open HeatDoor Delay Time_RT,Second,&TestIF_File.dInitialDelay_5_RT,,,,Use initial start delay in socket - After Open HeatDoor Delay Time_RT,359,SECSGEM/uHGemHT9045_EC.cpp#L359
3571,FT_8_TYPE,Use initial start delay in socket - Delay Time when happen short tested time_RT,Second,&TestIF_File.dInitialDelay_4_RT,,,,Use initial start delay in socket - Delay Time when happen short tested time_RT,360,SECSGEM/uHGemHT9045_EC.cpp#L360
3572,FT_8_TYPE,Use initial start delay in socket - Delay time when press stop over time_RT,Second,&TestIF_File.dInitialDelay_6_RT,,,,Use initial start delay in socket - Delay time when press stop over time_RT,361,SECSGEM/uHGemHT9045_EC.cpp#L361
3573,FT_8_TYPE,Use initial start delay in socket - Delay time when test site is no full_RT,Second,&TestIF_File.dInitialDelay_7_RT,,,,Use initial start delay in socket - Delay time when test site is no full_RT,362,SECSGEM/uHGemHT9045_EC.cpp#L362
3574,FT_8_TYPE,Use initial start delay in socket - Delay time when OTD unlock_RT,Second,&TestIF_File.dInitialDelay_9_RT,,,,Use initial start delay in socket - Delay time when OTD unlock_RT,363,SECSGEM/uHGemHT9045_EC.cpp#L363
3575,FT_8_TYPE,Use initial start delay in socket - Delay time of EOT to SOT over time_RT,Second,&TestIF_File.dInitialDelay_8_RT,,,,Use initial start delay in socket - Delay time of EOT to SOT over time_RT,364,SECSGEM/uHGemHT9045_EC.cpp#L364
3576,FT_8_TYPE,Use initial start delay in socket - Delay time of SOT to EOT over time_RT,Second,&TestIF_File.dInitialDelay_10_RT,,,,Use initial start delay in socket - Delay time of SOT to EOT over time_RT,365,SECSGEM/uHGemHT9045_EC.cpp#L365
3577,BOOLEAN_TYPE,Enable Temperature Offset Function,,&Temperature.bEnableTempOffsetForInitial,1,0,0,Enable Temperature Offset Function,367,SECSGEM/uHGemHT9045_EC.cpp#L367
3578,INT_4_TYPE,Contact count for offset period,,&Temperature.iCintactCntForTempOffsetAtInitial,2,0,30,Contact count for offset period,368,SECSGEM/uHGemHT9045_EC.cpp#L368
3579,INT_4_TYPE,Contact count for cool down,,&Temperature.iCintactDelayCntForInitTempOffset,2,1,300,Contact count for cool down,369,SECSGEM/uHGemHT9045_EC.cpp#L369
3580,BOOLEAN_TYPE,Enable chamber boost function,,&Temperature.bEnableChamberBoost,1,0,0,Enable chamber boost function,370,SECSGEM/uHGemHT9045_EC.cpp#L370
3581,INT_4_TYPE,"Boost period (Min, 1 to 30)",,&Temperature.iChamberBoostTime,2,1,30,"Boost period (Min, 1 to 30)",371,SECSGEM/uHGemHT9045_EC.cpp#L371
3582,INT_4_TYPE,"Boost temperature offset (°C, 0 to 30)",Celsius,&Temperature.iChamberBoostOffset,2,0,30,"Boost temperature offset (°C, 0 to 30)",372,SECSGEM/uHGemHT9045_EC.cpp#L372
3616,INT_4_TYPE,Error Bin Tray Select,,&BinSelect[eBinFT].IfErrorT3,33,0,0,0:Auto1; 1:Auto2; 2:Auto3; 3:Fix1; 4:Fix2; 5:Fix3; 6:Fix4; 7:Fix5; 8:Fix6; 9:Bulk Box 10:Magazine 1; 11:Magazine 2; 12:Magazine 3; 13:Magazine 4; 14:Magazine 5; 15:Magazine 6; 16:Magazine 7; 17:Magazine 8; 18:Magazine 9; 19:Magazine 10; 20:Magazine 11; 21:Magazine 12; 22:Magazine 13; 23:Magazine 14; 24:Auto 4; 25:Auto 5; 26:Auto 6; 27:Fix 7; 28:Fix 8; 29:Fix 9; 30:Fix 10; 31:Fix 11; 32:Fix 12;,374,SECSGEM/uHGemHT9045_EC.cpp#L374
3617,ASCII_TYPE,Bin 0-255 Tray Select,,fBinSel->sBinTraySetT3Pos[eBinFT],,,,0:Not In Use; 1:Auto1; 2:Auto2; 3:Auto3; 4:Fix1; 5:Fix2; 6:Fix3; 7:Fix4; 8:Fix5; 9:Fix6; 10:Bulk Box 11:Magazine 1; 12:Magazine 2; 13:Magazine 3; 14:Magazine 4; 15:Magazine 5; 16:Magazine 6; 17:Magazine 7; 18:Magazine 8; 19:Magazine 9; 20:Magazine 10; 21:Magazine 11; 22:Magazine 12; 23:Magazine 13; 24:Magazine 14; 25:Auto 4; 26:Auto 5; 27:Auto 6; 28:Fix 7; 29:Fix 8; 30:Fix 9; 31:Fix 10; 32:Fix 11; 33:Fix 12; CSV Format for Bin 0 to 255,375,SECSGEM/uHGemHT9045_EC.cpp#L375
3636,ASCII_TYPE,Bin 0-255 Contact,,fBinSel->sBinDoubleContact[eBinFT],,,,0:Single; 1:Double; CSV Format for Bin 0 to 255,376,SECSGEM/uHGemHT9045_EC.cpp#L376
3640,INT_4_TYPE,Bin 0 Type,,&Prod.iIsFailBin[0],,,,0:Pass; 1:Fail;,379,SECSGEM/uHGemHT9045_EC.cpp#L379
3641,INT_4_TYPE,Bin 1 Type,,&Prod.iIsFailBin[1],,,,0:Pass; 1:Fail;,380,SECSGEM/uHGemHT9045_EC.cpp#L380
3642,INT_4_TYPE,Bin 2 Type,,&Prod.iIsFailBin[2],,,,0:Pass; 1:Fail;,381,SECSGEM/uHGemHT9045_EC.cpp#L381
3643,INT_4_TYPE,Bin 3 Type,,&Prod.iIsFailBin[3],,,,0:Pass; 1:Fail;,382,SECSGEM/uHGemHT9045_EC.cpp#L382
3644,INT_4_TYPE,Bin 4 Type,,&Prod.iIsFailBin[4],,,,0:Pass; 1:Fail;,383,SECSGEM/uHGemHT9045_EC.cpp#L383
3645,INT_4_TYPE,Bin 5 Type,,&Prod.iIsFailBin[5],,,,0:Pass; 1:Fail;,384,SECSGEM/uHGemHT9045_EC.cpp#L384
3646,INT_4_TYPE,Bin 6 Type,,&Prod.iIsFailBin[6],,,,0:Pass; 1:Fail;,385,SECSGEM/uHGemHT9045_EC.cpp#L385
3647,INT_4_TYPE,Bin 7 Type,,&Prod.iIsFailBin[7],,,,0:Pass; 1:Fail;,386,SECSGEM/uHGemHT9045_EC.cpp#L386
3648,INT_4_TYPE,Bin 8 Type,,&Prod.iIsFailBin[8],,,,0:Pass; 1:Fail;,387,SECSGEM/uHGemHT9045_EC.cpp#L387
3649,INT_4_TYPE,Bin 9 Type,,&Prod.iIsFailBin[9],,,,0:Pass; 1:Fail;,388,SECSGEM/uHGemHT9045_EC.cpp#L388
3650,INT_4_TYPE,Bin 10 Type,,&Prod.iIsFailBin[10],,,,0:Pass; 1:Fail;,389,SECSGEM/uHGemHT9045_EC.cpp#L389
3651,INT_4_TYPE,Bin 11 Type,,&Prod.iIsFailBin[11],,,,0:Pass; 1:Fail;,390,SECSGEM/uHGemHT9045_EC.cpp#L390
3652,INT_4_TYPE,Bin 12 Type,,&Prod.iIsFailBin[12],,,,0:Pass; 1:Fail;,391,SECSGEM/uHGemHT9045_EC.cpp#L391
3653,INT_4_TYPE,Bin 13 Type,,&Prod.iIsFailBin[13],,,,0:Pass; 1:Fail;,392,SECSGEM/uHGemHT9045_EC.cpp#L392
3654,INT_4_TYPE,Bin 14 Type,,&Prod.iIsFailBin[14],,,,0:Pass; 1:Fail;,393,SECSGEM/uHGemHT9045_EC.cpp#L393
3655,INT_4_TYPE,Bin 15 Type,,&Prod.iIsFailBin[15],,,,0:Pass; 1:Fail;,394,SECSGEM/uHGemHT9045_EC.cpp#L394
3656,ASCII_TYPE,Bin 0-255 Type,,fBinSel->sBinType[eBinFT],,,,0:Pase; 1:Fail; CSV Format for Bin 0 to 255,396,SECSGEM/uHGemHT9045_EC.cpp#L396
3676,ASCII_TYPE,Bin 0-255 Continut Error Alarm Select,,fBinSel->sBinConsFail[eBinFT],,,,0:Disable; 1:Enable; CSV Format for Bin 0 to 255,397,SECSGEM/uHGemHT9045_EC.cpp#L397
3677,ASCII_TYPE,Tray for Fail Bin,,fBinSel->sT3TrayType[eBinFT],,,,0:Pass; 1:Fail; CSV Format Data for Auto1; Auto2; Auto3; Fix1; Fix2; Fix3; Fix4; Fix5; Fix6; Bulk Box; Magazine 1; Magazine 2; Magazine 3; Magazine 4; Magazine 5; Magazine 6; Magazine 7; Magazine 8; Magazine 9; Magazine 10; Magazine 11; Magazine 12; Magazine 13; Magazine 14; Auto4; Auto5; Auto6; Fix 7; Fix 8; Fix 9; Fix 10; Fix 11; Fix 12;,398,SECSGEM/uHGemHT9045_EC.cpp#L398
3678,ASCII_TYPE,Tray for Need Auto Retest,,fBinSel->sT6Retest[eBinFT],,,,0:Disable; 1: Enable; CSV Format Data for Auto1; Auto2; Auto3; Auto4; Auto5; Auto6;,399,SECSGEM/uHGemHT9045_EC.cpp#L399
3716,INT_4_TYPE,Error Bin Tray Select for RT,,&BinSelect[eBinRT].IfErrorT3,33,0,0,0:Auto1; 1:Auto2; 2:Auto3; 3:Fix1; 4:Fix2; 5:Fix3; 6:Fix4; 7:Fix5; 8:Fix6; 9:Bulk Box 10:Magazine 1; 11:Magazine 2; 12:Magazine 3; 13:Magazine 4; 14:Magazine 5; 15:Magazine 6; 16:Magazine 7; 17:Magazine 8; 18:Magazine 9; 19:Magazine 10; 20:Magazine 11; 21:Magazine 12; 22:Magazine 13; 23:Magazine 14; 24:Auto 4; 25:Auto 5; 26:Auto 6; 27:Fix 7; 28:Fix 8; 29:Fix 9; 30:Fix 10; 31:Fix 11; 32:Fix 12;,400,SECSGEM/uHGemHT9045_EC.cpp#L400
3717,ASCII_TYPE,Bin 0-255 Tray Select for RT,,fBinSel->sBinTraySetT3Pos[eBinRT],,,,0:Not In Use; 1:Auto1; 2:Auto2; 3:Auto3; 4:Fix1; 5:Fix2; 6:Fix3; 7:Fix4; 8:Fix5; 9:Fix6; 10:Bulk Box 11:Magazine 1; 12:Magazine 2; 13:Magazine 3; 14:Magazine 4; 15:Magazine 5; 16:Magazine 6; 17:Magazine 7; 18:Magazine 8; 19:Magazine 9; 20:Magazine 10; 21:Magazine 11; 22:Magazine 12; 23:Magazine 13; 24:Magazine 14; 25:Auto 4; 26:Auto 5; 27:Auto 6; 28:Fix 7; 29:Fix 8; 30:Fix 9; 31:Fix 10; 32:Fix 11; 33:Fix 12; CSV Format for Bin 0 to 255,401,SECSGEM/uHGemHT9045_EC.cpp#L401
3718,ASCII_TYPE,Bin 0-255 Contact RT,,fBinSel->sBinDoubleContact[eBinRT],,,,0:Single; 1:Double; CSV Format for Bin 0 to 255,402,SECSGEM/uHGemHT9045_EC.cpp#L402
3719,ASCII_TYPE,Bin 0-255 Type for RT,,fBinSel->sBinType[eBinRT],,,,0:Pase; 1:Fail; CSV Format for Bin 0 to 255,403,SECSGEM/uHGemHT9045_EC.cpp#L403
3720,ASCII_TYPE,Bin 0-255 Continut Error Alarm Select for RT,,fBinSel->sBinConsFail[eBinRT],,,,Continut Error Alarm 0:Disable; 1:Enable; CSV Format for Bin 0 to 255,404,SECSGEM/uHGemHT9045_EC.cpp#L404
3721,INT_4_TYPE,Error Bin Tray Select for OFF-Line,,&BinSelect[eBinOffLine].IfErrorT3,33,0,0,0:Auto1; 1:Auto2; 2:Auto3; 3:Fix1; 4:Fix2; 5:Fix3; 6:Fix4; 7:Fix5; 8:Fix6; 9:Bulk Box 10:Magazine 1; 11:Magazine 2; 12:Magazine 3; 13:Magazine 4; 14:Magazine 5; 15:Magazine 6; 16:Magazine 7; 17:Magazine 8; 18:Magazine 9; 19:Magazine 10; 20:Magazine 11; 21:Magazine 12; 22:Magazine 13; 23:Magazine 14; 24:Auto 4; 25:Auto 5; 26:Auto 6; 27:Fix 7; 28:Fix 8; 29:Fix 9; 30:Fix 10; 31:Fix 11; 32:Fix 12;,405,SECSGEM/uHGemHT9045_EC.cpp#L405
3722,ASCII_TYPE,Bin 0-255 Tray Select for OFF-Line,,fBinSel->sBinTraySetT3Pos[eBinOffLine],,,,0:Not In Use; 1:Auto1; 2:Auto2; 3:Auto3; 4:Fix1; 5:Fix2; 6:Fix3; 7:Fix4; 8:Fix5; 9:Fix6; 10:Bulk Box 11:Magazine 1; 12:Magazine 2; 13:Magazine 3; 14:Magazine 4; 15:Magazine 5; 16:Magazine 6; 17:Magazine 7; 18:Magazine 8; 19:Magazine 9; 20:Magazine 10; 21:Magazine 11; 22:Magazine 12; 23:Magazine 13; 24:Magazine 14; 25:Auto 4; 26:Auto 5; 27:Auto 6; 28:Fix 7; 29:Fix 8; 30:Fix 9; 31:Fix 10; 32:Fix 11; 33:Fix 12; CSV Format for Bin 0 to 255,406,SECSGEM/uHGemHT9045_EC.cpp#L406
3723,ASCII_TYPE,Bin 0-255 Contact for OFF-Line,,fBinSel->sBinDoubleContact[eBinOffLine],,,,0:Single; 1:Double; CSV Format for Bin 0 to 255,407,SECSGEM/uHGemHT9045_EC.cpp#L407
3724,ASCII_TYPE,Bin 0-255 Type for OFF-Line,,fBinSel->sBinType[eBinOffLine],,,,0:Pase; 1:Fail; CSV Format for Bin 0 to 255,408,SECSGEM/uHGemHT9045_EC.cpp#L408
3725,ASCII_TYPE,Bin 0-255 Continut Error Alarm Select for OFF-Line,,fBinSel->sBinConsFail[eBinOffLine],,,,Continut Error Alarm 0:Disable; 1:Enable; CSV Format for Bin 0 to 255,409,SECSGEM/uHGemHT9045_EC.cpp#L409
3726,ASCII_TYPE,Tray for Fail Bin (RT),,fBinSel->sT3TrayType[eBinRT],,,,0:Pass; 1:Fail; CSV Format Data for Auto1; Auto2; Auto3; Fix1; Fix2; Fix3; Fix4; Fix5; Fix6; Bulk Box; Magazine 1; Magazine 2; Magazine 3; Magazine 4; Magazine 5; Magazine 6; Magazine 7; Magazine 8; Magazine 9; Magazine 10; Magazine 11; Magazine 12; Magazine 13; Magazine 14; Auto4; Auto5; Auto6; Fix 7; Fix 8; Fix 9; Fix 10; Fix 11; Fix 12;,410,SECSGEM/uHGemHT9045_EC.cpp#L410
3727,ASCII_TYPE,Tray for Need Auto Retest (RT),,fBinSel->sT6Retest[eBinRT],,,,0:Disable; 1:Enable; CSV Format Data for Auto1; Auto2; Auto3; Auto4; Auto5; Auto6;,411,SECSGEM/uHGemHT9045_EC.cpp#L411
3728,ASCII_TYPE,Tray for Fail Bin (Off Line),,fBinSel->sT3TrayType[eBinOffLine],,,,0:Pass; 1:Fail; CSV Format Data for Auto1; Auto2; Auto3; Fix1; Fix2; Fix3; Fix4; Fix5; Fix6; Bulk Box; Magazine 1; Magazine 2; Magazine 3; Magazine 4; Magazine 5; Magazine 6; Magazine 7; Magazine 8; Magazine 9; Magazine 10; Magazine 11; Magazine 12; Magazine 13; Magazine 14; Auto4; Auto5; Auto6; Fix 7; Fix 8; Fix 9; Fix 10; Fix 11; Fix 12;,412,SECSGEM/uHGemHT9045_EC.cpp#L412
3729,ASCII_TYPE,Tray for Need Auto Retest (Off Line),,fBinSel->sT6Retest[eBinOffLine],,,,0:Disable; 1:Enable; CSV Format Data for Auto1; Auto2; Auto3; Auto4; Auto5; Auto6;,413,SECSGEM/uHGemHT9045_EC.cpp#L413
3800,INT_4_TYPE,Error Bin Tray Select for ART_FT,,&BinSelect[eBinFT_ART].IfErrorT3,33,0,0,0:Auto1; 1:Auto2; 2:Auto3; 3:Fix1; 4:Fix2; 5:Fix3; 6:Fix4; 7:Fix5; 8:Fix6; 9:Bulk Box 10:Magazine 1; 11:Magazine 2; 12:Magazine 3; 13:Magazine 4; 14:Magazine 5; 15:Magazine 6; 16:Magazine 7; 17:Magazine 8; 18:Magazine 9; 19:Magazine 10; 20:Magazine 11; 21:Magazine 12; 22:Magazine 13; 23:Magazine 14; 24:Auto 4; 25:Auto 5; 26:Auto 6; 27:Fix 7; 28:Fix 8; 29:Fix 9; 30:Fix 10; 31:Fix 11; 32:Fix 12;,414,SECSGEM/uHGemHT9045_EC.cpp#L414
3801,ASCII_TYPE,Bin 0-255 Tray Select for ART_FT,,fBinSel->sBinTraySetT3Pos[eBinFT_ART],,,,0:Not In Use; 1:Auto1; 2:Auto2; 3:Auto3; 4:Fix1; 5:Fix2; 6:Fix3; 7:Fix4; 8:Fix5; 9:Fix6; 10:Bulk Box 11:Magazine 1; 12:Magazine 2; 13:Magazine 3; 14:Magazine 4; 15:Magazine 5; 16:Magazine 6; 17:Magazine 7; 18:Magazine 8; 19:Magazine 9; 20:Magazine 10; 21:Magazine 11; 22:Magazine 12; 23:Magazine 13; 24:Magazine 14; 25:Auto 4; 26:Auto 5; 27:Auto 6; 28:Fix 7; 29:Fix 8; 30:Fix 9; 31:Fix 10; 32:Fix 11; 33:Fix 12; CSV Format for Bin 0 to 255,415,SECSGEM/uHGemHT9045_EC.cpp#L415
3802,ASCII_TYPE,Bin 0-255 Contact for ART_FT,,fBinSel->sBinDoubleContact[eBinFT_ART],,,,0:Single; 1:Double; CSV Format for Bin 0 to 255,416,SECSGEM/uHGemHT9045_EC.cpp#L416
3803,ASCII_TYPE,Bin 0-255 Type for ART_FT,,fBinSel->sBinType[eBinFT_ART],,,,0:Pase; 1:Fail; CSV Format for Bin 0 to 255,417,SECSGEM/uHGemHT9045_EC.cpp#L417
3804,ASCII_TYPE,Bin 0-255 Continut Error Alarm Select for ART_FT,,fBinSel->sBinConsFail[eBinFT_ART],,,,Continut Error Alarm 0:Disable; 1:Enable; CSV Format for Bin 0 to 255,418,SECSGEM/uHGemHT9045_EC.cpp#L418
3805,ASCII_TYPE,Tray for Fail Bin (ART_FT),,fBinSel->sT3TrayType[eBinFT_ART],,,,0: Pass; 1:Fail; CSV Format Data for Auto1; Auto2; Auto3; Fix1; Fix2; Fix3; Fix4; Fix5; Fix6; Bulk Box; Magazine 1; Magazine 2; Magazine 3; Magazine 4; Magazine 5; Magazine 6; Magazine 7; Magazine 8; Magazine 9; Magazine 10; Magazine 11; Magazine 12; Magazine 13; Magazine 14; Auto4; Auto5; Auto6; Fix 7; Fix 8; Fix 9; Fix 10; Fix 11; Fix 12;,419,SECSGEM/uHGemHT9045_EC.cpp#L419
3806,ASCII_TYPE,Tray for Need Auto Retest (ART_FT),,fBinSel->sT6Retest[eBinFT_ART],,,,0: Disable; 1:Enable; CSV Format Data for Auto1; Auto2; Auto3; Auto4; Auto5; Auto6;,420,SECSGEM/uHGemHT9045_EC.cpp#L420
3900,INT_4_TYPE,Error Bin Tray Select for ART_RT,,&BinSelect[eBinRT_ART].IfErrorT3,33,0,0,0:Auto1; 1:Auto2; 2:Auto3; 3:Fix1; 4:Fix2; 5:Fix3; 6:Fix4; 7:Fix5; 8:Fix6; 9:Bulk Box 10:Magazine 1; 11:Magazine 2; 12:Magazine 3; 13:Magazine 4; 14:Magazine 5; 15:Magazine 6; 16:Magazine 7; 17:Magazine 8; 18:Magazine 9; 19:Magazine 10; 20:Magazine 11; 21:Magazine 12; 22:Magazine 13; 23:Magazine 14; 24:Auto 4; 25:Auto 5; 26:Auto 6; 27:Fix 7; 28:Fix 8; 29:Fix 9; 30:Fix 10; 31:Fix 11; 32:Fix 12;,421,SECSGEM/uHGemHT9045_EC.cpp#L421
3901,ASCII_TYPE,Bin 0-255 Tray Select for ART_RT,,fBinSel->sBinTraySetT3Pos[eBinRT_ART],,,,0:Not In Use; 1:Auto1; 2:Auto2; 3:Auto3; 4:Fix1; 5:Fix2; 6:Fix3; 7:Fix4; 8:Fix5; 9:Fix6; 10:Bulk Box 11:Magazine 1; 12:Magazine 2; 13:Magazine 3; 14:Magazine 4; 15:Magazine 5; 16:Magazine 6; 17:Magazine 7; 18:Magazine 8; 19:Magazine 9; 20:Magazine 10; 21:Magazine 11; 22:Magazine 12; 23:Magazine 13; 24:Magazine 14; 25:Auto 4; 26:Auto 5; 27:Auto 6; 28:Fix 7; 29:Fix 8; 30:Fix 9; 31:Fix 10; 32:Fix 11; 33:Fix 12; CSV Format for Bin 0 to 255,423,SECSGEM/uHGemHT9045_EC.cpp#L423
3902,ASCII_TYPE,Bin 0-255 Contact for ART_RT,,fBinSel->sBinDoubleContact[eBinRT_ART],,,,0:Single; 1:Double; CSV Format for Bin 0 to 255,424,SECSGEM/uHGemHT9045_EC.cpp#L424
3903,ASCII_TYPE,Bin 0-255 Type for ART_RT,,fBinSel->sBinType[eBinRT_ART],,,,0:Pase; 1:Fail; CSV Format for Bin 0 to 255,425,SECSGEM/uHGemHT9045_EC.cpp#L425
3904,ASCII_TYPE,Bin 0-255 Continut Error Alarm Select for ART_RT,,fBinSel->sBinConsFail[eBinRT_ART],,,,Continut Error Alarm 0:Disable; 1:Enable; CSV Format for Bin 0 to 255,426,SECSGEM/uHGemHT9045_EC.cpp#L426
3905,ASCII_TYPE,Tray for Fail Bin (ART_RT),,fBinSel->sT3TrayType[eBinRT_ART],,,,0: Pass; 1: Fail; CSV Format Data for Auto1; Auto2; Auto3; Fix1; Fix2; Fix3; Fix4; Fix5; Fix6; Bulk Box; Magazine 1; Magazine 2; Magazine 3; Magazine 4; Magazine 5; Magazine 6; Magazine 7; Magazine 8; Magazine 9; Magazine 10; Magazine 11; Magazine 12; Magazine 13; Magazine 14; Auto4; Auto5; Auto6; Fix 7; Fix 8; Fix 9; Fix 10; Fix 11; Fix 12;,427,SECSGEM/uHGemHT9045_EC.cpp#L427
3906,ASCII_TYPE,Tray for Need Auto Retest (ART_RT),,fBinSel->sT6Retest[eBinRT_ART],,,,0: Disable; 1: Enable; CSV Format Data for Auto1; Auto2; Auto3; Auto4; Auto5; Auto6;,428,SECSGEM/uHGemHT9045_EC.cpp#L428
4000,INT_4_TYPE,Error Bin Tray Select for MRT_FT,,&BinSelect[eBinFT_MRT].IfErrorT3,33,0,0,0:Auto1; 1:Auto2; 2:Auto3; 3:Fix1; 4:Fix2; 5:Fix3; 6:Fix4; 7:Fix5; 8:Fix6; 9:Bulk Box 10:Magazine 1; 11:Magazine 2; 12:Magazine 3; 13:Magazine 4; 14:Magazine 5; 15:Magazine 6; 16:Magazine 7; 17:Magazine 8; 18:Magazine 9; 19:Magazine 10; 20:Magazine 11; 21:Magazine 12; 22:Magazine 13; 23:Magazine 14; 24:Auto 4; 25:Auto 5; 26:Auto 6; 27:Fix 7; 28:Fix 8; 29:Fix 9; 30:Fix 10; 31:Fix 11; 32:Fix 12;,431,SECSGEM/uHGemHT9045_EC.cpp#L431
4001,ASCII_TYPE,Bin 0-255 Tray Select for MRT_FT,,fBinSel->sBinTraySetT3Pos[eBinFT_MRT],,,,0:Not In Use; 1:Auto1; 2:Auto2; 3:Auto3; 4:Fix1; 5:Fix2; 6:Fix3; 7:Fix4; 8:Fix5; 9:Fix6; 10:Bulk Box 11:Magazine 1; 12:Magazine 2; 13:Magazine 3; 14:Magazine 4; 15:Magazine 5; 16:Magazine 6; 17:Magazine 7; 18:Magazine 8; 19:Magazine 9; 20:Magazine 10; 21:Magazine 11; 22:Magazine 12; 23:Magazine 13; 24:Magazine 14; 25:Auto 4; 26:Auto 5; 27:Auto 6; 28:Fix 7; 29:Fix 8; 30:Fix 9; 31:Fix 10; 32:Fix 11; 33:Fix 12; CSV Format for Bin 0 to 255,432,SECSGEM/uHGemHT9045_EC.cpp#L432
4002,ASCII_TYPE,Bin 0-255 Contact for MRT_FT,,fBinSel->sBinDoubleContact[eBinFT_MRT],,,,0:Single; 1:Double; CSV Format for Bin 0 to 255,433,SECSGEM/uHGemHT9045_EC.cpp#L433
4003,ASCII_TYPE,Bin 0-255 Type for MRT_FT,,fBinSel->sBinType[eBinFT_MRT],,,,0:Pase; 1:Fail; CSV Format for Bin 0 to 255,434,SECSGEM/uHGemHT9045_EC.cpp#L434
4004,ASCII_TYPE,Bin 0-255 Continut Error Alarm Select for MRT_FT,,fBinSel->sBinConsFail[eBinFT_MRT],,,,Continut Error Alarm 0:Disable; 1:Enable; CSV Format for Bin 0 to 255,435,SECSGEM/uHGemHT9045_EC.cpp#L435
4005,ASCII_TYPE,Tray for Fail Bin (MRT_FT),,fBinSel->sT3TrayType[eBinFT_MRT],,,,0: Pass; 1:Fail; CSV Format Data for Auto1; Auto2; Auto3; Fix1; Fix2; Fix3; Fix4; Fix5; Fix6; Bulk Box; Magazine 1; Magazine 2; Magazine 3; Magazine 4; Magazine 5; Magazine 6; Magazine 7; Magazine 8; Magazine 9; Magazine 10; Magazine 11; Magazine 12; Magazine 13; Magazine 14; Auto4; Auto5; Auto6; Fix 7; Fix 8; Fix 9; Fix 10; Fix 11; Fix 12;,436,SECSGEM/uHGemHT9045_EC.cpp#L436
4006,ASCII_TYPE,Tray for Need Auto Retest (MRT_FT),,fBinSel->sT6Retest[eBinFT_MRT],,,,0: Disable; 1:Enable; CSV Format Data for Auto1; Auto2; Auto3; Auto4; Auto5; Auto6;,437,SECSGEM/uHGemHT9045_EC.cpp#L437
4009,BOOLEAN_TYPE,Use MRT Bin Tray Mode,,&TestIF_File.bEnableMRTMode,1,0,0,Use MRT Bin Tray Mode,439,SECSGEM/uHGemHT9045_EC.cpp#L439
4100,INT_4_TYPE,Error Bin Tray Select for MRT_RT,,&BinSelect[eBinRT_MRT].IfErrorT3,33,0,0,0:Auto1; 1:Auto2; 2:Auto3; 3:Fix1; 4:Fix2; 5:Fix3; 6:Fix4; 7:Fix5; 8:Fix6; 9:Bulk Box 10:Magazine 1; 11:Magazine 2; 12:Magazine 3; 13:Magazine 4; 14:Magazine 5; 15:Magazine 6; 16:Magazine 7; 17:Magazine 8; 18:Magazine 9; 19:Magazine 10; 20:Magazine 11; 21:Magazine 12; 22:Magazine 13; 23:Magazine 14; 24:Auto 4; 25:Auto 5; 26:Auto 6; 27:Fix 7; 28:Fix 8; 29:Fix 9; 30:Fix 10; 31:Fix 11; 32:Fix 12;,441,SECSGEM/uHGemHT9045_EC.cpp#L441
4101,ASCII_TYPE,Bin 0-255 Tray Select for MRT_RT,,fBinSel->sBinTraySetT3Pos[eBinRT_MRT],,,,0:Not In Use; 1:Auto1; 2:Auto2; 3:Auto3; 4:Fix1; 5:Fix2; 6:Fix3; 7:Fix4; 8:Fix5; 9:Fix6; 10:Bulk Box 11:Magazine 1; 12:Magazine 2; 13:Magazine 3; 14:Magazine 4; 15:Magazine 5; 16:Magazine 6; 17:Magazine 7; 18:Magazine 8; 19:Magazine 9; 20:Magazine 10; 21:Magazine 11; 22:Magazine 12; 23:Magazine 13; 24:Magazine 14; 25:Auto 4; 26:Auto 5; 27:Auto 6; 28:Fix 7; 29:Fix 8; 30:Fix 9; 31:Fix 10; 32:Fix 11; 33:Fix 12; CSV Format for Bin 0 to 255,442,SECSGEM/uHGemHT9045_EC.cpp#L442
4102,ASCII_TYPE,Bin 0-255 Contact for MRT_RT,,fBinSel->sBinDoubleContact[eBinRT_MRT],,,,0:Single; 1:Double; CSV Format for Bin 0 to 255,443,SECSGEM/uHGemHT9045_EC.cpp#L443
4103,ASCII_TYPE,Bin 0-255 Type for MRT_RT,,fBinSel->sBinType[eBinRT_MRT],,,,0:Pase; 1:Fail; CSV Format for Bin 0 to 255,444,SECSGEM/uHGemHT9045_EC.cpp#L444
4104,ASCII_TYPE,Bin 0-255 Continut Error Alarm Select for MRT_RT,,fBinSel->sBinConsFail[eBinRT_MRT],,,,Continut Error Alarm 0:Disable; 1:Enable; CSV Format for Bin 0 to 255,445,SECSGEM/uHGemHT9045_EC.cpp#L445
4105,ASCII_TYPE,Tray for Fail Bin (MRT_RT),,fBinSel->sT3TrayType[eBinRT_MRT],,,,0:Pass; 1:Fail; CSV Format Data for Auto1; Auto2; Auto3; Fix1; Fix2; Fix3; Fix4; Fix5; Fix6; Bulk Box; Magazine 1; Magazine 2; Magazine 3; Magazine 4; Magazine 5; Magazine 6; Magazine 7; Magazine 8; Magazine 9; Magazine 10; Magazine 11; Magazine 12; Magazine 13; Magazine 14; Auto4; Auto5; Auto6; Fix 7; Fix 8; Fix 9; Fix 10; Fix 11; Fix 12;,446,SECSGEM/uHGemHT9045_EC.cpp#L446
4106,ASCII_TYPE,Tray for Need Auto Retest (MRT_RT),,fBinSel->sT6Retest[eBinRT_MRT],,,,0:Disable; 1 Enable; CSV Format Data for Auto1; Auto2; Auto3; Auto4; Auto5; Auto6;,447,SECSGEM/uHGemHT9045_EC.cpp#L447
4201,ASCII_TYPE,In Arm to Loader Offset,mm,InArmOffSet_File[InOfsLoader]->tArmOffset,,,,CSV Format with 7 data: X; Y; Pitch; Pick; Place; PitchY; PitchX2;,450,SECSGEM/uHGemHT9045_EC.cpp#L450
4202,ASCII_TYPE,In Arm to Hot Plate 1 Offset,mm,InArmOffSet_File[InOfsHP1]->tArmOffset,,,,CSV Format with 7 data: X; Y; Pitch; Pick; Place; PitchY; PitchX2;,451,SECSGEM/uHGemHT9045_EC.cpp#L451
4203,ASCII_TYPE,In Arm to Hot Plate 2 Offset,mm,InArmOffSet_File[InOfsHP2]->tArmOffset,,,,CSV Format with 7 data: X; Y; Pitch; Pick; Place; PitchY; PitchX2;,452,SECSGEM/uHGemHT9045_EC.cpp#L452
4204,ASCII_TYPE,In Arm to Shuttle 1 Offset,mm,InArmOffSet_File[InOfsInSh1]->tArmOffset,,,,CSV Format with 7 data: X; Y; Pitch; Pick; Place; PitchY; PitchX2;,453,SECSGEM/uHGemHT9045_EC.cpp#L453
4205,ASCII_TYPE,In Arm to Shuttle 2 Offset,mm,InArmOffSet_File[InOfsInSh2]->tArmOffset,,,,CSV Format with 7 data: X; Y; Pitch; Pick; Place; PitchY; PitchX2;,454,SECSGEM/uHGemHT9045_EC.cpp#L454
4206,ASCII_TYPE,In Arm to Auto Clean Kit Offset,mm,InArmOffSet_File[InOfsAutoClean]->tArmOffset,,,,CSV Format with 7 data: X; Y; Pitch; Pick; Place; PitchY; PitchX2;,455,SECSGEM/uHGemHT9045_EC.cpp#L455
4208,ASCII_TYPE,In Arm to Rotater Offset,mm,InArmOffSet_File[InOfsRotate_In]->tArmOffset,,,,CSV Format with 7 data: X; Y; Pitch; Pick; Place; PitchY; PitchX2;,456,SECSGEM/uHGemHT9045_EC.cpp#L456
4251,ASCII_TYPE,Out Arm to Shuttle 1 Offset,mm,OutArmOffSet_File[OutOfsOutSh1]->tArmOffset,,,,CSV Format with 7 data: X; Y; Pitch; Pick; Place; PitchY; PitchX2;,457,SECSGEM/uHGemHT9045_EC.cpp#L457
4252,ASCII_TYPE,Out Arm to Shuttle 2 Offset,mm,OutArmOffSet_File[OutOfsOutSh2]->tArmOffset,,,,CSV Format with 7 data: X; Y; Pitch; Pick; Place; PitchY; PitchX2;,458,SECSGEM/uHGemHT9045_EC.cpp#L458
4253,ASCII_TYPE,Out Arm to Auto 1 Offset,mm,OutArmOffSet_File[OutOfsAuto1]->tArmOffset,,,,CSV Format with 7 data: X; Y; Pitch; Pick; Place; PitchY; PitchX2;,459,SECSGEM/uHGemHT9045_EC.cpp#L459
4254,ASCII_TYPE,Out Arm to Auto 2 Offset,mm,OutArmOffSet_File[OutOfsAuto2]->tArmOffset,,,,CSV Format with 7 data: X; Y; Pitch; Pick; Place; PitchY; PitchX2;,460,SECSGEM/uHGemHT9045_EC.cpp#L460
4255,ASCII_TYPE,Out Arm to Auto 3 Offset,mm,OutArmOffSet_File[OutOfsAuto3]->tArmOffset,,,,CSV Format with 7 data: X; Y; Pitch; Pick; Place; PitchY; PitchX2;,461,SECSGEM/uHGemHT9045_EC.cpp#L461
4256,ASCII_TYPE,Out Arm to Fix 1 Offset,mm,OutArmOffSet_File[OutOfsFix1]->tArmOffset,,,,CSV Format with 7 data: X; Y; Pitch; Pick; Place; PitchY; PitchX2;,462,SECSGEM/uHGemHT9045_EC.cpp#L462
4257,ASCII_TYPE,Out Arm to Fix 2 Offset,mm,OutArmOffSet_File[OutOfsFix2]->tArmOffset,,,,CSV Format with 7 data: X; Y; Pitch; Pick; Place; PitchY; PitchX2;,463,SECSGEM/uHGemHT9045_EC.cpp#L463
4258,ASCII_TYPE,Out Arm to Fix 3 Offset,mm,OutArmOffSet_File[OutOfsFix3]->tArmOffset,,,,CSV Format with 7 data: X; Y; Pitch; Pick; Place; PitchY; PitchX2;,464,SECSGEM/uHGemHT9045_EC.cpp#L464
4259,ASCII_TYPE,Out Arm to Rotater Offset,mm,OutArmOffSet_File[OutOfsRotate_Out]->tArmOffset,,,,CSV Format with 7 data: X; Y; Pitch; Pick; Place; PitchY; PitchX2;,465,SECSGEM/uHGemHT9045_EC.cpp#L465
4260,ASCII_TYPE,Out Arm to Auto 4 Offset,mm,OutArmOffSet_File[OutOfsAuto4]->tArmOffset,,,,CSV Format with 7 data: X; Y; Pitch; Pick; Place; PitchY; PitchX2;,468,SECSGEM/uHGemHT9045_EC.cpp#L468
4261,ASCII_TYPE,Out Arm to Auto 5 Offset,mm,OutArmOffSet_File[OutOfsAuto5]->tArmOffset,,,,CSV Format with 7 data: X; Y; Pitch; Pick; Place; PitchY; PitchX2;,469,SECSGEM/uHGemHT9045_EC.cpp#L469
4262,ASCII_TYPE,Out Arm to Auto 6 Offset,mm,OutArmOffSet_File[OutOfsAuto6]->tArmOffset,,,,CSV Format with 7 data: X; Y; Pitch; Pick; Place; PitchY; PitchX2;,470,SECSGEM/uHGemHT9045_EC.cpp#L470
4263,ASCII_TYPE,Out Arm to Fix 4 Offset,mm,OutArmOffSet_File[OutOfsFix4]->tArmOffset,,,,CSV Format with 7 data: X; Y; Pitch; Pick; Place; PitchY; PitchX2;,471,SECSGEM/uHGemHT9045_EC.cpp#L471
4264,ASCII_TYPE,Out Arm to Fix 5 Offset,mm,OutArmOffSet_File[OutOfsFix5]->tArmOffset,,,,CSV Format with 7 data: X; Y; Pitch; Pick; Place; PitchY; PitchX2;,472,SECSGEM/uHGemHT9045_EC.cpp#L472
4265,ASCII_TYPE,Out Arm to Fix 6 Offset,mm,OutArmOffSet_File[OutOfsFix6]->tArmOffset,,,,CSV Format with 7 data: X; Y; Pitch; Pick; Place; PitchY; PitchX2;,473,SECSGEM/uHGemHT9045_EC.cpp#L473
4301,ASCII_TYPE,In Arm to Loader Pick Up Offset,mm,InArmOffSet_File[InOfsLoader]->tArmPickOffset,,,,CSV Format with 8 data: Pick A; B; C; D; E; F; G; H,475,SECSGEM/uHGemHT9045_EC.cpp#L475
4302,ASCII_TYPE,In Arm to Hot Plate 1 Pick Up Offset,mm,InArmOffSet_File[InOfsHP1]->tArmPickOffset,,,,CSV Format with 8 data: Pick A; B; C; D; E; F; G; H,476,SECSGEM/uHGemHT9045_EC.cpp#L476
4303,ASCII_TYPE,In Arm to Hot Plate 2 Pick Up Offset,mm,InArmOffSet_File[InOfsHP2]->tArmPickOffset,,,,CSV Format with 8 data: Pick A; B; C; D; E; F; G; H,477,SECSGEM/uHGemHT9045_EC.cpp#L477
4304,FT_8_TYPE,In Arm to Loader Pick Up Offset(ALL Z),mm,&Offset_File.dInArmPickUp[InOfsLoader],,,,CSV Format with 1 data: Pick Up,478,SECSGEM/uHGemHT9045_EC.cpp#L478
4308,ASCII_TYPE,In Arm to Rotater Pick Up Offset,mm,InArmOffSet_File[InOfsRotate_In]->tArmPickOffset,,,,CSV Format with 8 data: Pick A; B; C; D; E; F; G; H,479,SECSGEM/uHGemHT9045_EC.cpp#L479
4351,ASCII_TYPE,Out Arm to Shuttle 1 Pick Up Offset,mm,OutArmOffSet_File[OutOfsOutSh1]->tArmPickOffset,,,,CSV Format with 8 data: Pick A; B; C; D; E; F; G; H,480,SECSGEM/uHGemHT9045_EC.cpp#L480
4352,ASCII_TYPE,Out Arm to Shuttle 2 Pick Up Offset,mm,OutArmOffSet_File[OutOfsOutSh2]->tArmPickOffset,,,,CSV Format with 8 data: Pick A; B; C; D; E; F; G; H,481,SECSGEM/uHGemHT9045_EC.cpp#L481
4353,FT_8_TYPE,Out Arm to Shuttle 1 Pick Up Offset(ALL Z),mm,&Offset_File.dOutArmPickUp[OutOfsOutSh1],,,,CSV Format with 1 data: Pick Up,482,SECSGEM/uHGemHT9045_EC.cpp#L482
4354,FT_8_TYPE,Out Arm to Shuttle 2 Pick Up Offset(ALL Z),mm,&Offset_File.dOutArmPickUp[OutOfsOutSh2],,,,CSV Format with 1 data: Pick Up,483,SECSGEM/uHGemHT9045_EC.cpp#L483
4359,ASCII_TYPE,Out Arm to Rotater Pick Up Offset,mm,OutArmOffSet_File[OutOfsRotate_Out]->tArmPickOffset,,,,CSV Format with 8 data: Pick A; B; C; D; E; F; G; H,484,SECSGEM/uHGemHT9045_EC.cpp#L484
4402,ASCII_TYPE,In Arm to Hot Plate 1 Place Offset,mm,InArmOffSet_File[InOfsHP1]->tArmPlaceOffset,,,,CSV Format with 8 data: Pick A; B; C; D; E; F; G; H,485,SECSGEM/uHGemHT9045_EC.cpp#L485
4403,ASCII_TYPE,In Arm to Hot Plate 2 Place Offset,mm,InArmOffSet_File[InOfsHP2]->tArmPlaceOffset,,,,CSV Format with 8 data: Pick A; B; C; D; E; F; G; H,486,SECSGEM/uHGemHT9045_EC.cpp#L486
4404,ASCII_TYPE,In Arm to Shuttle 1 Place Offset,mm,InArmOffSet_File[InOfsInSh1]->tArmPlaceOffset,,,,CSV Format with 8 data: Pick A; B; C; D; E; F; G; H,487,SECSGEM/uHGemHT9045_EC.cpp#L487
4405,ASCII_TYPE,In Arm to Shuttle 2 Place Offset,mm,InArmOffSet_File[InOfsInSh2]->tArmPlaceOffset,,,,CSV Format with 8 data: Pick A; B; C; D; E; F; G; H,488,SECSGEM/uHGemHT9045_EC.cpp#L488
4406,ASCII_TYPE,In Arm to Auto Clean Kit Place Offset,mm,InArmOffSet_File[InOfsAutoClean]->tArmPlaceOffset,,,,CSV Format with 8 data: Pick A; B; C; D; E; F; G; H,489,SECSGEM/uHGemHT9045_EC.cpp#L489
4408,ASCII_TYPE,In Arm to Rotater Place Offset,mm,InArmOffSet_File[InOfsRotate_In]->tArmPlaceOffset,,,,CSV Format with 8 data: Pick A; B; C; D; E; F; G; H,490,SECSGEM/uHGemHT9045_EC.cpp#L490
4453,ASCII_TYPE,Out Arm to Auto 1 Place Offset,mm,OutArmOffSet_File[OutOfsAuto1]->tArmPlaceOffset,,,,CSV Format with 8 data: Pick A; B; C; D; E; F; G; H,491,SECSGEM/uHGemHT9045_EC.cpp#L491
4454,ASCII_TYPE,Out Arm to Auto 2 Place Offset,mm,OutArmOffSet_File[OutOfsAuto2]->tArmPlaceOffset,,,,CSV Format with 8 data: Pick A; B; C; D; E; F; G; H,492,SECSGEM/uHGemHT9045_EC.cpp#L492
4455,ASCII_TYPE,Out Arm to Auto 3 Place Offset,mm,OutArmOffSet_File[OutOfsAuto3]->tArmPlaceOffset,,,,CSV Format with 8 data: Pick A; B; C; D; E; F; G; H,493,SECSGEM/uHGemHT9045_EC.cpp#L493
4456,ASCII_TYPE,Out Arm to Fix 1 Place Offset,mm,OutArmOffSet_File[OutOfsFix1]->tArmPlaceOffset,,,,CSV Format with 8 data: Pick A; B; C; D; E; F; G; H,494,SECSGEM/uHGemHT9045_EC.cpp#L494
4457,ASCII_TYPE,Out Arm to Fix 2 Place Offset,mm,OutArmOffSet_File[OutOfsFix2]->tArmPlaceOffset,,,,CSV Format with 8 data: Pick A; B; C; D; E; F; G; H,495,SECSGEM/uHGemHT9045_EC.cpp#L495
4458,ASCII_TYPE,Out Arm to Fix 3 Place Offset,mm,OutArmOffSet_File[OutOfsFix3]->tArmPlaceOffset,,,,CSV Format with 8 data: Pick A; B; C; D; E; F; G; H,496,SECSGEM/uHGemHT9045_EC.cpp#L496
4459,ASCII_TYPE,Out Arm to Rotater Place Offset,mm,OutArmOffSet_File[OutOfsRotate_Out]->tArmPlaceOffset,,,,CSV Format with 8 data: Pick A; B; C; D; E; F; G; H,497,SECSGEM/uHGemHT9045_EC.cpp#L497
4460,ASCII_TYPE,Out Arm to Auto 4 Place Offset,mm,OutArmOffSet_File[OutOfsAuto4]->tArmPlaceOffset,,,,CSV Format with 8 data: Pick A; B; C; D; E; F; G; H,500,SECSGEM/uHGemHT9045_EC.cpp#L500
4461,ASCII_TYPE,Out Arm to Auto 5 Place Offset,mm,OutArmOffSet_File[OutOfsAuto5]->tArmPlaceOffset,,,,CSV Format with 8 data: Pick A; B; C; D; E; F; G; H,501,SECSGEM/uHGemHT9045_EC.cpp#L501
4462,ASCII_TYPE,Out Arm to Auto 6 Place Offset,mm,OutArmOffSet_File[OutOfsAuto6]->tArmPlaceOffset,,,,CSV Format with 8 data: Pick A; B; C; D; E; F; G; H,502,SECSGEM/uHGemHT9045_EC.cpp#L502
4463,ASCII_TYPE,Out Arm to Fix 4 Place Offset,mm,OutArmOffSet_File[OutOfsFix4]->tArmPlaceOffset,,,,CSV Format with 8 data: Pick A; B; C; D; E; F; G; H,503,SECSGEM/uHGemHT9045_EC.cpp#L503
4464,ASCII_TYPE,Out Arm to Fix 5 Place Offset,mm,OutArmOffSet_File[OutOfsFix5]->tArmPlaceOffset,,,,CSV Format with 8 data: Pick A; B; C; D; E; F; G; H,504,SECSGEM/uHGemHT9045_EC.cpp#L504
4465,ASCII_TYPE,Out Arm to Fix 6 Place Offset,mm,OutArmOffSet_File[OutOfsFix6]->tArmPlaceOffset,,,,CSV Format with 8 data: Pick A; B; C; D; E; F; G; H,505,SECSGEM/uHGemHT9045_EC.cpp#L505
4661,FT_8_TYPE,Test Arm2 Pick Offset,mm,&Offset_File.iIndexArmPickUp[1],,,,Test Arm2 Pick Offset,507,SECSGEM/uHGemHT9045_EC.cpp#L507
4662,FT_8_TYPE,Test Arm2 Place Offset,mm,&Offset_File.iIndexArmPlace[1],,,,Test Arm2 Place Offset,508,SECSGEM/uHGemHT9045_EC.cpp#L508
4663,FT_8_TYPE,Test Arm2 Contact Height Offset,mm,&Offset_File.iIndexArmContact[1],,,,Test Arm2 Contact Height Offset,509,SECSGEM/uHGemHT9045_EC.cpp#L509
4664,FT_8_TYPE,Test Arm2 Busy Shuttle Half Offset,mm,&Offset_File.iSHHalft[1],,,,Test Arm2 Busy Shuttle Half Offset,510,SECSGEM/uHGemHT9045_EC.cpp#L510
4665,FT_8_TYPE,Test Arm2 Shuttle Right Offset,mm,&Offset_File.iSHRightPod[1],2,-2,0,Test Arm2 Shuttle Right Offset,511,SECSGEM/uHGemHT9045_EC.cpp#L511
4666,FT_8_TYPE,Test Arm2 Shuttle Left Offset,mm,&Offset_File.iSHLeftPod[1],2,-2,0,Test Arm2 Shuttle Left Offset,512,SECSGEM/uHGemHT9045_EC.cpp#L512
4671,FT_8_TYPE,Test Arm1 Pick Offset,mm,&Offset_File.iIndexArmPickUp[0],,,,Test Arm1 Pick Offset,513,SECSGEM/uHGemHT9045_EC.cpp#L513
4672,FT_8_TYPE,Test Arm1 Place Offset,mm,&Offset_File.iIndexArmPlace[0],,,,Test Arm1 Place Offset,514,SECSGEM/uHGemHT9045_EC.cpp#L514
4673,FT_8_TYPE,Test Arm1 Contact Height Offset,mm,&Offset_File.iIndexArmContact[0],,,,Test Arm1 Contact Height Offset,515,SECSGEM/uHGemHT9045_EC.cpp#L515
4674,FT_8_TYPE,Test Arm1 Busy Shuttle Half Offset,mm,&Offset_File.iSHHalft[0],,,,Test Arm1 Busy Shuttle Half Offset,516,SECSGEM/uHGemHT9045_EC.cpp#L516
4675,FT_8_TYPE,Test Arm1 Shuttle Right Offset,mm,&Offset_File.iSHRightPod[0],2,-2,0,Test Arm1 Shuttle Right Offset,517,SECSGEM/uHGemHT9045_EC.cpp#L517
4676,FT_8_TYPE,Test Arm1 Shuttle Left Offset,mm,&Offset_File.iSHLeftPod[0],2,-2,0,Test Arm1 Shuttle Left Offset,518,SECSGEM/uHGemHT9045_EC.cpp#L518
4682,FT_8_TYPE,Tray Arm Pick Loader Offset,mm,&Offset_File.iTrayArmX[0],,,,Tray Arm Pick Loader Offset,519,SECSGEM/uHGemHT9045_EC.cpp#L519
4683,FT_8_TYPE,Tray Arm Pick Buffer Offset,mm,&Offset_File.iTrayArmX[1],,,,Tray Arm Pick Buffer Offset,520,SECSGEM/uHGemHT9045_EC.cpp#L520
4684,FT_8_TYPE,Tray Arm Pick Color Offset,mm,&Offset_File.iTrayArmX[2],,,,Tray Arm Pick Color Offset,521,SECSGEM/uHGemHT9045_EC.cpp#L521
4685,FT_8_TYPE,Tray Arm Place Auto 1 Offset,mm,&Offset_File.iTrayArmX[3],,,,Tray Arm Place Auto 1 Offset,522,SECSGEM/uHGemHT9045_EC.cpp#L522
4686,FT_8_TYPE,Tray Arm Place Auto 2 Offset,mm,&Offset_File.iTrayArmX[4],,,,Tray Arm Place Auto 2 Offset,523,SECSGEM/uHGemHT9045_EC.cpp#L523
4687,FT_8_TYPE,Tray Arm Place Auto 3 Offset,mm,&Offset_File.iTrayArmX[5],,,,Tray Arm Place Auto 3 Offset,524,SECSGEM/uHGemHT9045_EC.cpp#L524
4688,FT_8_TYPE,Tray Arm Place Auto 4 Offset,mm,&Offset_File.iTrayArmX[6],,,,Tray Arm Place Auto 4 Offset,527,SECSGEM/uHGemHT9045_EC.cpp#L527
4689,FT_8_TYPE,Tray Arm Place Auto 5 Offset,mm,&Offset_File.iTrayArmX[7],,,,Tray Arm Place Auto 5 Offset,528,SECSGEM/uHGemHT9045_EC.cpp#L528
4690,FT_8_TYPE,Tray Arm Place Auto 6 Offset,mm,&Offset_File.iTrayArmX[8],,,,Tray Arm Place Auto 6 Offset,529,SECSGEM/uHGemHT9045_EC.cpp#L529
4751,FT_8_TYPE,Plate1 Temperature Offset,Celsius,&Temperature.fTempOffSet[UserOffSet][tcHotPlate1],60,-60,0,Plate1 Temperature Offset,531,SECSGEM/uHGemHT9045_EC.cpp#L531
4752,FT_8_TYPE,Plate2 Temperature Offset,Celsius,&Temperature.fTempOffSet[UserOffSet][tcHotPlate2],60,-60,0,Plate2 Temperature Offset,532,SECSGEM/uHGemHT9045_EC.cpp#L532
4753,FT_8_TYPE,Shuttle1 Temperature Offset,Celsius,&Temperature.fTempOffSet[UserOffSet][tcShuttle1],60,-60,0,Shuttle1 Temperature Offset,533,SECSGEM/uHGemHT9045_EC.cpp#L533
4754,FT_8_TYPE,Shuttle2 Temperature Offset,Celsius,&Temperature.fTempOffSet[UserOffSet][tcShuttle2],60,-60,0,Shuttle2 Temperature Offset,534,SECSGEM/uHGemHT9045_EC.cpp#L534
4755,FT_8_TYPE,Head1 Temperature Offset,Celsius,&Temperature.fTempOffSet[UserOffSet][tcHead1],60,-60,0,Head1 Temperature Offset,535,SECSGEM/uHGemHT9045_EC.cpp#L535
4756,FT_8_TYPE,Head2 Temperature Offset,Celsius,&Temperature.fTempOffSet[UserOffSet][tcHead2],60,-60,0,Head2 Temperature Offset,536,SECSGEM/uHGemHT9045_EC.cpp#L536
4757,FT_8_TYPE,Head5 Temperature Offset,Celsius,&Temperature.fTempOffSet[UserOffSet][tcHead3],60,-60,0,Head5 Temperature Offset,537,SECSGEM/uHGemHT9045_EC.cpp#L537
4758,FT_8_TYPE,Head6 Temperature Offset,Celsius,&Temperature.fTempOffSet[UserOffSet][tcHead4],60,-60,0,Head6 Temperature Offset,538,SECSGEM/uHGemHT9045_EC.cpp#L538
4759,FT_8_TYPE,Dut Temperature Offset,Celsius,&Temperature.fTempOffSet[UserOffSet][tcDUT1],60,-60,0,Dut Temperature Offset,539,SECSGEM/uHGemHT9045_EC.cpp#L539
4760,FT_8_TYPE,Dut1 Temperature Offset,Celsius,&Temperature.fTempOffSet[UserOffSet][tcDUT2],60,-60,0,Dut1 Temperature Offset,540,SECSGEM/uHGemHT9045_EC.cpp#L540
4761,FT_8_TYPE,Hot Gun1 Temperature Offset,Celsius,&Temperature.fTempOffSet[UserOffSet][tcHeatGun1],60,-60,0,Hot Gun1 Temperature Offset,541,SECSGEM/uHGemHT9045_EC.cpp#L541
4762,FT_8_TYPE,Hot Gun2 Temperature Offset,Celsius,&Temperature.fTempOffSet[UserOffSet][tcHeatGun2],60,-60,0,Hot Gun2 Temperature Offset,542,SECSGEM/uHGemHT9045_EC.cpp#L542
4763,FT_8_TYPE,Chamber Temperature Offset,Celsius,&Temperature.fTempOffSet[UserOffSet][tcChamber],60,-60,0,Chamber Temperature Offset,543,SECSGEM/uHGemHT9045_EC.cpp#L543
4764,FT_8_TYPE,CCD Temperature Offset,Celsius,&Temperature.fTempOffSet[UserOffSet][tcCCD],60,-60,0,CCD Temperature Offset,544,SECSGEM/uHGemHT9045_EC.cpp#L544
4765,FT_8_TYPE,DUT3 Temperature Offset,Celsius,&Temperature.fTempOffSet[UserOffSet][tcDUT3],60,-60,0,DUT3 Temperature Offset,545,SECSGEM/uHGemHT9045_EC.cpp#L545
4766,FT_8_TYPE,DUT4 Temperature Offset,Celsius,&Temperature.fTempOffSet[UserOffSet][tcDUT4],60,-60,0,DUT4 Temperature Offset,546,SECSGEM/uHGemHT9045_EC.cpp#L546
4767,FT_8_TYPE,Socket Temperature Offset,Celsius,&Temperature.fTempOffSet[UserOffSet][tcSocket],60,-60,0,Socket Temperature Offset,547,SECSGEM/uHGemHT9045_EC.cpp#L547
4770,FT_8_TYPE,ATC Head1 Temperature Offset,Celsius,&Temperature.dATCInPC[0],,,,ATC Head1 Temperature Offset,548,SECSGEM/uHGemHT9045_EC.cpp#L548
4771,FT_8_TYPE,ATC Head2 Temperature Offset,Celsius,&Temperature.dATCInPC[1],,,,ATC Head2 Temperature Offset,549,SECSGEM/uHGemHT9045_EC.cpp#L549
4772,FT_8_TYPE,ATC Head3 Temperature Offset,Celsius,&Temperature.dATCInPC[2],,,,ATC Head3 Temperature Offset,550,SECSGEM/uHGemHT9045_EC.cpp#L550
4773,FT_8_TYPE,ATC Head4 Temperature Offset,Celsius,&Temperature.dATCInPC[3],,,,ATC Head4 Temperature Offset,551,SECSGEM/uHGemHT9045_EC.cpp#L551
4788,BOOLEAN_TYPE,Active Heater Gun,,&Temperature.bActiveHeatGun,,,,Active Heater Gun,552,SECSGEM/uHGemHT9045_EC.cpp#L552
4789,BOOLEAN_TYPE,Active ATC Colling,,&Temperature.bATCActiveCooling,,,,Active ATC Colling,553,SECSGEM/uHGemHT9045_EC.cpp#L553
4790,INT_4_TYPE,Chiller Temp,,&Temperature.iATCChillerTemp,30,15,25,Chiller Temp,554,SECSGEM/uHGemHT9045_EC.cpp#L554
4791,BOOLEAN_TYPE,ATC Use PID Offset,,&Temperature.bUsePIDControl,,,,ATC Use PID Offset,555,SECSGEM/uHGemHT9045_EC.cpp#L555
4792,FT_8_TYPE,ATC PID Kp min Offset,,&Temperature.iATC_PID_Min_Offset[0],,,,ATC PID Kp min Offset,556,SECSGEM/uHGemHT9045_EC.cpp#L556
4793,FT_8_TYPE,ATC PID Ki min Offset,,&Temperature.iATC_PID_Min_Offset[1],,,,ATC PID Ki min Offset,557,SECSGEM/uHGemHT9045_EC.cpp#L557
4794,FT_8_TYPE,ATC PID Kd min Offset,,&Temperature.iATC_PID_Min_Offset[2],,,,ATC PID Kd min Offset,558,SECSGEM/uHGemHT9045_EC.cpp#L558
4795,FT_8_TYPE,ATC PID Kp max Offset,,&Temperature.iATC_PID_Max_Offset[0],,,,ATC PID Kp max Offset,559,SECSGEM/uHGemHT9045_EC.cpp#L559
4796,FT_8_TYPE,ATC PID Ki max Offset,,&Temperature.iATC_PID_Max_Offset[1],,,,ATC PID Ki max Offset,560,SECSGEM/uHGemHT9045_EC.cpp#L560
4797,FT_8_TYPE,ATC PID Kd max Offset,,&Temperature.iATC_PID_Max_Offset[2],,,,ATC PID Kd max Offset,561,SECSGEM/uHGemHT9045_EC.cpp#L561
4801,FT_8_TYPE,Aa1 Temperature Offset,Celsius,&Temperature.fTempOffSet[UserOffSet][tcAa1],60,-60,0,Aa1 Temperature Offset,562,SECSGEM/uHGemHT9045_EC.cpp#L562
4802,FT_8_TYPE,Ab1 Temperature Offset,Celsius,&Temperature.fTempOffSet[UserOffSet][tcAb1],60,-60,0,Ab1 Temperature Offset,563,SECSGEM/uHGemHT9045_EC.cpp#L563
4803,FT_8_TYPE,Ac1 Temperature Offset,Celsius,&Temperature.fTempOffSet[UserOffSet][tcAc1],60,-60,0,Ac1 Temperature Offset,564,SECSGEM/uHGemHT9045_EC.cpp#L564
4804,FT_8_TYPE,Ad1 Temperature Offset,Celsius,&Temperature.fTempOffSet[UserOffSet][tcAd1],60,-60,0,Ad1 Temperature Offset,565,SECSGEM/uHGemHT9045_EC.cpp#L565
4805,FT_8_TYPE,Ba1 Temperature Offset,Celsius,&Temperature.fTempOffSet[UserOffSet][tcBa1],60,-60,0,Ba1 Temperature Offset,566,SECSGEM/uHGemHT9045_EC.cpp#L566
4806,FT_8_TYPE,Bb1 Temperature Offset,Celsius,&Temperature.fTempOffSet[UserOffSet][tcBb1],60,-60,0,Bb1 Temperature Offset,567,SECSGEM/uHGemHT9045_EC.cpp#L567
4807,FT_8_TYPE,Bc1 Temperature Offset,Celsius,&Temperature.fTempOffSet[UserOffSet][tcBc1],60,-60,0,Bc1 Temperature Offset,568,SECSGEM/uHGemHT9045_EC.cpp#L568
4808,FT_8_TYPE,Bd1 Temperature Offset,Celsius,&Temperature.fTempOffSet[UserOffSet][tcBd1],60,-60,0,Bd1 Temperature Offset,569,SECSGEM/uHGemHT9045_EC.cpp#L569
4809,FT_8_TYPE,Aa2 Temperature Offset,Celsius,&Temperature.fTempOffSet[UserOffSet][tcAa2],60,-60,0,Aa2 Temperature Offset,570,SECSGEM/uHGemHT9045_EC.cpp#L570
4810,FT_8_TYPE,Ab2 Temperature Offset,Celsius,&Temperature.fTempOffSet[UserOffSet][tcAb2],60,-60,0,Ab2 Temperature Offset,571,SECSGEM/uHGemHT9045_EC.cpp#L571
4811,FT_8_TYPE,Ac2 Temperature Offset,Celsius,&Temperature.fTempOffSet[UserOffSet][tcAc2],60,-60,0,Ac2 Temperature Offset,572,SECSGEM/uHGemHT9045_EC.cpp#L572
4812,FT_8_TYPE,Ad2 Temperature Offset,Celsius,&Temperature.fTempOffSet[UserOffSet][tcAd2],60,-60,0,Ad2 Temperature Offset,573,SECSGEM/uHGemHT9045_EC.cpp#L573
4813,FT_8_TYPE,Ba2 Temperature Offset,Celsius,&Temperature.fTempOffSet[UserOffSet][tcBa2],60,-60,0,Ba2 Temperature Offset,574,SECSGEM/uHGemHT9045_EC.cpp#L574
4814,FT_8_TYPE,Bb2 Temperature Offset,Celsius,&Temperature.fTempOffSet[UserOffSet][tcBb2],60,-60,0,Bb2 Temperature Offset,575,SECSGEM/uHGemHT9045_EC.cpp#L575
4815,FT_8_TYPE,Bc2 Temperature Offset,Celsius,&Temperature.fTempOffSet[UserOffSet][tcBc2],60,-60,0,Bc2 Temperature Offset,576,SECSGEM/uHGemHT9045_EC.cpp#L576
4816,FT_8_TYPE,Bd2 Temperature Offset,Celsius,&Temperature.fTempOffSet[UserOffSet][tcBd2],60,-60,0,Bd2 Temperature Offset,577,SECSGEM/uHGemHT9045_EC.cpp#L577
4817,FT_8_TYPE,Ae1 Temperature Offset,Celsius,&Temperature.fTempOffSet[UserOffSet][tcAe1],60,-60,0,Ae1 Temperature Offset,578,SECSGEM/uHGemHT9045_EC.cpp#L578
4818,FT_8_TYPE,Af1 Temperature Offset,Celsius,&Temperature.fTempOffSet[UserOffSet][tcAf1],60,-60,0,Af1 Temperature Offset,579,SECSGEM/uHGemHT9045_EC.cpp#L579
4819,FT_8_TYPE,Ag1 Temperature Offset,Celsius,&Temperature.fTempOffSet[UserOffSet][tcAg1],60,-60,0,Ag1 Temperature Offset,580,SECSGEM/uHGemHT9045_EC.cpp#L580
4820,FT_8_TYPE,Ah1 Temperature Offset,Celsius,&Temperature.fTempOffSet[UserOffSet][tcAh1],60,-60,0,Ah1 Temperature Offset,581,SECSGEM/uHGemHT9045_EC.cpp#L581
4821,FT_8_TYPE,Be1 Temperature Offset,Celsius,&Temperature.fTempOffSet[UserOffSet][tcBe1],60,-60,0,Be1 Temperature Offset,582,SECSGEM/uHGemHT9045_EC.cpp#L582
4822,FT_8_TYPE,Bf1 Temperature Offset,Celsius,&Temperature.fTempOffSet[UserOffSet][tcBf1],60,-60,0,Bf1 Temperature Offset,583,SECSGEM/uHGemHT9045_EC.cpp#L583
4823,FT_8_TYPE,Bg1 Temperature Offset,Celsius,&Temperature.fTempOffSet[UserOffSet][tcBg1],60,-60,0,Bg1 Temperature Offset,584,SECSGEM/uHGemHT9045_EC.cpp#L584
4824,FT_8_TYPE,Bh1 Temperature Offset,Celsius,&Temperature.fTempOffSet[UserOffSet][tcBh1],60,-60,0,Bh1 Temperature Offset,585,SECSGEM/uHGemHT9045_EC.cpp#L585
4825,FT_8_TYPE,Ae2 Temperature Offset,Celsius,&Temperature.fTempOffSet[UserOffSet][tcAe2],60,-60,0,Ae2 Temperature Offset,586,SECSGEM/uHGemHT9045_EC.cpp#L586
4826,FT_8_TYPE,Af2 Temperature Offset,Celsius,&Temperature.fTempOffSet[UserOffSet][tcAf2],60,-60,0,Af2 Temperature Offset,587,SECSGEM/uHGemHT9045_EC.cpp#L587
4827,FT_8_TYPE,Ag2 Temperature Offset,Celsius,&Temperature.fTempOffSet[UserOffSet][tcAg2],60,-60,0,Ag2 Temperature Offset,588,SECSGEM/uHGemHT9045_EC.cpp#L588
4828,FT_8_TYPE,Ah2 Temperature Offset,Celsius,&Temperature.fTempOffSet[UserOffSet][tcAh2],60,-60,0,Ah2 Temperature Offset,589,SECSGEM/uHGemHT9045_EC.cpp#L589
4829,FT_8_TYPE,Be2 Temperature Offset,Celsius,&Temperature.fTempOffSet[UserOffSet][tcBe2],60,-60,0,Be2 Temperature Offset,590,SECSGEM/uHGemHT9045_EC.cpp#L590
4830,FT_8_TYPE,Bf2 Temperature Offset,Celsius,&Temperature.fTempOffSet[UserOffSet][tcBf2],60,-60,0,Bf2 Temperature Offset,591,SECSGEM/uHGemHT9045_EC.cpp#L591
4831,FT_8_TYPE,Bg2 Temperature Offset,Celsius,&Temperature.fTempOffSet[UserOffSet][tcBg2],60,-60,0,Bg2 Temperature Offset,592,SECSGEM/uHGemHT9045_EC.cpp#L592
4832,FT_8_TYPE,Bh2 Temperature Offset,Celsius,&Temperature.fTempOffSet[UserOffSet][tcBh2],60,-60,0,Bh2 Temperature Offset,593,SECSGEM/uHGemHT9045_EC.cpp#L593
4900,INT_4_TYPE,Temperature Mode,,&Temperature.iMachineTempMode,2,0,2,0: High; 1: Ambient; 2: Ambient/High; ,596,SECSGEM/uHGemHT9045_EC.cpp#L596
4901,FT_8_TYPE,Jam Soak Time,Second,&Temperature.fJamSoakTime,,,,Jam Soak Time,597,SECSGEM/uHGemHT9045_EC.cpp#L597
4902,FT_8_TYPE,Initial Wait Time,Second,&Temperature.fInitialWaitTime,,,,Initial Wait Time,598,SECSGEM/uHGemHT9045_EC.cpp#L598
4903,INT_4_TYPE,Initial Start 1 Time,Second,&Temperature.iInitialStart1Time,,,,Initial Start 1 Time,599,SECSGEM/uHGemHT9045_EC.cpp#L599
4904,INT_4_TYPE,Shuttle Soak Time,Second,&Temperature.iInitialStart2Time,,,,Shuttle Soak Time,600,SECSGEM/uHGemHT9045_EC.cpp#L600
4905,FT_8_TYPE,Chamber coolingTemp,Celsius,&Temperature.fChamberCoolTemp,,,,Chamber coolingTemp,601,SECSGEM/uHGemHT9045_EC.cpp#L601
4906,INT_4_TYPE,Index Soak Time,Second,&Temperature.iIndexSoakTime,,,,Index Soak Time,602,SECSGEM/uHGemHT9045_EC.cpp#L602
4907,INT_4_TYPE,O/S Time Soak Time,Second,&Temperature.iOSTime,,,,O/S Time Soak Time,603,SECSGEM/uHGemHT9045_EC.cpp#L603
4908,BOOLEAN_TYPE,Ambient Check,,&Temperature.bUseAbitCHK,,,,Ambient Check,604,SECSGEM/uHGemHT9045_EC.cpp#L604
4909,INT_4_TYPE,Ambient Check Timing,,&Temperature.iAbitCHKStatus,1,0,0,0: Start; 1: Running; ,605,SECSGEM/uHGemHT9045_EC.cpp#L605
4910,FT_8_TYPE,Ambient Temp,Celsius,&Temperature.fAbitTemp,50,10,0,Ambient Temp.,606,SECSGEM/uHGemHT9045_EC.cpp#L606
4911,BOOLEAN_TYPE,Using chamber fan in ambient mode,,&IniConfig.bAmbRunChamberFanCanStop,,,,Using chamber fan in ambient mode,607,SECSGEM/uHGemHT9045_EC.cpp#L607
4912,FT_8_TYPE,Initial Wait Time in Ambient,Second,&Temperature.fAbitInitWaitTime,,,,Initial Wait Time in Ambient,608,SECSGEM/uHGemHT9045_EC.cpp#L608
4913,FT_8_TYPE,Cooling Time in Ambient,Second,&Temperature.fAbitColdTime,,,,Cooling Time in Ambient,609,SECSGEM/uHGemHT9045_EC.cpp#L609
4914,INT_4_TYPE,Index Heat Mode,,&Temperature.iIndexHeatMode,5,0,0,0: HeadOnly; 1: ChamberOnly; 2: Head+Chamber; 3: Socket+Chamber; 4: Head+Socket; 5: Head+Chamber+Socket; ,610,SECSGEM/uHGemHT9045_EC.cpp#L610
4915,BOOLEAN_TYPE,Enable L/B temp monitoring function,,&Temperature.bLBTempFunction,1,0,0,Enable L/B temp monitoring function,612,SECSGEM/uHGemHT9045_EC.cpp#L612
4916,FT_8_TYPE,Precondition LB Temperature Min,Celsius,&Temperature.dBoostIdleTime[Temperature.eBLBL],100,25,0,"Precondition If L/B temperature less than setting, need boost",613,SECSGEM/uHGemHT9045_EC.cpp#L613
4917,FT_8_TYPE,Precondition LB boost temperature offset,Celsius,&Temperature.dBoostOffset[Temperature.eBLBL],30,-30,0,Precondition LB boost temperature offset,614,SECSGEM/uHGemHT9045_EC.cpp#L614
4918,BOOLEAN_TYPE,Enable boost offset,,&Temperature.bEnableBoostOffset[Temperature.eBLBB],1,0,0,Enable boost offset,615,SECSGEM/uHGemHT9045_EC.cpp#L615
4919,FT_8_TYPE,LB Temperature Min,Celsius,&Temperature.dBoostIdleTime[Temperature.eBLBB],100,25,0,"If L/B temperature less than setting, need boost",616,SECSGEM/uHGemHT9045_EC.cpp#L616
4920,FT_8_TYPE,LB boost temperature offset,Celsius,&Temperature.dBoostOffset[Temperature.eBLBB],30,-30,0,LB boost temperature offset,617,SECSGEM/uHGemHT9045_EC.cpp#L617
4921,BOOLEAN_TYPE,Enable initial temperature offset,,&Temperature.bEnableBoostOffset[Temperature.eBLBI],1,0,0,Enable initial temperature offset,618,SECSGEM/uHGemHT9045_EC.cpp#L618
4922,FT_8_TYPE,Idle time,Second,&Temperature.dBoostIdleTime[Temperature.eBLBI],1200,0,0,"If EOT to SOT idle time grater than setting, need boost",619,SECSGEM/uHGemHT9045_EC.cpp#L619
4923,FT_8_TYPE,Idle time LB boost temperature offset,Celsius,&Temperature.dBoostOffset[Temperature.eBLBI],30,-30,0,Idle time LB Boost temperature offset,620,SECSGEM/uHGemHT9045_EC.cpp#L620
4924,FT_8_TYPE,Idle time LB boost duration,Second,&Temperature.dBoostDuration[Temperature.eBLBI],1200,0,0,Idle time LB boost duration,621,SECSGEM/uHGemHT9045_EC.cpp#L621
4925,FT_8_TYPE,Idle time LB post boost,Second,&Temperature.dPostBoostDuration[Temperature.eBLBI],1200,0,0,Post boost duration prior after SOT,622,SECSGEM/uHGemHT9045_EC.cpp#L622
6501,BOOLEAN_TYPE,Temp. Use Single Limit,,&IniConfig.bL07UseSingleTenmpertureLimit,1,0,0,TRUE:Enalbe; FALSE:Disable,624,SECSGEM/uHGemHT9045_EC.cpp#L624
6551,FT_8_TYPE,Plate1 Temp. Limit,,&IniConfig.dSingleTempLimit[tcHotPlate1],60,-60,0,Plate1 Temperature Single Limit,625,SECSGEM/uHGemHT9045_EC.cpp#L625
6552,FT_8_TYPE,Plate2 Temp. Limit,,&IniConfig.dSingleTempLimit[tcHotPlate2],60,-60,0,Plate2 Temperature Single Limit,626,SECSGEM/uHGemHT9045_EC.cpp#L626
6553,FT_8_TYPE,Shuttle1 Temp. Limit,,&IniConfig.dSingleTempLimit[tcShuttle1],60,-60,0,Shuttle1 Temperature Single Limit,627,SECSGEM/uHGemHT9045_EC.cpp#L627
6554,FT_8_TYPE,Shuttle2 Temp. Limit,,&IniConfig.dSingleTempLimit[tcShuttle2],60,-60,0,Shuttle2 Temperature Single Limit,628,SECSGEM/uHGemHT9045_EC.cpp#L628
6555,FT_8_TYPE,Head1 Temp. Limit,,&IniConfig.dSingleTempLimit[tcHead1],60,-60,0,Head1 Temperature Single Limit,629,SECSGEM/uHGemHT9045_EC.cpp#L629
6556,FT_8_TYPE,Head2 Temp. Limit,,&IniConfig.dSingleTempLimit[tcHead2],60,-60,0,Head2 Temperature Single Limit,630,SECSGEM/uHGemHT9045_EC.cpp#L630
6557,FT_8_TYPE,Head5 Temp. Limit,,&IniConfig.dSingleTempLimit[tcHead3],60,-60,0,Head5 Temperature Single Limit,631,SECSGEM/uHGemHT9045_EC.cpp#L631
6558,FT_8_TYPE,Head6 Temp. Limit,,&IniConfig.dSingleTempLimit[tcHead4],60,-60,0,Head6 Temperature Single Limit,632,SECSGEM/uHGemHT9045_EC.cpp#L632
6559,FT_8_TYPE,DUT1 Temp. Limit,,&IniConfig.dSingleTempLimit[tcDUT1],60,-60,0,DUT1 Temperature Single Limit,633,SECSGEM/uHGemHT9045_EC.cpp#L633
6560,FT_8_TYPE,DUT2 Temp. Limit,,&IniConfig.dSingleTempLimit[tcDUT2],60,-60,0,DUT2 Temperature Single Limit,634,SECSGEM/uHGemHT9045_EC.cpp#L634
6561,FT_8_TYPE,Chamber Temp. Limit,,&IniConfig.dSingleTempLimit[tcChamber],60,-60,0,Chamber Temp. Limit,635,SECSGEM/uHGemHT9045_EC.cpp#L635
6562,FT_8_TYPE,CCD Temp. Limit,,&IniConfig.dSingleTempLimit[tcCCD],60,-60,0,CCD Temp. Limit,636,SECSGEM/uHGemHT9045_EC.cpp#L636
6563,FT_8_TYPE,Aa 1 Temp. Limit,,&IniConfig.dSingleTempLimit[tcAa1],60,-60,0,Aa 1 Temp. Limit,637,SECSGEM/uHGemHT9045_EC.cpp#L637
6564,FT_8_TYPE,Ab 1 Temp. Limit,,&IniConfig.dSingleTempLimit[tcAb1],60,-60,0,Ab 1 Temp. Limit,638,SECSGEM/uHGemHT9045_EC.cpp#L638
6565,FT_8_TYPE,Ac 1 Temp. Limit,,&IniConfig.dSingleTempLimit[tcAc1],60,-60,0,Ac 1 Temp. Limit,639,SECSGEM/uHGemHT9045_EC.cpp#L639
6566,FT_8_TYPE,Ad 1 Temp. Limit,,&IniConfig.dSingleTempLimit[tcAd1],60,-60,0,Ad 1 Temp. Limit,640,SECSGEM/uHGemHT9045_EC.cpp#L640
6567,FT_8_TYPE,Ba 1 Temp. Limit,,&IniConfig.dSingleTempLimit[tcBa1],60,-60,0,Ba 1 Temp. Limit,641,SECSGEM/uHGemHT9045_EC.cpp#L641
6568,FT_8_TYPE,Bb 1 Temp. Limit,,&IniConfig.dSingleTempLimit[tcBb1],60,-60,0,Bb 1 Temp. Limit,642,SECSGEM/uHGemHT9045_EC.cpp#L642
6569,FT_8_TYPE,Bc 1 Temp. Limit,,&IniConfig.dSingleTempLimit[tcBc1],60,-60,0,Bc 1 Temp. Limit,643,SECSGEM/uHGemHT9045_EC.cpp#L643
6570,FT_8_TYPE,Bd 1 Temp. Limit,,&IniConfig.dSingleTempLimit[tcBd1],60,-60,0,Bd 1 Temp. Limit,644,SECSGEM/uHGemHT9045_EC.cpp#L644
6571,FT_8_TYPE,Aa 2 Temp. Limit,,&IniConfig.dSingleTempLimit[tcAa2],60,-60,0,Aa 2 Temp. Limit,645,SECSGEM/uHGemHT9045_EC.cpp#L645
6572,FT_8_TYPE,Ab 2 Temp. Limit,,&IniConfig.dSingleTempLimit[tcAb2],60,-60,0,Ab 2 Temp. Limit,646,SECSGEM/uHGemHT9045_EC.cpp#L646
6573,FT_8_TYPE,Ac 2 Temp. Limit,,&IniConfig.dSingleTempLimit[tcAc2],60,-60,0,Ac 2 Temp. Limit,647,SECSGEM/uHGemHT9045_EC.cpp#L647
6574,FT_8_TYPE,Ad 2 Temp. Limit,,&IniConfig.dSingleTempLimit[tcAd2],60,-60,0,Ad 2 Temp. Limit,648,SECSGEM/uHGemHT9045_EC.cpp#L648
6575,FT_8_TYPE,Ba 2 Temp. Limit,,&IniConfig.dSingleTempLimit[tcBa2],60,-60,0,Ba 2 Temp. Limit,649,SECSGEM/uHGemHT9045_EC.cpp#L649
6576,FT_8_TYPE,Bb 2 Temp. Limit,,&IniConfig.dSingleTempLimit[tcBb2],60,-60,0,Bb 2 Temp. Limit,650,SECSGEM/uHGemHT9045_EC.cpp#L650
6577,FT_8_TYPE,Bc 2 Temp. Limit,,&IniConfig.dSingleTempLimit[tcBc2],60,-60,0,Bc 2 Temp. Limit,651,SECSGEM/uHGemHT9045_EC.cpp#L651
6578,FT_8_TYPE,Bd 2 Temp. Limit,,&IniConfig.dSingleTempLimit[tcBd2],60,-60,0,Bd 2 Temp. Limit,652,SECSGEM/uHGemHT9045_EC.cpp#L652
6579,FT_8_TYPE,Heat Gun 1 Temp. Limit,,&IniConfig.dSingleTempLimit[tcHeatGun1],60,-60,0,Heat Gun 1 Temp. Limit,653,SECSGEM/uHGemHT9045_EC.cpp#L653
6580,FT_8_TYPE,Heat Gun 2 Temp. Limit,,&IniConfig.dSingleTempLimit[tcHeatGun2],60,-60,0,Heat Gun 2 Temp. Limit,654,SECSGEM/uHGemHT9045_EC.cpp#L654
6581,FT_8_TYPE,DUT 3 Temp. Limit,,&IniConfig.dSingleTempLimit[tcDUT3],60,-60,0,DUT 3 Temp. Limit,655,SECSGEM/uHGemHT9045_EC.cpp#L655
6582,FT_8_TYPE,DUT 4 Temp. Limit,,&IniConfig.dSingleTempLimit[tcDUT4],60,-60,0,DUT 4 Temp. Limit,656,SECSGEM/uHGemHT9045_EC.cpp#L656
6583,FT_8_TYPE,Socket Temp. Limit,,&IniConfig.dSingleTempLimit[tcSocket],60,-60,0,Socket Temp. Limit,657,SECSGEM/uHGemHT9045_EC.cpp#L657
6901,INT_4_TYPE,Tower Light Running Green,,&LastSet.MessageLight[0][0],2,0,0,Tower Light Running Green,658,SECSGEM/uHGemHT9045_EC.cpp#L658
6902,INT_4_TYPE,Tower Light Running Yellow,,&LastSet.MessageLight[0][1],2,0,0,Tower Light Running Yellow,659,SECSGEM/uHGemHT9045_EC.cpp#L659
6903,INT_4_TYPE,Tower Light Running Red,,&LastSet.MessageLight[0][2],2,0,0,Tower Light Running Red,660,SECSGEM/uHGemHT9045_EC.cpp#L660
6904,INT_4_TYPE,Tower Light Error/Jam Green,,&LastSet.MessageLight[1][0],2,0,0,Tower Light Error/Jam Green,661,SECSGEM/uHGemHT9045_EC.cpp#L661
6905,INT_4_TYPE,Tower Light Error/Jam Yellow,,&LastSet.MessageLight[1][1],2,0,0,Tower Light Error/Jam Yellow,662,SECSGEM/uHGemHT9045_EC.cpp#L662
6906,INT_4_TYPE,Tower Light Error/Jam Red,,&LastSet.MessageLight[1][2],2,0,0,Tower Light Error/Jam Red,663,SECSGEM/uHGemHT9045_EC.cpp#L663
6907,INT_4_TYPE,Tower Light Pause Green,,&LastSet.MessageLight[2][0],2,0,0,Tower Light Pause Green,664,SECSGEM/uHGemHT9045_EC.cpp#L664
6908,INT_4_TYPE,Tower Light Pause Yellow,,&LastSet.MessageLight[2][1],2,0,0,Tower Light Pause Yellow,665,SECSGEM/uHGemHT9045_EC.cpp#L665
6909,INT_4_TYPE,Tower Light Pause Red,,&LastSet.MessageLight[2][2],2,0,0,Tower Light Pause Red,666,SECSGEM/uHGemHT9045_EC.cpp#L666
6910,INT_4_TYPE,Tower Light Message Green,,&LastSet.MessageLight[3][0],2,0,0,Tower Light Message Green,667,SECSGEM/uHGemHT9045_EC.cpp#L667
6911,INT_4_TYPE,Tower Light Message Yellow,,&LastSet.MessageLight[3][1],2,0,0,Tower Light Message Yellow,668,SECSGEM/uHGemHT9045_EC.cpp#L668
6912,INT_4_TYPE,Tower Light Message Red,,&LastSet.MessageLight[3][2],2,0,0,Tower Light Message Red,669,SECSGEM/uHGemHT9045_EC.cpp#L669
6913,INT_4_TYPE,Tower Light Heating Green,,&LastSet.MessageLight[4][0],2,0,0,Tower Light Heating Green,670,SECSGEM/uHGemHT9045_EC.cpp#L670
6914,INT_4_TYPE,Tower Light Heating Yellow,,&LastSet.MessageLight[4][1],2,0,0,Tower Light Heating Yellow,671,SECSGEM/uHGemHT9045_EC.cpp#L671
6915,INT_4_TYPE,Tower Light Heating Red,,&LastSet.MessageLight[4][2],2,0,0,Tower Light Heating Red,672,SECSGEM/uHGemHT9045_EC.cpp#L672
6916,INT_4_TYPE,Tower Light Homing Green,,&LastSet.MessageLight[5][0],2,0,0,Tower Light Homing Green,673,SECSGEM/uHGemHT9045_EC.cpp#L673
6917,INT_4_TYPE,Tower Light Homing Yellow,,&LastSet.MessageLight[5][1],2,0,0,Tower Light Homing Yellow,674,SECSGEM/uHGemHT9045_EC.cpp#L674
6918,INT_4_TYPE,Tower Light Homing Red,,&LastSet.MessageLight[5][2],2,0,0,Tower Light Homing Red,675,SECSGEM/uHGemHT9045_EC.cpp#L675
6921,INT_4_TYPE,Music Select Running,,&LastSet.MusicSelect[0],4,0,0,0: Silent; 1: Music1; 2: Music2; 3: Music3; 4: Music4; ,676,SECSGEM/uHGemHT9045_EC.cpp#L676
6922,INT_4_TYPE,Music Select Error/Jam,,&LastSet.MusicSelect[1],4,0,0,0: Silent; 1: Music1; 2: Music2; 3: Music3; 4: Music5;,677,SECSGEM/uHGemHT9045_EC.cpp#L677
6923,INT_4_TYPE,Music Select Pause,,&LastSet.MusicSelect[2],4,0,0,0: Silent; 1: Music1; 2: Music2; 3: Music3; 4: Music6;,678,SECSGEM/uHGemHT9045_EC.cpp#L678
6924,INT_4_TYPE,Music Select Message,,&LastSet.MusicSelect[3],4,0,0,0: Silent; 1: Music1; 2: Music2; 3: Music3; 4: Music7;,679,SECSGEM/uHGemHT9045_EC.cpp#L679
6925,INT_4_TYPE,Music Select Heating,,&LastSet.MusicSelect[4],4,0,0,0: Silent; 1: Music1; 2: Music2; 3: Music3; 4: Music8;,680,SECSGEM/uHGemHT9045_EC.cpp#L680
6926,INT_4_TYPE,Music Select Homing,,&LastSet.MusicSelect[5],4,0,0,0: Silent; 1: Music1; 2: Music2; 3: Music3; 4: Music9;,681,SECSGEM/uHGemHT9045_EC.cpp#L681
6927,INT_4_TYPE,Music Select Off-Line,,&LastSet.MusicSelect[6],4,0,0,0: Silent; 1: Music1; 2: Music2; 3: Music3; 4: Music10;,682,SECSGEM/uHGemHT9045_EC.cpp#L682
6928,INT_4_TYPE,Music Select Auto Retest,,&LastSet.MusicSelect[7],4,0,0,0: Silent; 1: Music1; 2: Music2; 3: Music3; 4: Music11;,683,SECSGEM/uHGemHT9045_EC.cpp#L683
6930,INT_4_TYPE,Tower Light Off-Line Green,,&LastSet.MessageLight[6][0],2,0,0,Tower Light Homing Red,684,SECSGEM/uHGemHT9045_EC.cpp#L684
6931,INT_4_TYPE,Tower Light Off-Line Yellow,,&LastSet.MessageLight[6][1],2,0,0,Tower Light Homing Red,685,SECSGEM/uHGemHT9045_EC.cpp#L685
6932,INT_4_TYPE,Tower Light Off-Line Red,,&LastSet.MessageLight[6][2],2,0,0,Tower Light Homing Red,686,SECSGEM/uHGemHT9045_EC.cpp#L686
6933,INT_4_TYPE,Tower Light Auto Retest Green,,&LastSet.MessageLight[7][0],2,0,0,Tower Light Homing Red,687,SECSGEM/uHGemHT9045_EC.cpp#L687
6934,INT_4_TYPE,Tower Light Auto Retest Yellow,,&LastSet.MessageLight[7][1],2,0,0,Tower Light Homing Red,688,SECSGEM/uHGemHT9045_EC.cpp#L688
6935,INT_4_TYPE,Tower Light Auto Retest Red,,&LastSet.MessageLight[7][2],2,0,0,Tower Light Homing Red,689,SECSGEM/uHGemHT9045_EC.cpp#L689
7001,INT_4_TYPE,LevelSet 9045 [00] Main - Tools,,&LevelSet.AccessLevel[0],3,0,0,0:Operator; 1:Engineer; 2: Supervisor; 3:HonPrec,690,SECSGEM/uHGemHT9045_EC.cpp#L690
7002,INT_4_TYPE,LevelSet 9045 [01] Main - Config,,&LevelSet.AccessLevel[1],3,0,0,0:Operator; 1:Engineer; 2: Supervisor; 3:HonPrec,691,SECSGEM/uHGemHT9045_EC.cpp#L691
7003,INT_4_TYPE,LevelSet 9045 [02] Main - Offset,,&LevelSet.AccessLevel[2],3,0,0,0:Operator; 1:Engineer; 2: Supervisor; 3:HonPrec,692,SECSGEM/uHGemHT9045_EC.cpp#L692
7004,INT_4_TYPE,LevelSet 9045 [03] Main - Speed,,&LevelSet.AccessLevel[3],3,0,0,0:Operator; 1:Engineer; 2: Supervisor; 3:HonPrec,693,SECSGEM/uHGemHT9045_EC.cpp#L693
7005,INT_4_TYPE,LevelSet 9045 [04] Main - IO,,&LevelSet.AccessLevel[4],3,0,0,0:Operator; 1:Engineer; 2: Supervisor; 3:HonPrec,694,SECSGEM/uHGemHT9045_EC.cpp#L694
7006,INT_4_TYPE,LevelSet 9045 [05] Main - Message,,&LevelSet.AccessLevel[5],3,0,0,0:Operator; 1:Engineer; 2: Supervisor; 3:HonPrec,695,SECSGEM/uHGemHT9045_EC.cpp#L695
7007,INT_4_TYPE,LevelSet 9045 [06] Main - Exit,,&LevelSet.AccessLevel[6],3,0,0,0:Operator; 1:Engineer; 2: Supervisor; 3:HonPrec,696,SECSGEM/uHGemHT9045_EC.cpp#L696
7008,INT_4_TYPE,LevelSet 9045 [07] Main - Hot Mode,,&LevelSet.AccessLevel[7],3,0,0,0:Operator; 1:Engineer; 2: Supervisor; 3:HonPrec,697,SECSGEM/uHGemHT9045_EC.cpp#L697
7009,INT_4_TYPE,LevelSet 9045 [08] Main - Tester On/Off line,,&LevelSet.AccessLevel[8],3,0,0,0:Operator; 1:Engineer; 2: Supervisor; 3:HonPrec,698,SECSGEM/uHGemHT9045_EC.cpp#L698
7010,INT_4_TYPE,LevelSet 9045 [09] Main -Setup File,,&LevelSet.AccessLevel[9],3,0,0,0:Operator; 1:Engineer; 2: Supervisor; 3:HonPrec,699,SECSGEM/uHGemHT9045_EC.cpp#L699
7011,INT_4_TYPE,LevelSet 9045 [10] Main - Site Select,,&LevelSet.AccessLevel[10],3,0,0,0:Operator; 1:Engineer; 2: Supervisor; 3:HonPrec,700,SECSGEM/uHGemHT9045_EC.cpp#L700
7012,INT_4_TYPE,LevelSet 9045 [11] Main - Real/Dummy,,&LevelSet.AccessLevel[11],3,0,0,0:Operator; 1:Engineer; 2: Supervisor; 3:HonPrec,701,SECSGEM/uHGemHT9045_EC.cpp#L701
7013,INT_4_TYPE,LevelSet 9045 [12] Main - Start Mode,,&LevelSet.AccessLevel[12],3,0,0,0:Operator; 1:Engineer; 2: Supervisor; 3:HonPrec,702,SECSGEM/uHGemHT9045_EC.cpp#L702
7015,INT_4_TYPE,LevelSet 9045 [14] Tools - Tray Form,,&LevelSet.AccessLevel[14],3,0,0,0:Operator; 1:Engineer; 2: Supervisor; 3:HonPrec,703,SECSGEM/uHGemHT9045_EC.cpp#L703
7016,INT_4_TYPE,LevelSet 9045 [15] Tools - Plate Form,,&LevelSet.AccessLevel[15],3,0,0,0:Operator; 1:Engineer; 2: Supervisor; 3:HonPrec,704,SECSGEM/uHGemHT9045_EC.cpp#L704
7017,INT_4_TYPE,LevelSet 9045 [16] Tools - Tray Assign,,&LevelSet.AccessLevel[16],3,0,0,0:Operator; 1:Engineer; 2: Supervisor; 3:HonPrec,705,SECSGEM/uHGemHT9045_EC.cpp#L705
7018,INT_4_TYPE,LevelSet 9045 [17] Tools - Temp.OffSet,,&LevelSet.AccessLevel[17],3,0,0,0:Operator; 1:Engineer; 2: Supervisor; 3:HonPrec,706,SECSGEM/uHGemHT9045_EC.cpp#L706
7019,INT_4_TYPE,LevelSet 9045 [18] Tools - Contact,,&LevelSet.AccessLevel[18],3,0,0,0:Operator; 1:Engineer; 2: Supervisor; 3:HonPrec,707,SECSGEM/uHGemHT9045_EC.cpp#L707
7020,INT_4_TYPE,LevelSet 9045 [19] Tools - Test IF,,&LevelSet.AccessLevel[19],3,0,0,0:Operator; 1:Engineer; 2: Supervisor; 3:HonPrec,708,SECSGEM/uHGemHT9045_EC.cpp#L708
7021,INT_4_TYPE,LevelSet 9045 [20] Tools - Bin,,&LevelSet.AccessLevel[20],3,0,0,0:Operator; 1:Engineer; 2: Supervisor; 3:HonPrec,709,SECSGEM/uHGemHT9045_EC.cpp#L709
7022,INT_4_TYPE,LevelSet 9045 [21] Tools - Set Up,,&LevelSet.AccessLevel[21],3,0,0,0:Operator; 1:Engineer; 2: Supervisor; 3:HonPrec,710,SECSGEM/uHGemHT9045_EC.cpp#L710
7023,INT_4_TYPE,LevelSet 9045 [22] Tools - Load/Unld,,&LevelSet.AccessLevel[22],3,0,0,0:Operator; 1:Engineer; 2: Supervisor; 3:HonPrec,711,SECSGEM/uHGemHT9045_EC.cpp#L711
7024,INT_4_TYPE,LevelSet 9045 [23] Config - Builder,,&LevelSet.AccessLevel[23],3,0,0,0:Operator; 1:Engineer; 2: Supervisor; 3:HonPrec,712,SECSGEM/uHGemHT9045_EC.cpp#L712
7025,INT_4_TYPE,LevelSet 9045 [24] Config - Start Mode,,&LevelSet.AccessLevel[24],3,0,0,0:Operator; 1:Engineer; 2: Supervisor; 3:HonPrec,713,SECSGEM/uHGemHT9045_EC.cpp#L713
7026,INT_4_TYPE,LevelSet 9045 [25] Config - C.Select,,&LevelSet.AccessLevel[25],3,0,0,0:Operator; 1:Engineer; 2: Supervisor; 3:HonPrec,714,SECSGEM/uHGemHT9045_EC.cpp#L714
7027,INT_4_TYPE,LevelSet 9045 [26] Config - C.Clear,,&LevelSet.AccessLevel[26],3,0,0,0:Operator; 1:Engineer; 2: Supervisor; 3:HonPrec,715,SECSGEM/uHGemHT9045_EC.cpp#L715
7029,INT_4_TYPE,LevelSet 9045 [28] Config - Tower Light,,&LevelSet.AccessLevel[28],3,0,0,0:Operator; 1:Engineer; 2: Supervisor; 3:HonPrec,716,SECSGEM/uHGemHT9045_EC.cpp#L716
7030,INT_4_TYPE,LevelSet 9045 [29] Config - Password,,&LevelSet.AccessLevel[29],3,0,0,0:Operator; 1:Engineer; 2: Supervisor; 3:HonPrec,717,SECSGEM/uHGemHT9045_EC.cpp#L717
7031,INT_4_TYPE,LevelSet 9045 [30] Config - Configuration,,&LevelSet.AccessLevel[30],3,0,0,0:Operator; 1:Engineer; 2: Supervisor; 3:HonPrec,718,SECSGEM/uHGemHT9045_EC.cpp#L718
7032,INT_4_TYPE,LevelSet 9045 [31] Config - DIO Setting,,&LevelSet.AccessLevel[31],3,0,0,0:Operator; 1:Engineer; 2: Supervisor; 3:HonPrec,719,SECSGEM/uHGemHT9045_EC.cpp#L719
7033,INT_4_TYPE,LevelSet 9045 [32] Main - Temperature Deg Setup,,&LevelSet.AccessLevel[32],3,0,0,0:Operator; 1:Engineer; 2: Supervisor; 3:HonPrec,720,SECSGEM/uHGemHT9045_EC.cpp#L720
7036,INT_4_TYPE,LevelSet 9045 [35] Alarm - Trouble Shooting,,&LevelSet.AccessLevel[35],3,0,0,0:Operator; 1:Engineer; 2: Supervisor; 3:HonPrec,721,SECSGEM/uHGemHT9045_EC.cpp#L721
7038,INT_4_TYPE,LevelSet 9045 [37] Tools - CCD,,&LevelSet.AccessLevel[37],3,0,0,0:Operator; 1:Engineer; 2: Supervisor; 3:HonPrec,722,SECSGEM/uHGemHT9045_EC.cpp#L722
7039,INT_4_TYPE,LevelSet 9045 [38] Contact - Contact Force,,&LevelSet.AccessLevel[38],3,0,0,0:Operator; 1:Engineer; 2: Supervisor; 3:HonPrec,723,SECSGEM/uHGemHT9045_EC.cpp#L723
7040,INT_4_TYPE,LevelSet 9045 [39] Tools - Yield Monitoring,,&LevelSet.AccessLevel[39],3,0,0,0:Operator; 1:Engineer; 2: Supervisor; 3:HonPrec,724,SECSGEM/uHGemHT9045_EC.cpp#L724
7041,INT_4_TYPE,LevelSet 9045 [40] Setup - Shuttle Mode,,&LevelSet.AccessLevel[40],3,0,0,0:Operator; 1:Engineer; 2: Supervisor; 3:HonPrec,725,SECSGEM/uHGemHT9045_EC.cpp#L725
7042,INT_4_TYPE,LevelSet 9045 [41] Main - Change SetUp File,,&LevelSet.AccessLevel[41],3,0,0,0:Operator; 1:Engineer; 2: Supervisor; 3:HonPrec,726,SECSGEM/uHGemHT9045_EC.cpp#L726
7043,INT_4_TYPE,LevelSet 9045 [42] Config - SECS\GEM,,&LevelSet.AccessLevel[42],3,0,0,0:Operator; 1:Engineer; 2: Supervisor; 3:HonPrec,727,SECSGEM/uHGemHT9045_EC.cpp#L727
7044,INT_4_TYPE,LevelSet 9045 [43] Tools - Auto Clean,,&LevelSet.AccessLevel[43],3,0,0,0:Operator; 1:Engineer; 2: Supervisor; 3:HonPrec,728,SECSGEM/uHGemHT9045_EC.cpp#L728
7045,INT_4_TYPE,LevelSet 9045 [44] Tools - ATC,,&LevelSet.AccessLevel[44],3,0,0,0:Operator; 1:Engineer; 2: Supervisor; 3:HonPrec,729,SECSGEM/uHGemHT9045_EC.cpp#L729
7046,INT_4_TYPE,LevelSet 9045 [45] Tools - Sensor Adj.,,&LevelSet.AccessLevel[45],3,0,0,0:Operator; 1:Engineer; 2: Supervisor; 3:HonPrec,730,SECSGEM/uHGemHT9045_EC.cpp#L730
7047,INT_4_TYPE,LevelSet 9045 [46] Config - Sensor Latch,,&LevelSet.AccessLevel[46],3,0,0,0:Operator; 1:Engineer; 2: Supervisor; 3:HonPrec,731,SECSGEM/uHGemHT9045_EC.cpp#L731
7048,INT_4_TYPE,LevelSet 9045 [47] Config - Omron Temp.,,&LevelSet.AccessLevel[47],3,0,0,0:Operator; 1:Engineer; 2: Supervisor; 3:HonPrec,732,SECSGEM/uHGemHT9045_EC.cpp#L732
7049,INT_4_TYPE,LevelSet 9045 [48] Tools - OCR,,&LevelSet.AccessLevel[48],3,0,0,0:Operator; 1:Engineer; 2: Supervisor; 3:HonPrec,733,SECSGEM/uHGemHT9045_EC.cpp#L733
7050,INT_4_TYPE,LevelSet 9045 [49] Config - Auto Temp.,,&LevelSet.AccessLevel[49],3,0,0,0:Operator; 1:Engineer; 2: Supervisor; 3:HonPrec,734,SECSGEM/uHGemHT9045_EC.cpp#L734
7051,INT_4_TYPE,LevelSet 9045 [50] Temp.OffSet - Temp. Mode,,&LevelSet.AccessLevel[50],3,0,0,0:Operator; 1:Engineer; 2: Supervisor; 3:HonPrec,735,SECSGEM/uHGemHT9045_EC.cpp#L735
7052,INT_4_TYPE,LevelSet 9045 [51] Temp.OffSet - Default Offset,,&LevelSet.AccessLevel[51],3,0,0,0:Operator; 1:Engineer; 2: Supervisor; 3:HonPrec,736,SECSGEM/uHGemHT9045_EC.cpp#L736
7053,INT_4_TYPE,LevelSet 9045 [52] Temp.OffSet - Base Point,,&LevelSet.AccessLevel[52],3,0,0,0:Operator; 1:Engineer; 2: Supervisor; 3:HonPrec,737,SECSGEM/uHGemHT9045_EC.cpp#L737
7054,INT_4_TYPE,LevelSet 9045 [53] Temp.OffSet - User Offser,,&LevelSet.AccessLevel[53],3,0,0,0:Operator; 1:Engineer; 2: Supervisor; 3:HonPrec,738,SECSGEM/uHGemHT9045_EC.cpp#L738
7055,INT_4_TYPE,LevelSet 9045 [54] Temp.OffSet - Single Limits,,&LevelSet.AccessLevel[54],3,0,0,0:Operator; 1:Engineer; 2: Supervisor; 3:HonPrec,739,SECSGEM/uHGemHT9045_EC.cpp#L739
7056,INT_4_TYPE,LevelSet 9045 [55] Temp.OffSet - Hot Mode,,&LevelSet.AccessLevel[55],3,0,0,0:Operator; 1:Engineer; 2: Supervisor; 3:HonPrec,740,SECSGEM/uHGemHT9045_EC.cpp#L740
7057,INT_4_TYPE,LevelSet 9045 [56] Temp.OffSet - Amb Mode,,&LevelSet.AccessLevel[56],3,0,0,0:Operator; 1:Engineer; 2: Supervisor; 3:HonPrec,741,SECSGEM/uHGemHT9045_EC.cpp#L741
7058,INT_4_TYPE,LevelSet 9045 [57] Temp.OffSet - Index Mode,,&LevelSet.AccessLevel[57],3,0,0,0:Operator; 1:Engineer; 2: Supervisor; 3:HonPrec,742,SECSGEM/uHGemHT9045_EC.cpp#L742
7059,INT_4_TYPE,LevelSet 9045 [58] IO - STACK 1,,&LevelSet.AccessLevel[58],3,0,0,0:Operator; 1:Engineer; 2: Supervisor; 3:HonPrec,743,SECSGEM/uHGemHT9045_EC.cpp#L743
7060,INT_4_TYPE,LevelSet 9045 [59] IO - STACK 2,,&LevelSet.AccessLevel[59],3,0,0,0:Operator; 1:Engineer; 2: Supervisor; 3:HonPrec,744,SECSGEM/uHGemHT9045_EC.cpp#L744
7061,INT_4_TYPE,LevelSet 9045 [60] IO - SUCKER,,&LevelSet.AccessLevel[60],3,0,0,0:Operator; 1:Engineer; 2: Supervisor; 3:HonPrec,745,SECSGEM/uHGemHT9045_EC.cpp#L745
7062,INT_4_TYPE,LevelSet 9045 [61] IO - SHUTTLE,,&LevelSet.AccessLevel[61],3,0,0,0:Operator; 1:Engineer; 2: Supervisor; 3:HonPrec,746,SECSGEM/uHGemHT9045_EC.cpp#L746
7063,INT_4_TYPE,LevelSet 9045 [62] IO - KEY PAD,,&LevelSet.AccessLevel[62],3,0,0,0:Operator; 1:Engineer; 2: Supervisor; 3:HonPrec,747,SECSGEM/uHGemHT9045_EC.cpp#L747
7064,INT_4_TYPE,LevelSet 9045 [63] IO - SYSTEM,,&LevelSet.AccessLevel[63],3,0,0,0:Operator; 1:Engineer; 2: Supervisor; 3:HonPrec,748,SECSGEM/uHGemHT9045_EC.cpp#L748
7065,INT_4_TYPE,LevelSet 9045 [64] IO - INDEX,,&LevelSet.AccessLevel[64],3,0,0,0:Operator; 1:Engineer; 2: Supervisor; 3:HonPrec,749,SECSGEM/uHGemHT9045_EC.cpp#L749
7066,INT_4_TYPE,LevelSet 9045 [65] IO - TTL,,&LevelSet.AccessLevel[65],3,0,0,0:Operator; 1:Engineer; 2: Supervisor; 3:HonPrec,750,SECSGEM/uHGemHT9045_EC.cpp#L750
7067,INT_4_TYPE,LevelSet 9045 [66] IO - TOOLS,,&LevelSet.AccessLevel[66],3,0,0,0:Operator; 1:Engineer; 2: Supervisor; 3:HonPrec,751,SECSGEM/uHGemHT9045_EC.cpp#L751
7068,INT_4_TYPE,LevelSet 9045 [67] Configure - A [Function],,&LevelSet.AccessLevel[67],3,0,0,0:Operator; 1:Engineer; 2: Supervisor; 3:HonPrec,752,SECSGEM/uHGemHT9045_EC.cpp#L752
7069,INT_4_TYPE,LevelSet 9045 [68] Configure - C [Hardware],,&LevelSet.AccessLevel[68],3,0,0,0:Operator; 1:Engineer; 2: Supervisor; 3:HonPrec,753,SECSGEM/uHGemHT9045_EC.cpp#L753
7070,INT_4_TYPE,LevelSet 9045 [69] Configure - D [Index],,&LevelSet.AccessLevel[69],3,0,0,0:Operator; 1:Engineer; 2: Supervisor; 3:HonPrec,754,SECSGEM/uHGemHT9045_EC.cpp#L754
7071,INT_4_TYPE,LevelSet 9045 [70] Configure - E [In/Out Arm],,&LevelSet.AccessLevel[70],3,0,0,0:Operator; 1:Engineer; 2: Supervisor; 3:HonPrec,755,SECSGEM/uHGemHT9045_EC.cpp#L755
7072,INT_4_TYPE,LevelSet 9045 [71] Configure - F [Shuttle],,&LevelSet.AccessLevel[71],3,0,0,0:Operator; 1:Engineer; 2: Supervisor; 3:HonPrec,756,SECSGEM/uHGemHT9045_EC.cpp#L756
7073,INT_4_TYPE,LevelSet 9045 [72] Configure - G [Visible],,&LevelSet.AccessLevel[72],3,0,0,0:Operator; 1:Engineer; 2: Supervisor; 3:HonPrec,757,SECSGEM/uHGemHT9045_EC.cpp#L757
7074,INT_4_TYPE,LevelSet 9045 [73] Configure - I [Tester],,&LevelSet.AccessLevel[73],3,0,0,0:Operator; 1:Engineer; 2: Supervisor; 3:HonPrec,758,SECSGEM/uHGemHT9045_EC.cpp#L758
7075,INT_4_TYPE,LevelSet 9045 [74] Configure - L [Temperature],,&LevelSet.AccessLevel[74],3,0,0,0:Operator; 1:Engineer; 2: Supervisor; 3:HonPrec,759,SECSGEM/uHGemHT9045_EC.cpp#L759
7076,INT_4_TYPE,LevelSet 9045 [75] Configure - O [Count],,&LevelSet.AccessLevel[75],3,0,0,0:Operator; 1:Engineer; 2: Supervisor; 3:HonPrec,760,SECSGEM/uHGemHT9045_EC.cpp#L760
7077,INT_4_TYPE,LevelSet 9045 [76] Configure - N [Network],,&LevelSet.AccessLevel[76],3,0,0,0:Operator; 1:Engineer; 2: Supervisor; 3:HonPrec,761,SECSGEM/uHGemHT9045_EC.cpp#L761
7078,INT_4_TYPE,LevelSet 9045 [77] Configure - P [Tray],,&LevelSet.AccessLevel[77],3,0,0,0:Operator; 1:Engineer; 2: Supervisor; 3:HonPrec,762,SECSGEM/uHGemHT9045_EC.cpp#L762
7079,INT_4_TYPE,LevelSet 9045 [78] Configure - Tray Data,,&LevelSet.AccessLevel[78],3,0,0,0:Operator; 1:Engineer; 2: Supervisor; 3:HonPrec,763,SECSGEM/uHGemHT9045_EC.cpp#L763
7080,INT_4_TYPE,LevelSet 9045 [79] Configure - Hot Plate Data,,&LevelSet.AccessLevel[79],3,0,0,0:Operator; 1:Engineer; 2: Supervisor; 3:HonPrec,764,SECSGEM/uHGemHT9045_EC.cpp#L764
7081,INT_4_TYPE,LevelSet 9045 [80] Tools - Dyna. Temperature,,&LevelSet.AccessLevel[80],3,0,0,0:Operator; 1:Engineer; 2: Supervisor; 3:HonPrec,765,SECSGEM/uHGemHT9045_EC.cpp#L765
7082,INT_4_TYPE,LevelSet 9045 [81] Yield - Yield Alarm,,&LevelSet.AccessLevel[81],3,0,0,0:Operator; 1:Engineer; 2: Supervisor; 3:HonPrec,766,SECSGEM/uHGemHT9045_EC.cpp#L766
7083,INT_4_TYPE,LevelSet 9045 [82] Yield - Piggy-Back Funtions,,&LevelSet.AccessLevel[82],3,0,0,0:Operator; 1:Engineer; 2: Supervisor; 3:HonPrec,767,SECSGEM/uHGemHT9045_EC.cpp#L767
7084,INT_4_TYPE,LevelSet 9045 [83] Yield - Alarm,,&LevelSet.AccessLevel[83],3,0,0,0:Operator; 1:Engineer; 2: Supervisor; 3:HonPrec,768,SECSGEM/uHGemHT9045_EC.cpp#L768
7086,INT_4_TYPE,LevelSet 9045 [85] Main - QA Mode,,&LevelSet.AccessLevel[85],3,0,0,0:Operator; 1:Engineer; 2: Supervisor; 3:HonPrec,769,SECSGEM/uHGemHT9045_EC.cpp#L769
7087,INT_4_TYPE,LevelSet 9045 [86] Config - Motion View,,&LevelSet.AccessLevel[86],3,0,0,0:Operator; 1:Engineer; 2: Supervisor; 3:HonPrec,770,SECSGEM/uHGemHT9045_EC.cpp#L770
7088,INT_4_TYPE,LevelSet 9045 [87] Main  - Teaching,,&LevelSet.AccessLevel[87],3,0,0,0:Operator; 1:Engineer; 2: Supervisor; 3:HonPrec,771,SECSGEM/uHGemHT9045_EC.cpp#L771
7089,INT_4_TYPE,LevelSet 9045 [88] Main  - BarCode,,&LevelSet.AccessLevel[88],3,0,0,0:Operator; 1:Engineer; 2: Supervisor; 3:HonPrec,772,SECSGEM/uHGemHT9045_EC.cpp#L772
7090,INT_4_TYPE,LevelSet 9045 [89] Tools - Rotate,,&LevelSet.AccessLevel[89],3,0,0,0:Operator; 1:Engineer; 2: Supervisor; 3:HonPrec,773,SECSGEM/uHGemHT9045_EC.cpp#L773
7091,INT_4_TYPE,LevelSet 9045 [90] Config - Air Con.,,&LevelSet.AccessLevel[90],3,0,0,0:Operator; 1:Engineer; 2: Supervisor; 3:HonPrec,774,SECSGEM/uHGemHT9045_EC.cpp#L774
7092,INT_4_TYPE,LevelSet 9045 [91] Tools - Test Time,,&LevelSet.AccessLevel[91],3,0,0,0:Operator; 1:Engineer; 2: Supervisor; 3:HonPrec,775,SECSGEM/uHGemHT9045_EC.cpp#L775
7093,INT_4_TYPE,LevelSet 9045 [92] Contact - Contact parameter,,&LevelSet.AccessLevel[92],3,0,0,0:Operator; 1:Engineer; 2: Supervisor; 3:HonPrec,776,SECSGEM/uHGemHT9045_EC.cpp#L776
7094,INT_4_TYPE,LevelSet 9045 [93] Contact - Handler Mode,,&LevelSet.AccessLevel[93],3,0,0,0:Operator; 1:Engineer; 2: Supervisor; 3:HonPrec,777,SECSGEM/uHGemHT9045_EC.cpp#L777
7095,INT_4_TYPE,LevelSet 9045 [94] Setup - Site Map,,&LevelSet.AccessLevel[94],3,0,0,0:Operator; 1:Engineer; 2: Supervisor; 3:HonPrec,778,SECSGEM/uHGemHT9045_EC.cpp#L778
7097,INT_4_TYPE,LevelSet 9045 [96] Configure - Monitor Function,,&LevelSet.AccessLevel[96],3,0,0,0:Operator; 1:Engineer; 2: Supervisor; 3:HonPrec,779,SECSGEM/uHGemHT9045_EC.cpp#L779
7098,INT_4_TYPE,LevelSet 9045 [97] Other - Auto Clean Clear Count,,&LevelSet.AccessLevel[97],3,0,0,0:Operator; 1:Engineer; 2: Supervisor; 3:HonPrec,781,SECSGEM/uHGemHT9045_EC.cpp#L781
7099,INT_4_TYPE,LevelSet 9045 [98] Other - QA Mode Device Count,,&LevelSet.AccessLevel[98],3,0,0,0:Operator; 1:Engineer; 2: Supervisor; 3:HonPrec,782,SECSGEM/uHGemHT9045_EC.cpp#L782
7100,INT_4_TYPE,LevelSet 9045 [99] Tools - Socket,,&LevelSet.AccessLevel[99],3,0,0,0:Operator; 1:Engineer; 2: Supervisor; 3:HonPrec,783,SECSGEM/uHGemHT9045_EC.cpp#L783
7101,INT_4_TYPE,LevelSet 9045 [100] Tools - Laser Sensor,,&LevelSet.AccessLevel[100],3,0,0,0:Operator; 1:Engineer; 2: Supervisor; 3:HonPrec,784,SECSGEM/uHGemHT9045_EC.cpp#L784
7102,INT_4_TYPE,LevelSet 9045 [101] Contact - Height,,&LevelSet.AccessLevel[101],3,0,0,0:Operator; 1:Engineer; 2: Supervisor; 3:HonPrec,785,SECSGEM/uHGemHT9045_EC.cpp#L785
7103,INT_4_TYPE,LevelSet 9045 [102] Other - Loader Tray Mode,,&LevelSet.AccessLevel[102],3,0,0,0:Operator; 1:Engineer; 2: Supervisor; 3:HonPrec,786,SECSGEM/uHGemHT9045_EC.cpp#L786
7104,INT_4_TYPE,LevelSet 9045 [103] Contact - Test Socket IC check,,&LevelSet.AccessLevel[103],3,0,0,0:Operator; 1:Engineer; 2: Supervisor; 3:HonPrec,787,SECSGEM/uHGemHT9045_EC.cpp#L787
7105,INT_4_TYPE,LevelSet 9045 [104] Other - Tray Edit,,&LevelSet.AccessLevel[104],3,0,0,0:Operator; 1:Engineer; 2: Supervisor; 3:HonPrec,788,SECSGEM/uHGemHT9045_EC.cpp#L788
7106,INT_4_TYPE,LevelSet 9045 [105] Main - Big Fan,,&LevelSet.AccessLevel[105],3,0,0,0:Operator; 1:Engineer; 2: Supervisor; 3:HonPrec,789,SECSGEM/uHGemHT9045_EC.cpp#L789
7107,INT_4_TYPE,LevelSet 9045 [106] Temp.OffSet - Initial Temp Offset,,&LevelSet.AccessLevel[106],3,0,0,0:Operator; 1:Engineer; 2: Supervisor; 3:HonPrec,790,SECSGEM/uHGemHT9045_EC.cpp#L790
7108,INT_4_TYPE,LevelSet 9045 [107] Other - Yield Count Clean,,&LevelSet.AccessLevel[107],3,0,0,0:Operator; 1:Engineer; 2: Supervisor; 3:HonPrec,791,SECSGEM/uHGemHT9045_EC.cpp#L791
7109,INT_4_TYPE,LevelSet 9045 [108] Other - Bin Clean Count,,&LevelSet.AccessLevel[108],3,0,0,0:Operator; 1:Engineer; 2: Supervisor; 3:HonPrec,792,SECSGEM/uHGemHT9045_EC.cpp#L792
7110,INT_4_TYPE,LevelSet 9045 [109] Contact - Sensor Adjustment,,&LevelSet.AccessLevel[109],3,0,0,0:Operator; 1:Engineer; 2: Supervisor; 3:HonPrec,793,SECSGEM/uHGemHT9045_EC.cpp#L793
8501,INT_4_TYPE,In Arm Speed,Percentage,&ArmSpeed_File[InArm].iBodySP,100,1,80,In Arm Speed,794,SECSGEM/uHGemHT9045_EC.cpp#L794
8502,INT_4_TYPE,Shuttle Speed,Percentage,&SHSpeed_File.iSH1Sp,100,1,80,Shuttle Speed,795,SECSGEM/uHGemHT9045_EC.cpp#L795
8503,INT_4_TYPE,Index Arm Speed,Percentage,&ArmSpeed_File[IndexArm].iBodySP,100,1,80,Index Arm Speed,797,SECSGEM/uHGemHT9045_EC.cpp#L797
8504,INT_4_TYPE,Out Arm Speed,Percentage,&ArmSpeed_File[OutArm].iBodySP,100,1,80,Out Arm Speed,798,SECSGEM/uHGemHT9045_EC.cpp#L798
8505,INT_4_TYPE,Tray Arm Speed,Percentage,&ArmSpeed_File[TrayArm].iBodySP,100,1,80,Tray Arm Speed,799,SECSGEM/uHGemHT9045_EC.cpp#L799
8507,INT_4_TYPE,Shuttle 2 Speed,Percentage,&SHSpeed_File.iSH2Sp,100,1,80,Shuttle 2 Speed,800,SECSGEM/uHGemHT9045_EC.cpp#L800
8508,INT_4_TYPE,In Rotate Speed,Percentage,&ArmSpeed_File[InRotate].iBodySP,100,1,80,In Rotate Speed,801,SECSGEM/uHGemHT9045_EC.cpp#L801
8509,INT_4_TYPE,Out Rotate Speed,Percentage,&ArmSpeed_File[OutRotate].iBodySP,100,1,80,Out Rotate Speed,802,SECSGEM/uHGemHT9045_EC.cpp#L802
8510,INT_4_TYPE,In Arm Z Speed,Percentage,&ArmSpeed_File[InArm].iZSP,100,1,80,In Arm Z Speed,803,SECSGEM/uHGemHT9045_EC.cpp#L803
8511,INT_4_TYPE,In Arm X Pitch Speed,Percentage,&ArmSpeed_File[InArm].iVariSP,100,1,80,In Arm X Pitch Speed,804,SECSGEM/uHGemHT9045_EC.cpp#L804
8513,INT_4_TYPE,Out Arm Z Speed,Percentage,&ArmSpeed_File[OutArm].iZSP,100,1,80,Out Arm Z Speed,805,SECSGEM/uHGemHT9045_EC.cpp#L805
8514,INT_4_TYPE,Out Arm X Pitch Speed,Percentage,&ArmSpeed_File[OutArm].iVariSP,100,1,80,Out Arm X Pitch Speed,806,SECSGEM/uHGemHT9045_EC.cpp#L806
8527,INT_4_TYPE,Step Shuttle,,&SHSpeed_File.iStepSH,2,0,1,0: OFF; 1: ON;,807,SECSGEM/uHGemHT9045_EC.cpp#L807
8528,INT_4_TYPE,Tray Arm Retry Count,,&ArmSpeed_File[TrayArm].iRetryCT,5,0,1,Tray Arm Retry Count,808,SECSGEM/uHGemHT9045_EC.cpp#L808
8529,FT_8_TYPE,Tray Arm Head Down Time,Second,&ArmSpeed_File[TrayArm].dTAHeadDownIT,10,0.01,0.01,Tray Arm Head Down Time,809,SECSGEM/uHGemHT9045_EC.cpp#L809
8530,BOOLEAN_TYPE,Auto Speed,,&ArmSpeed_File[InArm].bAutoSpeed,1,0,1,0: OFF; 1: ON;,810,SECSGEM/uHGemHT9045_EC.cpp#L810
8534,INT_4_TYPE,Index Retry Count,,&ArmSpeed_File[IndexArm].iRetryCT,5,0,1,Index Retry Count,811,SECSGEM/uHGemHT9045_EC.cpp#L811
8535,FT_8_TYPE,Index Retry Down Distance,mm,&ArmSpeed_File[IndexArm].dRetryDown,0.0,0.0,0.0,Index Retry Down Distance,812,SECSGEM/uHGemHT9045_EC.cpp#L812
8536,FT_8_TYPE,Index Destroy Again Interval Timre,Second,&ArmSpeed_File[IndexArm].dDestroyAgainTime,10,0.01,0.01,Index Destroy Again Interval Timre,813,SECSGEM/uHGemHT9045_EC.cpp#L813
8537,INT_4_TYPE,Index Destroy Again Count,,&ArmSpeed_File[IndexArm].iDestroyAgainCount,5,0,0,Index Destroy Again Count,814,SECSGEM/uHGemHT9045_EC.cpp#L814
8538,INT_4_TYPE,Socket Device Floating Check,,&ArmSpeed_File[IndexArm].bIndexFloatCHK,2,0,0,0: OFF; 1: ON;,815,SECSGEM/uHGemHT9045_EC.cpp#L815
8540,INT_4_TYPE,In Arm ADC Speed,Percentage,&ArmSpeed_File[InArm].iACDCBodySP,100,1,80,In Arm ADC Speed,816,SECSGEM/uHGemHT9045_EC.cpp#L816
8541,INT_4_TYPE,Shuttle ADC Speed,Percentage,&SHSpeed_File.iSH1ACDCSp,100,1,80,Shuttle ADC Speed,817,SECSGEM/uHGemHT9045_EC.cpp#L817
8542,INT_4_TYPE,Index Arm ADC Speed,Percentage,&ArmSpeed_File[IndexArm].iACDCBodySP,100,1,80,Index Arm ADC Speed,818,SECSGEM/uHGemHT9045_EC.cpp#L818
8543,INT_4_TYPE,Out Arm ADC Speed,Percentage,&ArmSpeed_File[OutArm].iACDCBodySP,100,1,80,Out Arm ADC Speed,819,SECSGEM/uHGemHT9045_EC.cpp#L819
8544,INT_4_TYPE,Tray Arm ADC Speed,Percentage,&ArmSpeed_File[TrayArm].iACDCBodySP,100,1,80,Tray Arm ADC Speed,820,SECSGEM/uHGemHT9045_EC.cpp#L820
8546,INT_4_TYPE,Shuttle 2 ADC Speed,Percentage,&SHSpeed_File.iSH2ACDCSp,100,1,80,Shuttle 2 ADC Speed,821,SECSGEM/uHGemHT9045_EC.cpp#L821
8547,INT_4_TYPE,In Rotate ADC Speed,Percentage,&ArmSpeed_File[InRotate].iACDCBodySP,100,1,80,In Rotate ADC Speed,822,SECSGEM/uHGemHT9045_EC.cpp#L822
8548,INT_4_TYPE,Out Rotate ADC Speed,Percentage,&ArmSpeed_File[OutRotate].iACDCBodySP,100,1,80,Out Rotate ADC Speed,823,SECSGEM/uHGemHT9045_EC.cpp#L823
8549,INT_4_TYPE,In Arm Z ADC Speed,Percentage,&ArmSpeed_File[InArm].iACDCZSP,100,1,80,In Arm Z ADC Speed,824,SECSGEM/uHGemHT9045_EC.cpp#L824
8550,INT_4_TYPE,In Arm X Pitch ADC Speed,Percentage,&ArmSpeed_File[InArm].iACDCVariSP,100,1,80,In Arm X Pitch ADC Speed,825,SECSGEM/uHGemHT9045_EC.cpp#L825
8552,INT_4_TYPE,Out Arm Z ADC Speed,Percentage,&ArmSpeed_File[OutArm].iACDCZSP,100,1,80,Out Arm Z ADC Speed,826,SECSGEM/uHGemHT9045_EC.cpp#L826
8553,INT_4_TYPE,Out Arm X Pitch ADC Speed,Percentage,&ArmSpeed_File[OutArm].iACDCVariSP,100,1,80,Out Arm X Pitch ADC Speed,827,SECSGEM/uHGemHT9045_EC.cpp#L827
8560,INT_4_TYPE,In Arm Retry Count,,&ArmSpeed_File[InArm].iRetryCT,5,0,1,In Arm Retry Count,828,SECSGEM/uHGemHT9045_EC.cpp#L828
8561,FT_8_TYPE,In Arm Retry Down Distance,mm,&ArmSpeed_File[InArm].dRetryDown,-0.01,-0.3,-0.01,In Arm Retry Down Distance,829,SECSGEM/uHGemHT9045_EC.cpp#L829
8562,FT_8_TYPE,In Arm Destroy Again Interval Timre,Second,&ArmSpeed_File[InArm].dDestroyAgainTime,10,0.01,0.01,In Arm Destroy Again Interval Timre,830,SECSGEM/uHGemHT9045_EC.cpp#L830
8563,INT_4_TYPE,In Arm Destroy Again Count,,&ArmSpeed_File[InArm].iDestroyAgainCount,5,0,0,In Arm Destroy Again Count,831,SECSGEM/uHGemHT9045_EC.cpp#L831
8564,INT_4_TYPE,In Arm Pitch Function,,&ArmSpeed_File[InArm].bVariModeFIX,1,0,0,0: Open/Close; 1: Fixed,832,SECSGEM/uHGemHT9045_EC.cpp#L832
8565,FT_8_TYPE,In Arm Destroy Check Time,Second,&ArmSpeed_File[InArm].dDestroyCheckTime,1,0.1,0.1,In Arm Destroy Check Time,833,SECSGEM/uHGemHT9045_EC.cpp#L833
8566,BOOLEAN_TYPE,In Arm Destroy Check Need Pause,,&ArmSpeed_File[InArm].bDestroyPauseCheck,1,0,0,In Arm Destroy Check Need Pause,834,SECSGEM/uHGemHT9045_EC.cpp#L834
8567,INT_4_TYPE,In Arm Two Speed Move Down,,&ArmSpeed_File[InArm].iTwoSpeedMove,1,0,0,In Arm Two Speed Move Down,835,SECSGEM/uHGemHT9045_EC.cpp#L835
8568,INT_4_TYPE,In Arm Two Speed Move Down Speed,Percentage,&ArmSpeed_File[InArm].iTwoSpeed,100,1,10,In Arm Two Speed Move Down Speed,836,SECSGEM/uHGemHT9045_EC.cpp#L836
8569,INT_4_TYPE,In Arm Two Speed Move Down ADC,Percentage,&ArmSpeed_File[InArm].iTwoADC,100,1,10,In Arm Two Speed Move Down ADC,837,SECSGEM/uHGemHT9045_EC.cpp#L837
8570,FT_8_TYPE,In Arm Two Speed Move Down Distance,mm,&ArmSpeed_File[InArm].dTwoSpeedDistance,10,1,3,In Arm Two Speed Move Down Distance,838,SECSGEM/uHGemHT9045_EC.cpp#L838
8571,INT_4_TYPE,In Arm Auto Skip,,&ArmSpeed_File[InArm].bAutoSKIP,1,0,0,0: OFF; 1: ON;,839,SECSGEM/uHGemHT9045_EC.cpp#L839
8572,INT_4_TYPE,In Arm Auto Skip Count,,&ArmSpeed_File[InArm].iAutoSkipCT,1000,5,10,In Arm Auto Skip Count,840,SECSGEM/uHGemHT9045_EC.cpp#L840
8573,FT_8_TYPE,In Arm Wait On Shuttle Time,,&ArmSpeed_File[InArm].dWaitOnSH,10,0.01,0.01,,841,SECSGEM/uHGemHT9045_EC.cpp#L841
8574,INT_4_TYPE,Out Arm Retry Count,,&ArmSpeed_File[OutArm].iRetryCT,,,,Out Arm Retry Count,842,SECSGEM/uHGemHT9045_EC.cpp#L842
8575,FT_8_TYPE,Out Arm Retry Down Distance,mm,&ArmSpeed_File[OutArm].dRetryDown,,,,Out Arm Retry Down Distance,843,SECSGEM/uHGemHT9045_EC.cpp#L843
8576,FT_8_TYPE,Out Arm Destroy Again Interval Timre,Second,&ArmSpeed_File[OutArm].dDestroyAgainTime,,,,Out Arm Destroy Again Interval Timre,844,SECSGEM/uHGemHT9045_EC.cpp#L844
8577,INT_4_TYPE,Out Arm Destroy Again Count,,&ArmSpeed_File[OutArm].iDestroyAgainCount,,,,Out Arm Destroy Again Count,845,SECSGEM/uHGemHT9045_EC.cpp#L845
8578,INT_4_TYPE,Out Arm Pitch Function,,&ArmSpeed_File[OutArm].bVariModeFIX,1,0,0,0: Open/Close; 1: Fixed,846,SECSGEM/uHGemHT9045_EC.cpp#L846
8579,FT_8_TYPE,Out Arm Destroy Check Time,Second,&ArmSpeed_File[OutArm].dDestroyCheckTime,1,0.1,0.1,Out Arm Destroy Check Time,847,SECSGEM/uHGemHT9045_EC.cpp#L847
8580,BOOLEAN_TYPE,Out Arm Destroy Check Need Pause,,&ArmSpeed_File[OutArm].bDestroyPauseCheck,1,0,0,Out Arm Destroy Check Need Pause,848,SECSGEM/uHGemHT9045_EC.cpp#L848
8581,INT_4_TYPE,Out Arm Two Speed Move Down,,&ArmSpeed_File[OutArm].iTwoSpeedMove,1,0,0,Out Arm Two Speed Move Down,849,SECSGEM/uHGemHT9045_EC.cpp#L849
8582,INT_4_TYPE,Out Arm Two Speed Move Down Speed,Percentage,&ArmSpeed_File[OutArm].iTwoSpeed,100,1,10,Out Arm Two Speed Move Down Speed,850,SECSGEM/uHGemHT9045_EC.cpp#L850
8583,INT_4_TYPE,Out Arm Two Speed Move Down ADC,Percentage,&ArmSpeed_File[OutArm].iTwoADC,100,1,10,Out Arm Two Speed Move Down ADC,851,SECSGEM/uHGemHT9045_EC.cpp#L851
8584,FT_8_TYPE,Out Arm Two Speed Move Down Distance,mm,&ArmSpeed_File[OutArm].dTwoSpeedDistance,10,1,3,Out Arm Two Speed Move Down Distance,852,SECSGEM/uHGemHT9045_EC.cpp#L852
9501,INT_4_TYPE,Auto Clean Function,,&TestIF_File.iAutoClean_Function,1,0,0,0:Close; 1:Open,853,SECSGEM/uHGemHT9045_EC.cpp#L853
9511,BOOLEAN_TYPE,Auto Clean Initial Start Mode,,fCleaning->chkAutoCleanMode1,,,,Auto Clean Initial Start Mode,854,SECSGEM/uHGemHT9045_EC.cpp#L854
9512,BOOLEAN_TYPE,Auto Clean Initial Retest Start Mode,,fCleaning->chkAutoCleanMode2,,,,Auto Clean Initial Retest Start Mode,855,SECSGEM/uHGemHT9045_EC.cpp#L855
9513,BOOLEAN_TYPE,Auto Clean Finish Mode,,fCleaning->chkAutoCleanMode3,,,,Auto Clean Finish Mode,856,SECSGEM/uHGemHT9045_EC.cpp#L856
9514,BOOLEAN_TYPE,Auto Clean Manual Mode,,fCleaning->chkAutoCleanMode4,,,,Auto Clean Manual  Mode,857,SECSGEM/uHGemHT9045_EC.cpp#L857
9515,BOOLEAN_TYPE,Auto Clean Socket Alarm Fail Mode,,fCleaning->chkAutoCleanMode5,,,,Auto Clean Socket Alarm Fail Mode,858,SECSGEM/uHGemHT9045_EC.cpp#L858
9516,BOOLEAN_TYPE,Auto Clean Interval Contact Mode,,fCleaning->chkAutoCleanMode6,,,,Auto Clean Interval Contact Mode,859,SECSGEM/uHGemHT9045_EC.cpp#L859
9517,INT_4_TYPE,Auto Clean Interval Contact Count,,&TestIF_File.iAutoClean_IntervalContact,,,,Auto Clean Interval Contact Count,860,SECSGEM/uHGemHT9045_EC.cpp#L860
9521,INT_4_TYPE,Auto Clean Device Number of pices,,&TestIF_File.iAutoClean_DeveicePices,,,,Auto Clean Device Number of pices,861,SECSGEM/uHGemHT9045_EC.cpp#L861
9523,INT_4_TYPE,Auto Clean Alarm Count,,&TestIF_File.iAutoClean_AlarmCount,,,,Auto Clean Alarm Count,862,SECSGEM/uHGemHT9045_EC.cpp#L862
9525,INT_4_TYPE,Auto Clean Shuttle Detect,,&iAutoCleanShuttle,1,0,0,0: OFF; 1: ON;,863,SECSGEM/uHGemHT9045_EC.cpp#L863
9526,INT_4_TYPE,Auto Clean Device Position,,&TestIF_File.iAutoClean_Tray,4,1,2,1: Hot Plate 2; 2: Clean Kit; 3: Clean Air; ,864,SECSGEM/uHGemHT9045_EC.cpp#L864
9531,INT_4_TYPE,Auto Clean Contact Mode,,&TestIF_File.iAutoClean_ContactMode,,,,Auto Clean Contact Mode,865,SECSGEM/uHGemHT9045_EC.cpp#L865
9532,FT_8_TYPE,Auto Clean Contact Time,Second,fCleaning->edContactTime,,,,Auto Clean Contact Time(Second),866,SECSGEM/uHGemHT9045_EC.cpp#L866
9533,INT_4_TYPE,Auto Clean Contact Count,,&TestIF_File.iAutoClean_ContactCount,,,,Auto Clean Contact Count,867,SECSGEM/uHGemHT9045_EC.cpp#L867
9534,INT_4_TYPE,Auto Clean Pins Count,,&TestIF_File.iAutoClean_DevicePinCount,,,,Auto Clean Pins Count,868,SECSGEM/uHGemHT9045_EC.cpp#L868
9535,FT_4_TYPE,Auto Clean Force per Pin(N),N,fCleaning->edPinSingleN,,,,Auto Clean Force per Pin(N),869,SECSGEM/uHGemHT9045_EC.cpp#L869
9536,FT_4_TYPE,Auto Clean Force per Pin(gf),G,&TestIF_File.fAutoClean_DevicePinForceGf,,,,Auto Clean Force per Pin(gf),870,SECSGEM/uHGemHT9045_EC.cpp#L870
9537,INT_4_TYPE,Auto Clean Drop High,mm,&TestIF_File.iAutoCleanDropHigh,100,1,0,Auto Clean Drop High,871,SECSGEM/uHGemHT9045_EC.cpp#L871
9541,INT_4_TYPE,Auto Clean In Arm Speed,Percentage,&TestIF_File.iAutoClean_MotorSpeed[0],100,1,10,Auto Clean In Arm Speed(%),872,SECSGEM/uHGemHT9045_EC.cpp#L872
9543,INT_4_TYPE,Auto Clean Shuttle Speed,Percentage,&TestIF_File.iAutoClean_MotorSpeed[1],100,1,10,Auto Clean Shuttle Speed(%),873,SECSGEM/uHGemHT9045_EC.cpp#L873
9544,INT_4_TYPE,Auto Clean Index Arm Speed,Percentage,&TestIF_File.iAutoClean_MotorSpeed[2],100,1,10,Auto Clean Index Arm Speed(%),874,SECSGEM/uHGemHT9045_EC.cpp#L874
9545,INT_4_TYPE,Auto Clean In Arm Z Speed,Percentage,&TestIF_File.iAutoClean_MotorSpeed[3],100,1,10,Auto Clean In Arm Z Speed(%),875,SECSGEM/uHGemHT9045_EC.cpp#L875
9552,FT_8_TYPE,Auto Clean Form X Pitch,mm,&TestIF.dAutoClean_XPitch,,,,Auto Clean Form X Pitch,876,SECSGEM/uHGemHT9045_EC.cpp#L876
9553,FT_8_TYPE,Auto Clean Form Y Pitch,mm,&TestIF.dAutoClean_YPitch,,,,Auto Clean Form Y Pitch,877,SECSGEM/uHGemHT9045_EC.cpp#L877
9554,FT_8_TYPE,Auto Clean Form X Start,mm,&TestIF.dAutoClean_XStart,,,,Auto Clean Form X Start,878,SECSGEM/uHGemHT9045_EC.cpp#L878
9555,FT_8_TYPE,Auto Clean Form Y Start,mm,&TestIF.dAutoClean_YStart,,,,Auto Clean Form Y Start,879,SECSGEM/uHGemHT9045_EC.cpp#L879
9556,INT_4_TYPE,Auto Clean Form X Division,,&TestIF.iAutoClean_XDivision,,,,Auto Clean Form X Division,880,SECSGEM/uHGemHT9045_EC.cpp#L880
9557,INT_4_TYPE,Auto Clean Form Y Division,,&TestIF.iAutoClean_YDivision,,,,Auto Clean Form Y Division,881,SECSGEM/uHGemHT9045_EC.cpp#L881
9558,INT_4_TYPE,Auto Clean Kit Mode for HT9045,,&TestIF_File.bAutoClean_UseTray,1,0,0,0: Kit; 1: Tray; ,882,SECSGEM/uHGemHT9045_EC.cpp#L882
9559,BOOLEAN_TYPE,Auto Clean Use Index Arm 2,,&TestIF_File.bCleanIndexOtherArm,1,0,0,Auto Clean Use Index Arm 2,883,SECSGEM/uHGemHT9045_EC.cpp#L883
9560,INT_4_TYPE,Auto Clean Use Index Mode,,&TestIF_File.iAutoClean_SelectArm,2,0,0,0: Arm1 Only; 1: Arm2 Only; 2: Arm1 & Arm2; ,884,SECSGEM/uHGemHT9045_EC.cpp#L884
9561,BOOLEAN_TYPE,Auto Clean Low Yield Alarm,,&TestIF_File.bAutoClean_FailAlarmLowYield,1,0,0,Auto Clean Low Yield Alarm,885,SECSGEM/uHGemHT9045_EC.cpp#L885
9562,INT_4_TYPE,Auto Clean Low Yield Limit,Percentage,&TestIF_File.iAutoClean_LowYieldLimit,100,0,0,Auto Clean Low Yield Limit,886,SECSGEM/uHGemHT9045_EC.cpp#L886
9563,INT_4_TYPE,Auto Clean Low Yield Ignore Count,,&TestIF_File.iAutoClean_LowYieldCount,100000,1,100,Auto Clean Low Yield Ignore Count,887,SECSGEM/uHGemHT9045_EC.cpp#L887
9564,BOOLEAN_TYPE,Auto Clean Site Yield Alarm,,&TestIF_File.bAutoClean_FailAlarmSiteYieldDifferent,1,0,0,Auto Clean Site Yield Alarm,888,SECSGEM/uHGemHT9045_EC.cpp#L888
9565,INT_4_TYPE,Auto Clean Site Yield Limit,Percentage,&TestIF_File.iAutoClean_FailAlarmSiteYield,100,0,0,Auto Clean Site Yield Limit,889,SECSGEM/uHGemHT9045_EC.cpp#L889
9566,INT_4_TYPE,Auto Clean Site Yield Ignore Count,,&TestIF_File.iAutoClean_FailAlarmSiteYieldDifferentCount,100000,1,100,Auto Clean Site Yield Ignore Count,890,SECSGEM/uHGemHT9045_EC.cpp#L890
9567,BOOLEAN_TYPE,Auto Clean Consecutive Fail by Socket for FT,,&TestIF_File.bAutoClean_ConseFailureBySocket_Normal,1,0,0,Auto Clean Consecutive Fail by Socket for FT,891,SECSGEM/uHGemHT9045_EC.cpp#L891
9568,INT_4_TYPE,Auto Clean Consecutive Fail by Socket Count for FT,,&TestIF_File.iAutoClean_ConseFailureCountBySocket_Normal,100000,1,100,Auto Clean Consecutive Fail by Socket Count for FT,892,SECSGEM/uHGemHT9045_EC.cpp#L892
9569,BOOLEAN_TYPE,Auto Clean Consecutive Fail by Socket for RT,,&TestIF_File.bAutoClean_ConseFailureBySocket_Retest,1,0,0,Auto Clean Consecutive Fail by Socket for RT,893,SECSGEM/uHGemHT9045_EC.cpp#L893
9570,INT_4_TYPE,Auto Clean Consecutive Fail by Socket Count for RT,,&TestIF_File.iAutoClean_ConseFailureCountBySocket_Retest,100000,1,100,Auto Clean Consecutive Fail by Socket Count for RT,894,SECSGEM/uHGemHT9045_EC.cpp#L894
9571,BOOLEAN_TYPE,Auto Clean Consecutive Fail by Head for FT,,&TestIF_File.bAutoClean_ConseFailureByHead_Normal,1,0,0,Auto Clean Consecutive Fail by Head for FT,895,SECSGEM/uHGemHT9045_EC.cpp#L895
9572,INT_4_TYPE,Auto Clean Consecutive Fail by Head Count for FT,,&TestIF_File.iAutoClean_ConseFailureCountByHead_Normal,100000,1,100,Auto Clean Consecutive Fail by Head Count for FT,896,SECSGEM/uHGemHT9045_EC.cpp#L896
9573,BOOLEAN_TYPE,Auto Clean Consecutive Fail by Head for RT,,&TestIF_File.bAutoClean_ConseFailureByHead_Retest,1,0,0,Auto Clean Consecutive Fail by Head for RT,897,SECSGEM/uHGemHT9045_EC.cpp#L897
9574,INT_4_TYPE,Auto Clean Consecutive Fail by Head Count for RT,,&TestIF_File.iAutoClean_ConseFailureCountByHead_Retest,100000,1,100,Auto Clean Consecutive Fail by Head Count for RT,898,SECSGEM/uHGemHT9045_EC.cpp#L898
9601,FT_8_TYPE,Auto Clean Contact Shift Height,mm,fCleaning->edACContactShiftHeight,,,,Auto Clean Contact Shift Height,899,SECSGEM/uHGemHT9045_EC.cpp#L899
9602,FT_8_TYPE,Auto Clean Contact Height Offset,mm,fCleaning->edACContactCleanHeight,,,,Auto Clean Contact Height Offset,900,SECSGEM/uHGemHT9045_EC.cpp#L900
9671,FT_8_TYPE,Auto Clean In Shuttle 2 X Offset,mm,fCleaning->edtShuttle2XOffset,,,,Auto Clean In Shuttle 2 X Offset,901,SECSGEM/uHGemHT9045_EC.cpp#L901
9672,FT_8_TYPE,Auto Clean In Shuttle 2 Y Offset,mm,fCleaning->edtShuttle2YOffset,,,,Auto Clean In Shuttle 2 Y Offset,902,SECSGEM/uHGemHT9045_EC.cpp#L902
9689,FT_8_TYPE,Auto Clean In Shuttle Pick Offset,mm,fCleaning->edShuttle1PickOffset,,,,Auto Clean In Shuttle Pick Offset,903,SECSGEM/uHGemHT9045_EC.cpp#L903
9690,FT_8_TYPE,Auto Clean In Shuttle Place Offset,mm,fCleaning->edtShuttle1PlaceOffset,,,,Auto Clean In Shuttle Place Offset,904,SECSGEM/uHGemHT9045_EC.cpp#L904
10000,INT_4_TYPE,ART Max Count,,&IniConfig.iAutoRetestLimit,1,10,,Maximum count for doing ART,905,SECSGEM/uHGemHT9045_EC.cpp#L905
10001,INT_4_TYPE,ART Fail Yield Rate,,&IniConfig.iFailYieldRate_ART,100,1,,Yield for doing ART,906,SECSGEM/uHGemHT9045_EC.cpp#L906
10609,BOOLEAN_TYPE,Alarm1 Normal Bin 0 Yield over Limit Enable,,&TestIF_File.bByBinFailureEnable[FT][0],1,0,0,Alarm1 Normal Bin 0 Yield over Limit Enable,908,SECSGEM/uHGemHT9045_EC.cpp#L908
10610,FT_8_TYPE,Alarm1 Normal Bin 0 Yield over Limit,Percentage,&TestIF_File.dByBinFailurePercent[FT][0],100,0,0,Alarm1 Normal Bin 0 Yield over Limit,909,SECSGEM/uHGemHT9045_EC.cpp#L909
10611,BOOLEAN_TYPE,Alarm1 Normal Bin 1 Yield over Limit Enable,,&TestIF_File.bByBinFailureEnable[FT][1],1,0,0,Alarm1 Normal Bin 1 Yield over Limit Enable,910,SECSGEM/uHGemHT9045_EC.cpp#L910
10612,FT_8_TYPE,Alarm1 Normal Bin 1 Yield over Limit,Percentage,&TestIF_File.dByBinFailurePercent[FT][1],100,0,0,Alarm1 Normal Bin 1 Yield over Limit,911,SECSGEM/uHGemHT9045_EC.cpp#L911
10613,BOOLEAN_TYPE,Alarm1 Normal Bin 2 Yield over Limit Enable,,&TestIF_File.bByBinFailureEnable[FT][2],1,0,0,Alarm1 Normal Bin 2 Yield over Limit Enable,912,SECSGEM/uHGemHT9045_EC.cpp#L912
10614,FT_8_TYPE,Alarm1 Normal Bin 2 Yield over Limit,Percentage,&TestIF_File.dByBinFailurePercent[FT][2],100,0,0,Alarm1 Normal Bin 2 Yield over Limit,913,SECSGEM/uHGemHT9045_EC.cpp#L913
10615,BOOLEAN_TYPE,Alarm1 Normal Bin 3 Yield over Limit Enable,,&TestIF_File.bByBinFailureEnable[FT][3],1,0,0,Alarm1 Normal Bin 3 Yield over Limit Enable,914,SECSGEM/uHGemHT9045_EC.cpp#L914
10616,FT_8_TYPE,Alarm1 Normal Bin 3 Yield over Limit,Percentage,&TestIF_File.dByBinFailurePercent[FT][3],100,0,0,Alarm1 Normal Bin 3 Yield over Limit,915,SECSGEM/uHGemHT9045_EC.cpp#L915
10617,BOOLEAN_TYPE,Alarm1 Normal Bin 4 Yield over Limit Enable,,&TestIF_File.bByBinFailureEnable[FT][4],1,0,0,Alarm1 Normal Bin 4 Yield over Limit Enable,916,SECSGEM/uHGemHT9045_EC.cpp#L916
10618,FT_8_TYPE,Alarm1 Normal Bin 4 Yield over Limit,Percentage,&TestIF_File.dByBinFailurePercent[FT][4],100,0,0,Alarm1 Normal Bin 4 Yield over Limit,917,SECSGEM/uHGemHT9045_EC.cpp#L917
10619,BOOLEAN_TYPE,Alarm1 Normal Bin 5 Yield over Limit Enable,,&TestIF_File.bByBinFailureEnable[FT][5],1,0,0,Alarm1 Normal Bin 5 Yield over Limit Enable,918,SECSGEM/uHGemHT9045_EC.cpp#L918
10620,FT_8_TYPE,Alarm1 Normal Bin 5 Yield over Limit,Percentage,&TestIF_File.dByBinFailurePercent[FT][5],100,0,0,Alarm1 Normal Bin 5 Yield over Limit,919,SECSGEM/uHGemHT9045_EC.cpp#L919
10621,BOOLEAN_TYPE,Alarm1 Normal Bin 6 Yield over Limit Enable,,&TestIF_File.bByBinFailureEnable[FT][6],1,0,0,Alarm1 Normal Bin 6 Yield over Limit Enable,920,SECSGEM/uHGemHT9045_EC.cpp#L920
10622,FT_8_TYPE,Alarm1 Normal Bin 6 Yield over Limit,Percentage,&TestIF_File.dByBinFailurePercent[FT][6],100,0,0,Alarm1 Normal Bin 6 Yield over Limit,921,SECSGEM/uHGemHT9045_EC.cpp#L921
10623,BOOLEAN_TYPE,Alarm1 Normal Bin 7 Yield over Limit Enable,,&TestIF_File.bByBinFailureEnable[FT][7],1,0,0,Alarm1 Normal Bin 7 Yield over Limit Enable,922,SECSGEM/uHGemHT9045_EC.cpp#L922
10624,FT_8_TYPE,Alarm1 Normal Bin 7 Yield over Limit,Percentage,&TestIF_File.dByBinFailurePercent[FT][7],100,0,0,Alarm1 Normal Bin 7 Yield over Limit,923,SECSGEM/uHGemHT9045_EC.cpp#L923
10625,BOOLEAN_TYPE,Alarm1 Normal Bin 8 Yield over Limit Enable,,&TestIF_File.bByBinFailureEnable[FT][8],1,0,0,Alarm1 Normal Bin 8 Yield over Limit Enable,924,SECSGEM/uHGemHT9045_EC.cpp#L924
10626,FT_8_TYPE,Alarm1 Normal Bin 8 Yield over Limit,Percentage,&TestIF_File.dByBinFailurePercent[FT][8],100,0,0,Alarm1 Normal Bin 8 Yield over Limit,925,SECSGEM/uHGemHT9045_EC.cpp#L925
10627,BOOLEAN_TYPE,Alarm1 Normal Bin 9 Yield over Limit Enable,,&TestIF_File.bByBinFailureEnable[FT][9],1,0,0,Alarm1 Normal Bin 9 Yield over Limit Enable,926,SECSGEM/uHGemHT9045_EC.cpp#L926
10628,FT_8_TYPE,Alarm1 Normal Bin 9 Yield over Limit,Percentage,&TestIF_File.dByBinFailurePercent[FT][9],100,0,0,Alarm1 Normal Bin 9 Yield over Limit,927,SECSGEM/uHGemHT9045_EC.cpp#L927
10629,BOOLEAN_TYPE,Alarm1 Normal Bin 10 Yield over Limit Enable,,&TestIF_File.bByBinFailureEnable[FT][10],1,0,0,Alarm1 Normal Bin 10 Yield over Limit Enable,928,SECSGEM/uHGemHT9045_EC.cpp#L928
10630,FT_8_TYPE,Alarm1 Normal Bin 10 Yield over Limit,Percentage,&TestIF_File.dByBinFailurePercent[FT][10],100,0,0,Alarm1 Normal Bin 10 Yield over Limit,929,SECSGEM/uHGemHT9045_EC.cpp#L929
10631,BOOLEAN_TYPE,Alarm1 Normal Bin 11 Yield over Limit Enable,,&TestIF_File.bByBinFailureEnable[FT][11],1,0,0,Alarm1 Normal Bin 11 Yield over Limit Enable,930,SECSGEM/uHGemHT9045_EC.cpp#L930
10632,FT_8_TYPE,Alarm1 Normal Bin 11 Yield over Limit,Percentage,&TestIF_File.dByBinFailurePercent[FT][11],100,0,0,Alarm1 Normal Bin 11 Yield over Limit,931,SECSGEM/uHGemHT9045_EC.cpp#L931
10633,BOOLEAN_TYPE,Alarm1 Normal Bin 12 Yield over Limit Enable,,&TestIF_File.bByBinFailureEnable[FT][12],1,0,0,Alarm1 Normal Bin 12 Yield over Limit Enable,932,SECSGEM/uHGemHT9045_EC.cpp#L932
10634,FT_8_TYPE,Alarm1 Normal Bin 12 Yield over Limit,Percentage,&TestIF_File.dByBinFailurePercent[FT][12],100,0,0,Alarm1 Normal Bin 12 Yield over Limit,933,SECSGEM/uHGemHT9045_EC.cpp#L933
10635,BOOLEAN_TYPE,Alarm1 Normal Bin 13 Yield over Limit Enable,,&TestIF_File.bByBinFailureEnable[FT][13],1,0,0,Alarm1 Normal Bin 13 Yield over Limit Enable,934,SECSGEM/uHGemHT9045_EC.cpp#L934
10636,FT_8_TYPE,Alarm1 Normal Bin 13 Yield over Limit,Percentage,&TestIF_File.dByBinFailurePercent[FT][13],100,0,0,Alarm1 Normal Bin 13 Yield over Limit,935,SECSGEM/uHGemHT9045_EC.cpp#L935
10637,BOOLEAN_TYPE,Alarm1 Normal Bin 14 Yield over Limit Enable,,&TestIF_File.bByBinFailureEnable[FT][14],1,0,0,Alarm1 Normal Bin 14 Yield over Limit Enable,936,SECSGEM/uHGemHT9045_EC.cpp#L936
10638,FT_8_TYPE,Alarm1 Normal Bin 14 Yield over Limit,Percentage,&TestIF_File.dByBinFailurePercent[FT][14],100,0,0,Alarm1 Normal Bin 14 Yield over Limit,937,SECSGEM/uHGemHT9045_EC.cpp#L937
10639,BOOLEAN_TYPE,Alarm1 Normal Bin 15 Yield over Limit Enable,,&TestIF_File.bByBinFailureEnable[FT][15],1,0,0,Alarm1 Normal Bin 15 Yield over Limit Enable,938,SECSGEM/uHGemHT9045_EC.cpp#L938
10640,FT_8_TYPE,Alarm1 Normal Bin 15 Yield over Limit,Percentage,&TestIF_File.dByBinFailurePercent[FT][15],100,0,0,Alarm1 Normal Bin 15 Yield over Limit,939,SECSGEM/uHGemHT9045_EC.cpp#L939
10641,ASCII_TYPE,Alarm Normal Bin 0-255 Yield Over Limit Enable,,fBinSel->sBinEnableFail[eBinFT],,,,Alarm Normal Bin 0-255 Yield Over Limit Enable; CSV Format for Bin 0 to 255,941,SECSGEM/uHGemHT9045_EC.cpp#L941
10642,ASCII_TYPE,Alarm Normal Bin 0-255 Yield Over Limit,Percentage,fBinSel->sBinFailPercent[eBinFT],,,,Alarm Normal Bin 0-255 Yield Over Limit; CSV Format for Bin 0 to 255,942,SECSGEM/uHGemHT9045_EC.cpp#L942
10643,ASCII_TYPE,Alarm Normal Bin 0-255 Yield Over Limit Ignore,Percentage,fBinSel->sBinFailIgnore[eBinFT],,,,Alarm Normal Bin 0-255 Yield Over Limit Ignore; CSV Format for Bin 0 to 255,943,SECSGEM/uHGemHT9045_EC.cpp#L943
10644,ASCII_TYPE,Alarm Normal Bin 0-255 Count Over Limit Enable,,fBinSel->sBinCountEnable[eBinFT],,,,Alarm Normal Bin 0-255 Yield Count Limit Enable; CSV Format for Bin 0 to 255,944,SECSGEM/uHGemHT9045_EC.cpp#L944
10645,ASCII_TYPE,Alarm Normal Bin 0-255 Count Over Limit,,fBinSel->sBinCountNumber[eBinFT],,,,Alarm Normal Bin 0-255 Yield Count Limit; CSV Format for Bin 0 to 255,945,SECSGEM/uHGemHT9045_EC.cpp#L945
10646,ASCII_TYPE,Alarm Normal Bin 0-255 Count Over Limit Ignore,,fBinSel->sBinCountIgnore[eBinFT],,,,Alarm Normal Bin 0-255 Yield Count Limit Ignore; CSV Format for Bin 0 to 255,946,SECSGEM/uHGemHT9045_EC.cpp#L946
10647,ASCII_TYPE,Alarm Normal Bin 0-255 Special Bin By Arm,,fBinSel->sSpecialBinByArm[eBinFT],,,,Alarm Normal Bin 0-255 Yield Special Bin By Arm; CSV Format for Bin 0 to 255,947,SECSGEM/uHGemHT9045_EC.cpp#L947
10648,ASCII_TYPE,Alarm Normal Bin 0-255 Special Bin Count By Arm,,fBinSel->sSpecialBinCountByArm[eBinFT],,,,Alarm Normal Bin 0-255 Yield Special Bin Count By Arm; CSV Format for Bin 0 to 255,948,SECSGEM/uHGemHT9045_EC.cpp#L948
10649,ASCII_TYPE,Alarm Normal Bin 0-255 Special Bin By Socket,,fBinSel->sSpecialBinBySocket[eBinFT],,,,Alarm Normal Bin 0-255 Yield Special Bin By Socket; CSV Format for Bin 0 to 255,949,SECSGEM/uHGemHT9045_EC.cpp#L949
10650,ASCII_TYPE,Alarm Normal Bin 0-255 Special Bin Count By Socket,,fBinSel->sSpecialBinCountBySocket[eBinFT],,,,Alarm Normal Bin 0-255 Yield Special Bin Count By Socket; CSV Format for Bin 0 to 255,950,SECSGEM/uHGemHT9045_EC.cpp#L950
10680,BOOLEAN_TYPE,LowYield,,fBinSel->sLowYield[eBinFT],,,,LowYield; CSV Format for Bin 0 to 255,952,SECSGEM/uHGemHT9045_EC.cpp#L952
10681,BOOLEAN_TYPE,ArmYield,,fBinSel->sArmYield[eBinFT],,,,ArmYield; CSV Format for Bin 0 to 255,953,SECSGEM/uHGemHT9045_EC.cpp#L953
10682,BOOLEAN_TYPE,SiteYield,,fBinSel->sSiteYield[eBinFT],,,,SiteYield; CSV Format for Bin 0 to 255,954,SECSGEM/uHGemHT9045_EC.cpp#L954
10683,ASCII_TYPE,By Bin per site cleaning,,fBinSel->sBySiteClean[eBinFT],10000,0,0,By Bin per site cleaning; CSV Format for Bin 0 to 255,955,SECSGEM/uHGemHT9045_EC.cpp#L955
10684,ASCII_TYPE,By Bin count cleaning,,fBinSel->sByBinClean[eBinFT],10000,0,0,By Bin count cleaning; CSV Format for Bin 0 to 255,956,SECSGEM/uHGemHT9045_EC.cpp#L956
10691,INT_4_TYPE,Alarm1 Normal By Bin Yield over Limit Ignore count,,&TestIF_File.iByBinFailureIgnore[FT],100000,20,200,Alarm1 Normal By Bin Yield over Limit Ignore count,958,SECSGEM/uHGemHT9045_EC.cpp#L958
10709,BOOLEAN_TYPE,Alarm1 RT Bin 0 Yield over Limit Enable,,&TestIF_File.bByBinFailureEnable[RT][0],1,0,0,Alarm1 RT Bin 0 Yield over Limit Enable,960,SECSGEM/uHGemHT9045_EC.cpp#L960
10710,FT_8_TYPE,Alarm1 RT Bin 0 Yield over Limit,Percentage,&TestIF_File.dByBinFailurePercent[RT][0],100,0,0,Alarm1 RT Bin 0 Yield over Limit,961,SECSGEM/uHGemHT9045_EC.cpp#L961
10711,BOOLEAN_TYPE,Alarm1 RT Bin 1 Yield over Limit Enable,,&TestIF_File.bByBinFailureEnable[RT][1],1,0,0,Alarm1 RT Bin 1 Yield over Limit Enable,962,SECSGEM/uHGemHT9045_EC.cpp#L962
10712,FT_8_TYPE,Alarm1 RT Bin 1 Yield over Limit,Percentage,&TestIF_File.dByBinFailurePercent[RT][1],100,0,0,Alarm1 RT Bin 1 Yield over Limit,963,SECSGEM/uHGemHT9045_EC.cpp#L963
10713,BOOLEAN_TYPE,Alarm1 RT Bin 2 Yield over Limit Enable,,&TestIF_File.bByBinFailureEnable[RT][2],1,0,0,Alarm1 RT Bin 2 Yield over Limit Enable,964,SECSGEM/uHGemHT9045_EC.cpp#L964
10714,FT_8_TYPE,Alarm1 RT Bin 2 Yield over Limit,Percentage,&TestIF_File.dByBinFailurePercent[RT][2],100,0,0,Alarm1 RT Bin 2 Yield over Limit,965,SECSGEM/uHGemHT9045_EC.cpp#L965
10715,BOOLEAN_TYPE,Alarm1 RT Bin 3 Yield over Limit Enable,,&TestIF_File.bByBinFailureEnable[RT][3],1,0,0,Alarm1 RT Bin 3 Yield over Limit Enable,966,SECSGEM/uHGemHT9045_EC.cpp#L966
10716,FT_8_TYPE,Alarm1 RT Bin 3 Yield over Limit,Percentage,&TestIF_File.dByBinFailurePercent[RT][3],100,0,0,Alarm1 RT Bin 3 Yield over Limit,967,SECSGEM/uHGemHT9045_EC.cpp#L967
10717,BOOLEAN_TYPE,Alarm1 RT Bin 4 Yield over Limit Enable,,&TestIF_File.bByBinFailureEnable[RT][4],1,0,0,Alarm1 RT Bin 4 Yield over Limit Enable,968,SECSGEM/uHGemHT9045_EC.cpp#L968
10718,FT_8_TYPE,Alarm1 RT Bin 4 Yield over Limit,Percentage,&TestIF_File.dByBinFailurePercent[RT][4],100,0,0,Alarm1 RT Bin 4 Yield over Limit,969,SECSGEM/uHGemHT9045_EC.cpp#L969
10719,BOOLEAN_TYPE,Alarm1 RT Bin 5 Yield over Limit Enable,,&TestIF_File.bByBinFailureEnable[RT][5],1,0,0,Alarm1 RT Bin 5 Yield over Limit Enable,970,SECSGEM/uHGemHT9045_EC.cpp#L970
10720,FT_8_TYPE,Alarm1 RT Bin 5 Yield over Limit,Percentage,&TestIF_File.dByBinFailurePercent[RT][5],100,0,0,Alarm1 RT Bin 5 Yield over Limit,971,SECSGEM/uHGemHT9045_EC.cpp#L971
10721,BOOLEAN_TYPE,Alarm1 RT Bin 6 Yield over Limit Enable,,&TestIF_File.bByBinFailureEnable[RT][6],1,0,0,Alarm1 RT Bin 6 Yield over Limit Enable,972,SECSGEM/uHGemHT9045_EC.cpp#L972
10722,FT_8_TYPE,Alarm1 RT Bin 6 Yield over Limit,Percentage,&TestIF_File.dByBinFailurePercent[RT][6],100,0,0,Alarm1 RT Bin 6 Yield over Limit,973,SECSGEM/uHGemHT9045_EC.cpp#L973
10723,BOOLEAN_TYPE,Alarm1 RT Bin 7 Yield over Limit Enable,,&TestIF_File.bByBinFailureEnable[RT][7],1,0,0,Alarm1 RT Bin 7 Yield over Limit Enable,974,SECSGEM/uHGemHT9045_EC.cpp#L974
10724,FT_8_TYPE,Alarm1 RT Bin 7 Yield over Limit,Percentage,&TestIF_File.dByBinFailurePercent[RT][7],100,0,0,Alarm1 RT Bin 7 Yield over Limit,975,SECSGEM/uHGemHT9045_EC.cpp#L975
10725,BOOLEAN_TYPE,Alarm1 RT Bin 8 Yield over Limit Enable,,&TestIF_File.bByBinFailureEnable[RT][8],1,0,0,Alarm1 RT Bin 8 Yield over Limit Enable,976,SECSGEM/uHGemHT9045_EC.cpp#L976
10726,FT_8_TYPE,Alarm1 RT Bin 8 Yield over Limit,Percentage,&TestIF_File.dByBinFailurePercent[RT][8],100,0,0,Alarm1 RT Bin 8 Yield over Limit,977,SECSGEM/uHGemHT9045_EC.cpp#L977
10727,BOOLEAN_TYPE,Alarm1 RT Bin 9 Yield over Limit Enable,,&TestIF_File.bByBinFailureEnable[RT][9],1,0,0,Alarm1 RT Bin 9 Yield over Limit Enable,978,SECSGEM/uHGemHT9045_EC.cpp#L978
10728,FT_8_TYPE,Alarm1 RT Bin 9 Yield over Limit,Percentage,&TestIF_File.dByBinFailurePercent[RT][9],100,0,0,Alarm1 RT Bin 9 Yield over Limit,979,SECSGEM/uHGemHT9045_EC.cpp#L979
10729,BOOLEAN_TYPE,Alarm1 RT Bin 10 Yield over Limit Enable,,&TestIF_File.bByBinFailureEnable[RT][10],1,0,0,Alarm1 RT Bin 10 Yield over Limit Enable,980,SECSGEM/uHGemHT9045_EC.cpp#L980
10730,FT_8_TYPE,Alarm1 RT Bin 10 Yield over Limit,Percentage,&TestIF_File.dByBinFailurePercent[RT][10],100,0,0,Alarm1 RT Bin 10 Yield over Limit,981,SECSGEM/uHGemHT9045_EC.cpp#L981
10731,BOOLEAN_TYPE,Alarm1 RT Bin 11 Yield over Limit Enable,,&TestIF_File.bByBinFailureEnable[RT][11],1,0,0,Alarm1 RT Bin 11 Yield over Limit Enable,982,SECSGEM/uHGemHT9045_EC.cpp#L982
10732,FT_8_TYPE,Alarm1 RT Bin 11 Yield over Limit,Percentage,&TestIF_File.dByBinFailurePercent[RT][11],100,0,0,Alarm1 RT Bin 11 Yield over Limit,983,SECSGEM/uHGemHT9045_EC.cpp#L983
10733,BOOLEAN_TYPE,Alarm1 RT Bin 12 Yield over Limit Enable,,&TestIF_File.bByBinFailureEnable[RT][12],1,0,0,Alarm1 RT Bin 12 Yield over Limit Enable,984,SECSGEM/uHGemHT9045_EC.cpp#L984
10734,FT_8_TYPE,Alarm1 RT Bin 12 Yield over Limit,Percentage,&TestIF_File.dByBinFailurePercent[RT][12],100,0,0,Alarm1 RT Bin 12 Yield over Limit,985,SECSGEM/uHGemHT9045_EC.cpp#L985
10735,BOOLEAN_TYPE,Alarm1 RT Bin 13 Yield over Limit Enable,,&TestIF_File.bByBinFailureEnable[RT][13],1,0,0,Alarm1 RT Bin 13 Yield over Limit Enable,986,SECSGEM/uHGemHT9045_EC.cpp#L986
10736,FT_8_TYPE,Alarm1 RT Bin 13 Yield over Limit,Percentage,&TestIF_File.dByBinFailurePercent[RT][13],100,0,0,Alarm1 RT Bin 13 Yield over Limit,987,SECSGEM/uHGemHT9045_EC.cpp#L987
10737,BOOLEAN_TYPE,Alarm1 RT Bin 14 Yield over Limit Enable,,&TestIF_File.bByBinFailureEnable[RT][14],1,0,0,Alarm1 RT Bin 14 Yield over Limit Enable,988,SECSGEM/uHGemHT9045_EC.cpp#L988
10738,FT_8_TYPE,Alarm1 RT Bin 14 Yield over Limit,Percentage,&TestIF_File.dByBinFailurePercent[RT][14],100,0,0,Alarm1 RT Bin 14 Yield over Limit,989,SECSGEM/uHGemHT9045_EC.cpp#L989
10739,BOOLEAN_TYPE,Alarm1 RT Bin 15 Yield over Limit Enable,,&TestIF_File.bByBinFailureEnable[RT][15],1,0,0,Alarm1 RT Bin 15 Yield over Limit Enable,990,SECSGEM/uHGemHT9045_EC.cpp#L990
10740,FT_8_TYPE,Alarm1 RT Bin 15 Yield over Limit,Percentage,&TestIF_File.dByBinFailurePercent[RT][15],100,0,0,Alarm1 RT Bin 15 Yield over Limit,991,SECSGEM/uHGemHT9045_EC.cpp#L991
10741,ASCII_TYPE,Alarm RT Bin 0-255 Yield Over Limit Enable,,fBinSel->sBinEnableFail[eBinRT],,,,Alarm RT Bin 0-255 Yield Over Limit Enable; CSV Format for Bin 0 to 255,993,SECSGEM/uHGemHT9045_EC.cpp#L993
10742,ASCII_TYPE,Alarm RT Bin 0-255 Yield Over Limit,Percentage,fBinSel->sBinFailPercent[eBinRT],,,,Alarm RT Bin 0-255 Yield Over Limit (%); CSV Format for Bin 0 to 255,994,SECSGEM/uHGemHT9045_EC.cpp#L994
10743,ASCII_TYPE,Alarm RT Bin 0-255 Yield Over Limit Ignore,Percentage,fBinSel->sBinFailIgnore[eBinRT],,,,Alarm RT Bin 0-255 Yield Over Limit Ignore; CSV Format for Bin 0 to 255,995,SECSGEM/uHGemHT9045_EC.cpp#L995
10744,ASCII_TYPE,Alarm RT Bin 0-255 Count Over Limit Enable,,fBinSel->sBinCountEnable[eBinRT],,,,Alarm RT Bin 0-255 Yield Count Limit Enable; CSV Format for Bin 0 to 255,996,SECSGEM/uHGemHT9045_EC.cpp#L996
10745,ASCII_TYPE,Alarm RT Bin 0-255 Count Over Limit,,fBinSel->sBinCountNumber[eBinRT],,,,Alarm RT Bin 0-255 Yield Count Limit; CSV Format for Bin 0 to 255,997,SECSGEM/uHGemHT9045_EC.cpp#L997
10746,ASCII_TYPE,Alarm RT Bin 0-255 Count Over Limit Ignore,,fBinSel->sBinCountIgnore[eBinRT],,,,Alarm RT Bin 0-255 Yield Count Limit Ignore; CSV Format for Bin 0 to 255,998,SECSGEM/uHGemHT9045_EC.cpp#L998
10747,ASCII_TYPE,Alarm RT Bin 0-255 Special Bin By Arm,,fBinSel->sSpecialBinByArm[eBinRT],,,,Alarm RT Bin 0-255 Yield Special Bin By Arm; CSV Format for Bin 0 to 255,999,SECSGEM/uHGemHT9045_EC.cpp#L999
10748,ASCII_TYPE,Alarm RT Bin 0-255 Special Bin Count By Arm,,fBinSel->sSpecialBinCountByArm[eBinRT],,,,Alarm RT Bin 0-255 Yield Special Bin Count By Arm; CSV Format for Bin 0 to 255,1000,SECSGEM/uHGemHT9045_EC.cpp#L1000
10749,ASCII_TYPE,Alarm RT Bin 0-255 Special Bin By Socket,,fBinSel->sSpecialBinBySocket[eBinRT],,,,Alarm RT Bin 0-255 Yield Special Bin By Socket; CSV Format for Bin 0 to 255,1001,SECSGEM/uHGemHT9045_EC.cpp#L1001
10750,ASCII_TYPE,Alarm RT Bin 0-255 Special Bin Count By Socket,,fBinSel->sSpecialBinCountBySocket[eBinRT],,,,Alarm RT Bin 0-255 Yield Special Bin Count By Socket; CSV Format for Bin 0 to 255,1002,SECSGEM/uHGemHT9045_EC.cpp#L1002
10780,BOOLEAN_TYPE,LowYield RT,,fBinSel->sLowYield[eBinRT],,,,LowYield RT; CSV Format for Bin 0 to 255,1003,SECSGEM/uHGemHT9045_EC.cpp#L1003
10781,BOOLEAN_TYPE,ArmYield RT,,fBinSel->sArmYield[eBinRT],,,,ArmYield RT; CSV Format for Bin 0 to 255,1004,SECSGEM/uHGemHT9045_EC.cpp#L1004
10782,BOOLEAN_TYPE,SiteYield RT,,fBinSel->sSiteYield[eBinRT],,,,SiteYield RT; CSV Format for Bin 0 to 255,1005,SECSGEM/uHGemHT9045_EC.cpp#L1005
10783,ASCII_TYPE,By Bin per site cleaning RT,,fBinSel->sBySiteClean[eBinRT],10000,0,0,By Bin per site cleaning RT; CSV Format for Bin 0 to 255,1006,SECSGEM/uHGemHT9045_EC.cpp#L1006
10784,ASCII_TYPE,By Bin count cleaning RT,,fBinSel->sByBinClean[eBinRT],10000,0,0,By Bin count cleaning RT; CSV Format for Bin 0 to 255,1007,SECSGEM/uHGemHT9045_EC.cpp#L1007
10791,INT_4_TYPE,Alarm1 RT By Bin Yield over Limit Ignore count,,&TestIF_File.iByBinFailureIgnore[RT],100000,20,200,Alarm1 RT By Bin Yield over Limit Ignore count,1009,SECSGEM/uHGemHT9045_EC.cpp#L1009
10941,ASCII_TYPE,Alarm OffLine Bin 0-255 Yield Over Limit Enable,,fBinSel->sBinEnableFail[eBinOffLine],,,,Alarm OffLine Bin 0-255 Yield Over Limit Enable; CSV Format for Bin 0 to 255,1011,SECSGEM/uHGemHT9045_EC.cpp#L1011
10942,ASCII_TYPE,Alarm OffLine Bin 0-255 Yield Over Limit,Percentage,fBinSel->sBinFailPercent[eBinOffLine],,,,Alarm OffLine Bin 0-255 Yield Over Limit (%); CSV Format for Bin 0 to 255,1012,SECSGEM/uHGemHT9045_EC.cpp#L1012
10943,ASCII_TYPE,Alarm OffLine Bin 0-255 Yield Over Limit Ignore,Percentage,fBinSel->sBinFailIgnore[eBinOffLine],,,,Alarm OffLine Bin 0-255 Yield Over Limit Ignore; CSV Format for Bin 0 to 255,1013,SECSGEM/uHGemHT9045_EC.cpp#L1013
10944,ASCII_TYPE,Alarm OffLine Bin 0-255 Count Over Limit Enable,,fBinSel->sBinCountEnable[eBinOffLine],,,,Alarm OffLine Bin 0-255 Yield Count Limit Enable; CSV Format for Bin 0 to 255,1014,SECSGEM/uHGemHT9045_EC.cpp#L1014
10945,ASCII_TYPE,Alarm OffLine Bin 0-255 Count Over Limit,,fBinSel->sBinCountNumber[eBinOffLine],,,,Alarm OffLine Bin 0-255 Yield Count Limit; CSV Format for Bin 0 to 255,1015,SECSGEM/uHGemHT9045_EC.cpp#L1015
10946,ASCII_TYPE,Alarm OffLine Bin 0-255 Count Over Limit Ignore,,fBinSel->sBinCountIgnore[eBinOffLine],,,,Alarm OffLine Bin 0-255 Yield Count Limit Ignore; CSV Format for Bin 0 to 255,1016,SECSGEM/uHGemHT9045_EC.cpp#L1016
10947,ASCII_TYPE,Alarm OffLine Bin 0-255 Special Bin By Arm,,fBinSel->sSpecialBinByArm[eBinOffLine],,,,Alarm OffLine Bin 0-255 Yield Special Bin By Arm; CSV Format for Bin 0 to 255,1017,SECSGEM/uHGemHT9045_EC.cpp#L1017
10948,ASCII_TYPE,Alarm OffLine Bin 0-255 Special Bin Count By Arm,,fBinSel->sSpecialBinCountByArm[eBinOffLine],,,,Alarm OffLine Bin 0-255 Yield Special Bin Count By Arm; CSV Format for Bin 0 to 255,1018,SECSGEM/uHGemHT9045_EC.cpp#L1018
10949,ASCII_TYPE,Alarm OffLine Bin 0-255 Special Bin By Socket,,fBinSel->sSpecialBinBySocket[eBinOffLine],,,,Alarm OffLine Bin 0-255 Yield Special Bin By Socket; CSV Format for Bin 0 to 255,1019,SECSGEM/uHGemHT9045_EC.cpp#L1019
10950,ASCII_TYPE,Alarm OffLine Bin 0-255 Special Bin Count By Socket,,fBinSel->sSpecialBinCountBySocket[eBinOffLine],,,,Alarm OffLine Bin 0-255 Yield Special Bin Count By Socket; CSV Format for Bin 0 to 255,1020,SECSGEM/uHGemHT9045_EC.cpp#L1020
10980,BOOLEAN_TYPE,LowYield OffLine,,fBinSel->sLowYield[eBinOffLine],,,,LowYield OffLine; CSV Format for Bin 0 to 255,1021,SECSGEM/uHGemHT9045_EC.cpp#L1021
10981,BOOLEAN_TYPE,ArmYield OffLine,,fBinSel->sArmYield[eBinOffLine],,,,ArmYield OffLine; CSV Format for Bin 0 to 255,1022,SECSGEM/uHGemHT9045_EC.cpp#L1022
10982,BOOLEAN_TYPE,SiteYield OffLine,,fBinSel->sSiteYield[eBinOffLine],,,,SiteYield OffLine; CSV Format for Bin 0 to 255,1023,SECSGEM/uHGemHT9045_EC.cpp#L1023
10983,ASCII_TYPE,By Bin per site cleaning OffLine,,fBinSel->sBySiteClean[eBinOffLine],10000,0,0,By Bin per site cleaning OffLine; CSV Format for Bin 0 to 255,1024,SECSGEM/uHGemHT9045_EC.cpp#L1024
10984,ASCII_TYPE,By Bin count cleaning OffLine,,fBinSel->sByBinClean[eBinOffLine],10000,0,0,By Bin count cleaning OffLine; CSV Format for Bin 0 to 255,1025,SECSGEM/uHGemHT9045_EC.cpp#L1025
11041,ASCII_TYPE,Alarm ART_FT Bin 0-255 Yield Over Limit Enable,,fBinSel->sBinEnableFail[eBinFT_ART],,,,Alarm ART_FT Bin 0-255 Yield Over Limit Enable; CSV Format for Bin 0 to 255,1027,SECSGEM/uHGemHT9045_EC.cpp#L1027
11042,ASCII_TYPE,Alarm ART_FT Bin 0-255 Yield Over Limit,Percentage,fBinSel->sBinFailPercent[eBinFT_ART],,,,Alarm ART_FT Bin 0-255 Yield Over Limit (%); CSV Format for Bin 0 to 255,1028,SECSGEM/uHGemHT9045_EC.cpp#L1028
11043,ASCII_TYPE,Alarm ART_FT Bin 0-255 Yield Over Limit Ignore,Percentage,fBinSel->sBinFailIgnore[eBinFT_ART],,,,Alarm ART_FT Bin 0-255 Yield Over Limit Ignore; CSV Format for Bin 0 to 255,1029,SECSGEM/uHGemHT9045_EC.cpp#L1029
11044,ASCII_TYPE,Alarm ART_FT Bin 0-255 Count Over Limit Enable,,fBinSel->sBinCountEnable[eBinFT_ART],,,,Alarm ART_FT Bin 0-255 Yield Count Limit Enable; CSV Format for Bin 0 to 255,1030,SECSGEM/uHGemHT9045_EC.cpp#L1030
11045,ASCII_TYPE,Alarm ART_FT Bin 0-255 Count Over Limit,,fBinSel->sBinCountNumber[eBinFT_ART],,,,Alarm ART_FT Bin 0-255 Yield Count Limit; CSV Format for Bin 0 to 255,1031,SECSGEM/uHGemHT9045_EC.cpp#L1031
11046,ASCII_TYPE,Alarm ART_FT Bin 0-255 Count Over Limit Ignore,,fBinSel->sBinCountIgnore[eBinFT_ART],,,,Alarm ART_FT Bin 0-255 Yield Count Limit Ignore; CSV Format for Bin 0 to 255,1032,SECSGEM/uHGemHT9045_EC.cpp#L1032
11047,ASCII_TYPE,Alarm ART_FT Bin 0-255 Special Bin By Arm,,fBinSel->sSpecialBinByArm[eBinFT_ART],,,,Alarm ART_FT Bin 0-255 Yield Special Bin By Arm; CSV Format for Bin 0 to 255,1033,SECSGEM/uHGemHT9045_EC.cpp#L1033
11048,ASCII_TYPE,Alarm ART_FT Bin 0-255 Special Bin Count By Arm,,fBinSel->sSpecialBinCountByArm[eBinFT_ART],,,,Alarm ART_FT Bin 0-255 Yield Special Bin Count By Arm; CSV Format for Bin 0 to 255,1034,SECSGEM/uHGemHT9045_EC.cpp#L1034
11049,ASCII_TYPE,Alarm ART_FT Bin 0-255 Special Bin By Socket,,fBinSel->sSpecialBinBySocket[eBinFT_ART],,,,Alarm ART_FT Bin 0-255 Yield Special Bin By Socket; CSV Format for Bin 0 to 255,1035,SECSGEM/uHGemHT9045_EC.cpp#L1035
11050,ASCII_TYPE,Alarm ART_FT Bin 0-255 Special Bin Count By Socket,,fBinSel->sSpecialBinCountBySocket[eBinFT_ART],,,,Alarm ART_FT Bin 0-255 Yield Special Bin Count By Socket; CSV Format for Bin 0 to 255,1036,SECSGEM/uHGemHT9045_EC.cpp#L1036
11080,BOOLEAN_TYPE,LowYield ART_FT,,fBinSel->sLowYield[eBinFT_ART],,,,LowYield ART_FT; CSV Format for Bin 0 to 255,1037,SECSGEM/uHGemHT9045_EC.cpp#L1037
11081,BOOLEAN_TYPE,ArmYield ART_FT,,fBinSel->sArmYield[eBinFT_ART],,,,ArmYield ART_FT; CSV Format for Bin 0 to 255,1038,SECSGEM/uHGemHT9045_EC.cpp#L1038
11082,BOOLEAN_TYPE,SiteYield ART_FT,,fBinSel->sSiteYield[eBinFT_ART],,,,SiteYield ART_FT; CSV Format for Bin 0 to 255,1039,SECSGEM/uHGemHT9045_EC.cpp#L1039
11083,ASCII_TYPE,By Bin per site cleaning ART_FT,,fBinSel->sBySiteClean[eBinFT_ART],10000,0,0,By Bin per site cleaning ART_FT; CSV Format for Bin 0 to 255,1040,SECSGEM/uHGemHT9045_EC.cpp#L1040
11084,ASCII_TYPE,By Bin count cleaning ART_FT,,fBinSel->sByBinClean[eBinFT_ART],10000,0,0,By Bin count cleaning ART_FT; CSV Format for Bin 0 to 255,1041,SECSGEM/uHGemHT9045_EC.cpp#L1041
11141,ASCII_TYPE,Alarm ART_RT Bin 0-255 Yield Over Limit Enable,,fBinSel->sBinEnableFail[eBinRT_ART],,,,Alarm ART_RT Bin 0-255 Yield Over Limit Enable; CSV Format for Bin 0 to 255,1043,SECSGEM/uHGemHT9045_EC.cpp#L1043
11142,ASCII_TYPE,Alarm ART_RT Bin 0-255 Yield Over Limit,Percentage,fBinSel->sBinFailPercent[eBinRT_ART],,,,Alarm ART_RT Bin 0-255 Yield Over Limit (%); CSV Format for Bin 0 to 255,1044,SECSGEM/uHGemHT9045_EC.cpp#L1044
11143,ASCII_TYPE,Alarm ART_RT Bin 0-255 Yield Over Limit Ignore,Percentage,fBinSel->sBinFailIgnore[eBinRT_ART],,,,Alarm ART_RT Bin 0-255 Yield Over Limit Ignore; CSV Format for Bin 0 to 255,1045,SECSGEM/uHGemHT9045_EC.cpp#L1045
11144,ASCII_TYPE,Alarm ART_RT Bin 0-255 Count Over Limit Enable,,fBinSel->sBinCountEnable[eBinRT_ART],,,,Alarm ART_RT Bin 0-255 Yield Count Limit Enable; CSV Format for Bin 0 to 255,1046,SECSGEM/uHGemHT9045_EC.cpp#L1046
11145,ASCII_TYPE,Alarm ART_RT Bin 0-255 Count Over Limit,,fBinSel->sBinCountNumber[eBinRT_ART],,,,Alarm ART_RT Bin 0-255 Yield Count Limit; CSV Format for Bin 0 to 255,1047,SECSGEM/uHGemHT9045_EC.cpp#L1047
11146,ASCII_TYPE,Alarm ART_RT Bin 0-255 Count Over Limit Ignore,,fBinSel->sBinCountIgnore[eBinRT_ART],,,,Alarm ART_RT Bin 0-255 Yield Count Limit Ignore; CSV Format for Bin 0 to 255,1048,SECSGEM/uHGemHT9045_EC.cpp#L1048
11147,ASCII_TYPE,Alarm ART_RT Bin 0-255 Special Bin By Arm,,fBinSel->sSpecialBinByArm[eBinRT_ART],,,,Alarm ART_RT Bin 0-255 Yield Special Bin By Arm; CSV Format for Bin 0 to 255,1049,SECSGEM/uHGemHT9045_EC.cpp#L1049
11148,ASCII_TYPE,Alarm ART_RT Bin 0-255 Special Bin Count By Arm,,fBinSel->sSpecialBinCountByArm[eBinRT_ART],,,,Alarm ART_RT Bin 0-255 Yield Special Bin Count By Arm; CSV Format for Bin 0 to 255,1050,SECSGEM/uHGemHT9045_EC.cpp#L1050
11149,ASCII_TYPE,Alarm ART_RT Bin 0-255 Special Bin By Socket,,fBinSel->sSpecialBinBySocket[eBinRT_ART],,,,Alarm ART_RT Bin 0-255 Yield Special Bin By Socket; CSV Format for Bin 0 to 255,1051,SECSGEM/uHGemHT9045_EC.cpp#L1051
11150,ASCII_TYPE,Alarm ART_RT Bin 0-255 Special Bin Count By Socket,,fBinSel->sSpecialBinCountBySocket[eBinRT_ART],,,,Alarm ART_RT Bin 0-255 Yield Special Bin Count By Socket; CSV Format for Bin 0 to 255,1052,SECSGEM/uHGemHT9045_EC.cpp#L1052
11180,BOOLEAN_TYPE,LowYield ART_RT,,fBinSel->sLowYield[eBinRT_ART],,,,LowYield ART_RT; CSV Format for Bin 0 to 255,1053,SECSGEM/uHGemHT9045_EC.cpp#L1053
11181,BOOLEAN_TYPE,ArmYield ART_RT,,fBinSel->sArmYield[eBinRT_ART],,,,ArmYield ART_RT; CSV Format for Bin 0 to 255,1054,SECSGEM/uHGemHT9045_EC.cpp#L1054
11182,BOOLEAN_TYPE,SiteYield ART_RT,,fBinSel->sSiteYield[eBinRT_ART],,,,SiteYield ART_RT; CSV Format for Bin 0 to 255,1055,SECSGEM/uHGemHT9045_EC.cpp#L1055
11183,ASCII_TYPE,By Bin per site cleaning ART_RT,,fBinSel->sBySiteClean[eBinRT_ART],10000,0,0,By Bin per site cleaning ART_RT; CSV Format for Bin 0 to 255,1056,SECSGEM/uHGemHT9045_EC.cpp#L1056
11184,ASCII_TYPE,By Bin count cleaning ART_RT,,fBinSel->sByBinClean[eBinRT_ART],10000,0,0,By Bin count cleaning ART_RT; CSV Format for Bin 0 to 255,1057,SECSGEM/uHGemHT9045_EC.cpp#L1057
11241,ASCII_TYPE,Alarm MRT_FT Bin 0-255 Yield Over Limit Enable,,fBinSel->sBinEnableFail[eBinFT_MRT],,,,Alarm MRT_FT Bin 0-255 Yield Over Limit Enable; CSV Format for Bin 0 to 255,1061,SECSGEM/uHGemHT9045_EC.cpp#L1061
11242,ASCII_TYPE,Alarm MRT_FT Bin 0-255 Yield Over Limit,Percentage,fBinSel->sBinFailPercent[eBinFT_MRT],,,,Alarm MRT_FT Bin 0-255 Yield Over Limit (%); CSV Format for Bin 0 to 255,1062,SECSGEM/uHGemHT9045_EC.cpp#L1062
11243,ASCII_TYPE,Alarm MRT_FT Bin 0-255 Yield Over Limit Ignore,Percentage,fBinSel->sBinFailIgnore[eBinFT_MRT],,,,Alarm MRT_FT Bin 0-255 Yield Over Limit Ignore; CSV Format for Bin 0 to 255,1063,SECSGEM/uHGemHT9045_EC.cpp#L1063
11244,ASCII_TYPE,Alarm MRT_FT Bin 0-255 Count Over Limit Enable,,fBinSel->sBinCountEnable[eBinFT_MRT],,,,Alarm MRT_FT Bin 0-255 Yield Count Limit Enable; CSV Format for Bin 0 to 255,1064,SECSGEM/uHGemHT9045_EC.cpp#L1064
11245,ASCII_TYPE,Alarm MRT_FT Bin 0-255 Count Over Limit,,fBinSel->sBinCountNumber[eBinFT_MRT],,,,Alarm MRT_FT Bin 0-255 Yield Count Limit; CSV Format for Bin 0 to 255,1065,SECSGEM/uHGemHT9045_EC.cpp#L1065
11246,ASCII_TYPE,Alarm MRT_FT Bin 0-255 Count Over Limit Ignore,,fBinSel->sBinCountIgnore[eBinFT_MRT],,,,Alarm MRT_FT Bin 0-255 Yield Count Limit Ignore; CSV Format for Bin 0 to 255,1066,SECSGEM/uHGemHT9045_EC.cpp#L1066
11247,ASCII_TYPE,Alarm MRT_FT Bin 0-255 Special Bin By Arm,,fBinSel->sSpecialBinByArm[eBinFT_MRT],,,,Alarm MRT_FT Bin 0-255 Yield Special Bin By Arm; CSV Format for Bin 0 to 255,1067,SECSGEM/uHGemHT9045_EC.cpp#L1067
11248,ASCII_TYPE,Alarm MRT_FT Bin 0-255 Special Bin Count By Arm,,fBinSel->sSpecialBinCountByArm[eBinFT_MRT],,,,Alarm MRT_FT Bin 0-255 Yield Special Bin Count By Arm; CSV Format for Bin 0 to 255,1068,SECSGEM/uHGemHT9045_EC.cpp#L1068
11249,ASCII_TYPE,Alarm MRT_FT Bin 0-255 Special Bin By Socket,,fBinSel->sSpecialBinBySocket[eBinFT_MRT],,,,Alarm MRT_FT Bin 0-255 Yield Special Bin By Socket; CSV Format for Bin 0 to 255,1069,SECSGEM/uHGemHT9045_EC.cpp#L1069
11250,ASCII_TYPE,Alarm MRT_FT Bin 0-255 Special Bin Count By Socket,,fBinSel->sSpecialBinCountBySocket[eBinFT_MRT],,,,Alarm MRT_FT Bin 0-255 Yield Special Bin Count By Socket; CSV Format for Bin 0 to 255,1070,SECSGEM/uHGemHT9045_EC.cpp#L1070
11280,BOOLEAN_TYPE,LowYield MRT_FT,,fBinSel->sLowYield[eBinFT_MRT],,,,LowYield MRT_FT; CSV Format for Bin 0 to 255,1071,SECSGEM/uHGemHT9045_EC.cpp#L1071
11281,BOOLEAN_TYPE,ArmYield MRT_FT,,fBinSel->sArmYield[eBinFT_MRT],,,,ArmYield MRT_FT; CSV Format for Bin 0 to 255,1072,SECSGEM/uHGemHT9045_EC.cpp#L1072
11282,BOOLEAN_TYPE,SiteYield MRT_FT,,fBinSel->sSiteYield[eBinFT_MRT],,,,SiteYield MRT_FT; CSV Format for Bin 0 to 255,1073,SECSGEM/uHGemHT9045_EC.cpp#L1073
11283,ASCII_TYPE,By Bin per site cleaning MRT_FT,,fBinSel->sBySiteClean[eBinFT_MRT],10000,0,0,By Bin per site cleaning MRT_FT; CSV Format for Bin 0 to 255,1074,SECSGEM/uHGemHT9045_EC.cpp#L1074
11284,ASCII_TYPE,By Bin count cleaning MRT_FT,,fBinSel->sByBinClean[eBinFT_MRT],10000,0,0,By Bin count cleaning MRT_FT; CSV Format for Bin 0 to 255,1075,SECSGEM/uHGemHT9045_EC.cpp#L1075
11341,ASCII_TYPE,Alarm MRT_RT Bin 0-255 Yield Over Limit Enable,,fBinSel->sBinEnableFail[eBinRT_MRT],,,,Alarm MRT_RT Bin 0-255 Yield Over Limit Enable; CSV Format for Bin 0 to 255,1077,SECSGEM/uHGemHT9045_EC.cpp#L1077
11342,ASCII_TYPE,Alarm MRT_RT Bin 0-255 Yield Over Limit,Percentage,fBinSel->sBinFailPercent[eBinRT_MRT],,,,Alarm MRT_RT Bin 0-255 Yield Over Limit (%); CSV Format for Bin 0 to 255,1078,SECSGEM/uHGemHT9045_EC.cpp#L1078
11343,ASCII_TYPE,Alarm MRT_RT Bin 0-255 Yield Over Limit Ignore,Percentage,fBinSel->sBinFailIgnore[eBinRT_MRT],,,,Alarm MRT_RT Bin 0-255 Yield Over Limit Ignore; CSV Format for Bin 0 to 255,1079,SECSGEM/uHGemHT9045_EC.cpp#L1079
11344,ASCII_TYPE,Alarm MRT_RT Bin 0-255 Count Over Limit Enable,,fBinSel->sBinCountEnable[eBinRT_MRT],,,,Alarm MRT_RT Bin 0-255 Yield Count Limit Enable; CSV Format for Bin 0 to 255,1080,SECSGEM/uHGemHT9045_EC.cpp#L1080
11345,ASCII_TYPE,Alarm MRT_RT Bin 0-255 Count Over Limit,,fBinSel->sBinCountNumber[eBinRT_MRT],,,,Alarm MRT_RT Bin 0-255 Yield Count Limit; CSV Format for Bin 0 to 255,1081,SECSGEM/uHGemHT9045_EC.cpp#L1081
11346,ASCII_TYPE,Alarm MRT_RT Bin 0-255 Count Over Limit Ignore,,fBinSel->sBinCountIgnore[eBinRT_MRT],,,,Alarm MRT_RT Bin 0-255 Yield Count Limit Ignore; CSV Format for Bin 0 to 255,1082,SECSGEM/uHGemHT9045_EC.cpp#L1082
11347,ASCII_TYPE,Alarm MRT_RT Bin 0-255 Special Bin By Arm,,fBinSel->sSpecialBinByArm[eBinRT_MRT],,,,Alarm MRT_RT Bin 0-255 Yield Special Bin By Arm; CSV Format for Bin 0 to 255,1083,SECSGEM/uHGemHT9045_EC.cpp#L1083
11348,ASCII_TYPE,Alarm MRT_RT Bin 0-255 Special Bin Count By Arm,,fBinSel->sSpecialBinCountByArm[eBinRT_MRT],,,,Alarm MRT_RT Bin 0-255 Yield Special Bin Count By Arm; CSV Format for Bin 0 to 255,1084,SECSGEM/uHGemHT9045_EC.cpp#L1084
11349,ASCII_TYPE,Alarm MRT_RT Bin 0-255 Special Bin By Socket,,fBinSel->sSpecialBinBySocket[eBinRT_MRT],,,,Alarm MRT_RT Bin 0-255 Yield Special Bin By Socket; CSV Format for Bin 0 to 255,1085,SECSGEM/uHGemHT9045_EC.cpp#L1085
11350,ASCII_TYPE,Alarm MRT_RT Bin 0-255 Special Bin Count By Socket,,fBinSel->sSpecialBinCountBySocket[eBinRT_MRT],,,,Alarm MRT_RT Bin 0-255 Yield Special Bin Count By Socket; CSV Format for Bin 0 to 255,1086,SECSGEM/uHGemHT9045_EC.cpp#L1086
11380,BOOLEAN_TYPE,LowYield MRT_RT,,fBinSel->sLowYield[eBinRT_MRT],,,,LowYield MRT_RT; CSV Format for Bin 0 to 255,1087,SECSGEM/uHGemHT9045_EC.cpp#L1087
11381,BOOLEAN_TYPE,ArmYield MRT_RT,,fBinSel->sArmYield[eBinRT_MRT],,,,ArmYield MRT_RT; CSV Format for Bin 0 to 255,1088,SECSGEM/uHGemHT9045_EC.cpp#L1088
11382,BOOLEAN_TYPE,SiteYield MRT_RT,,fBinSel->sSiteYield[eBinRT_MRT],,,,SiteYield MRT_RT; CSV Format for Bin 0 to 255,1089,SECSGEM/uHGemHT9045_EC.cpp#L1089
11383,ASCII_TYPE,By Bin per site cleaning MRT_RT,,fBinSel->sBySiteClean[eBinRT_MRT],10000,0,0,By Bin per site cleaning MRT_RT; CSV Format for Bin 0 to 255,1090,SECSGEM/uHGemHT9045_EC.cpp#L1090
11384,ASCII_TYPE,By Bin count cleaning MRT_RT,,fBinSel->sByBinClean[eBinRT_MRT],10000,0,0,By Bin count cleaning MRT_RT; CSV Format for Bin 0 to 255,1091,SECSGEM/uHGemHT9045_EC.cpp#L1091
16000,INT_4_TYPE,Consecutive Failure Alarm by Socket,,&TestIF_File.bContsFailBySocket,1,0,0,0: ON; 1: OFF; ,1094,SECSGEM/uHGemHT9045_EC.cpp#L1094
16001,INT_4_TYPE,Consecutive Failure Alarm Count by Socket,,&TestIF_File.iContsFailSocketAlarmCT,100,1,100,Consecutive Failure Alarm Count by Socket,1095,SECSGEM/uHGemHT9045_EC.cpp#L1095
16002,INT_4_TYPE,Consecutive Failure Alarm by Head,,&TestIF_File.bContsFailByHead,1,0,0,0: ON; 1: OFF; ,1096,SECSGEM/uHGemHT9045_EC.cpp#L1096
16003,INT_4_TYPE,Consecutive Failure Alarm Count by Head,,&TestIF_File.iContsFailHeadAlarmCT,100,1,100,Consecutive Failure Alarm Count by Head,1097,SECSGEM/uHGemHT9045_EC.cpp#L1097
16007,BOOLEAN_TYPE,Low Yield Alarm,,&TestIF_File.bFailAlarmLowYield,1,0,0,Low Yield Alarm,1098,SECSGEM/uHGemHT9045_EC.cpp#L1098
16008,INT_4_TYPE,Low Yield Alarm Percentage,Percentage,&TestIF_File.iLowYieldLimit,100,0,0,Low Yield Alarm Percentage,1099,SECSGEM/uHGemHT9045_EC.cpp#L1099
16009,INT_4_TYPE,Low Yield Alarm Ignore Count,,&TestIF_File.iLowYieldCount,100000,1,100,Low Yield Alarm Ignore Count,1100,SECSGEM/uHGemHT9045_EC.cpp#L1100
16010,BOOLEAN_TYPE,Site Different Alarm,,&TestIF_File.bFailAlarmSiteYieldDifferent,1,0,0,Site Different Alarm,1101,SECSGEM/uHGemHT9045_EC.cpp#L1101
16011,INT_4_TYPE,Site Different Alarm Percentage,Percentage,&TestIF_File.iFailAlarmSiteYield,100,0,0,Site Different Alarm Percentage,1102,SECSGEM/uHGemHT9045_EC.cpp#L1102
16012,INT_4_TYPE,Site Different Alarm Ignore Count,,&TestIF_File.iFailAlarmSiteYieldDifferentCount,100000,1,100,Site Different Alarm Ignore Count,1103,SECSGEM/uHGemHT9045_EC.cpp#L1103
16013,INT_4_TYPE,Piggy Back Function Action,,&TestIF_File.iCountAlarmAction,1,0,0,0: Alarm; 1: Index Check; ,1104,SECSGEM/uHGemHT9045_EC.cpp#L1104
16014,BOOLEAN_TYPE,Piggy Back Continual Pass Bin Enable (Total),,&TestIF_File.bContinuousPass,1,0,0,Piggy Back Continual Pass Bin Enable (Total),1105,SECSGEM/uHGemHT9045_EC.cpp#L1105
16015,INT_4_TYPE,Piggy Back Continual Pass Bin Setting (Total),,&TestIF_File.iContinuousPassBin,255,0,1,Piggy Back Continual Pass Bin Setting (Total),1106,SECSGEM/uHGemHT9045_EC.cpp#L1106
16016,INT_4_TYPE,Piggy Back Continual Pass Bin Count (Total),,&TestIF_File.iContinuousPassBinCount,100000,1,100,Piggy Back Continual Pass Bin Count (Total),1107,SECSGEM/uHGemHT9045_EC.cpp#L1107
16017,BOOLEAN_TYPE,Piggy Back Continual Pass Bin Enable (Socket),,&TestIF_File.bContinuousPassBySocket,1,0,0,Piggy Back Continual Pass Bin Enable (Socket),1108,SECSGEM/uHGemHT9045_EC.cpp#L1108
16018,INT_4_TYPE,Piggy Back Continual Pass Bin Count (Socket),,&TestIF_File.iContinuousPassBinCountBySocket,100000,1,100,Piggy Back Continual Pass Bin Count (Socket),1109,SECSGEM/uHGemHT9045_EC.cpp#L1109
16019,BOOLEAN_TYPE,Piggy Back Continual Loader Enable,,&TestIF_File.bContinuousLoader,1,0,0,Piggy Back Continual Loader Enable,1110,SECSGEM/uHGemHT9045_EC.cpp#L1110
16020,INT_4_TYPE,Piggy Back Continual Loader Count,,&TestIF_File.iContinuousLoaderCount,100000,1,100,Piggy Back Continual Loader Count,1111,SECSGEM/uHGemHT9045_EC.cpp#L1111
16021,BOOLEAN_TYPE,Piggy Back Continual Contact Enable,,&TestIF_File.bContinuousContact,1,0,0,Piggy Back Continual Contact Enable,1112,SECSGEM/uHGemHT9045_EC.cpp#L1112
16022,INT_4_TYPE,Piggy Back Continual Contact Count,,&TestIF_File.iContinuousContactCount,100000,1,100,Piggy Back Continual Contact Count,1113,SECSGEM/uHGemHT9045_EC.cpp#L1113
16023,BOOLEAN_TYPE,By Site Compare Yield Enable,,&TestIF_File.bFailAlarmSiteYieldCmp,1,0,0,By Site Compare Yield Enable,1115,SECSGEM/uHGemHT9045_EC.cpp#L1115
16024,INT_4_TYPE,By Site Compare Yield Percentage,,&TestIF_File.iFailAlarmSiteYieldCmp,100,1,100,By Site Compare Yield Percentage,1116,SECSGEM/uHGemHT9045_EC.cpp#L1116
16025,INT_4_TYPE,By Site Compare Yield Ignore Count,,&TestIF_File.iFailAlarmSiteYieldCmpCount,100000,1,100,By Site Compare Yield Ignore Count,1117,SECSGEM/uHGemHT9045_EC.cpp#L1117
16026,BOOLEAN_TYPE,Low Yields%(By Total) Enable,,&TestIF_File.bFailAlarmLowYieldByTotal,1,0,0,Low Yields%(By Total) Enable,1118,SECSGEM/uHGemHT9045_EC.cpp#L1118
16027,INT_4_TYPE,Low Yields%(By Total) Percentage,,&TestIF_File.iLowYieldLimitByTotal,100,1,100,Low Yields%(By Total) Percentage,1119,SECSGEM/uHGemHT9045_EC.cpp#L1119
16028,INT_4_TYPE,Low Yields%(By Total) Ignore Count,,&TestIF_File.iLowYieldCountByTotal,100000,1,100,Low Yields%(By Total) Ignore Count,1120,SECSGEM/uHGemHT9045_EC.cpp#L1120
16029,BOOLEAN_TYPE,All Site Fail Enable,,&TestIF_File.bAllSiteFail,1,0,0,All Site Fail Enable,1121,SECSGEM/uHGemHT9045_EC.cpp#L1121
16030,INT_4_TYPE,All Site Fail Count,,&TestIF_File.iAllSiteFailCount,500,0,0,All Site Fail Count,1122,SECSGEM/uHGemHT9045_EC.cpp#L1122
16031,BOOLEAN_TYPE,Enable Yield Alarm by Bin Setting,,&TestIF_File.bLowYieldAlarmByBin,1,0,0,Enable Yield Alarm by Bin Setting,1123,SECSGEM/uHGemHT9045_EC.cpp#L1123
16050,BOOLEAN_TYPE,Consecutive Failure Alarm by Socket for RT,,&TestIF_File.bContsFailBySocket_RT,1,0,0,0: ON; 1: OFF; ,1125,SECSGEM/uHGemHT9045_EC.cpp#L1125
16051,INT_4_TYPE,Consecutive Failure Alarm Count by Socket for RT,,&TestIF_File.iContsFailSocketAlarmCT_RT,100,1,100,Consecutive Failure Alarm Count by Socket for RT,1126,SECSGEM/uHGemHT9045_EC.cpp#L1126
16052,BOOLEAN_TYPE,Consecutive Failure Alarm by Head for RT,,&TestIF_File.bContsFailByHead_RT,1,0,0,0: ON; 1: OFF; ,1127,SECSGEM/uHGemHT9045_EC.cpp#L1127
16053,INT_4_TYPE,Consecutive Failure Alarm Count by Head for RT,,&TestIF_File.iContsFailHeadAlarmCT_RT,100,1,100,Consecutive Failure Alarm Count by Head for RT,1128,SECSGEM/uHGemHT9045_EC.cpp#L1128
16057,BOOLEAN_TYPE,Low Yield Alarm for RT,,&TestIF_File.bFailAlarmLowYield_RT,1,0,0,Low Yield Alarm for RT,1129,SECSGEM/uHGemHT9045_EC.cpp#L1129
16058,INT_4_TYPE,Low Yield Alarm Percentage for RT,Percentage,&TestIF_File.iLowYieldLimit_RT,100,0,0,Low Yield Alarm Percentage for RT,1130,SECSGEM/uHGemHT9045_EC.cpp#L1130
16059,INT_4_TYPE,Low Yield Alarm Ignore Count for RT,,&TestIF_File.iLowYieldCount_RT,100000,1,100,Low Yield Alarm Ignore Count for RT,1131,SECSGEM/uHGemHT9045_EC.cpp#L1131
16060,BOOLEAN_TYPE,Site Different Alarm for RT,,&TestIF_File.bFailAlarmSiteYieldDifferent_RT,1,0,0,Site Different Alarm for RT,1132,SECSGEM/uHGemHT9045_EC.cpp#L1132
16061,INT_4_TYPE,Site Different Alarm Percentage for RT,Percentage,&TestIF_File.iFailAlarmSiteYield_RT,100,0,0,Site Different Alarm Percentage for RT,1133,SECSGEM/uHGemHT9045_EC.cpp#L1133
16062,INT_4_TYPE,Site Different Alarm Ignore Count for RT,,&TestIF_File.iFailAlarmSiteYieldDifferentCount_RT,100000,1,100,Site Different Alarm Ignore Count for RT,1134,SECSGEM/uHGemHT9045_EC.cpp#L1134
16063,INT_4_TYPE,Piggy Back Function Action for RT,,&TestIF_File.iCountAlarmAction_RT,1,0,0,0: Alarm; 1: Index Check; ,1135,SECSGEM/uHGemHT9045_EC.cpp#L1135
16064,BOOLEAN_TYPE,Piggy Back Continual Pass Bin Enable (Total) for RT,,&TestIF_File.bContinuousPass_RT,1,0,0,Piggy Back Continual Pass Bin Enable (Total) for RT,1136,SECSGEM/uHGemHT9045_EC.cpp#L1136
16065,INT_4_TYPE,Piggy Back Continual Pass Bin Setting (Total) for RT,,&TestIF_File.iContinuousPassBin_RT,255,0,1,Piggy Back Continual Pass Bin Setting (Total) for RT,1137,SECSGEM/uHGemHT9045_EC.cpp#L1137
16066,INT_4_TYPE,Piggy Back Continual Pass Bin Count (Total) for RT,,&TestIF_File.iContinuousPassBinCount_RT,100000,1,100,Piggy Back Continual Pass Bin Count (Total) for RT,1138,SECSGEM/uHGemHT9045_EC.cpp#L1138
16067,BOOLEAN_TYPE,Piggy Back Continual Pass Bin Enable (Socket) for RT,,&TestIF_File.bContinuousPassBySocket_RT,1,0,0,Piggy Back Continual Pass Bin Enable (Socket) for RT,1139,SECSGEM/uHGemHT9045_EC.cpp#L1139
16068,INT_4_TYPE,Piggy Back Continual Pass Bin Count (Socket) for RT,,&TestIF_File.iContinuousPassBinCountBySocket_RT,100000,1,100,Piggy Back Continual Pass Bin Count (Socket) for RT,1140,SECSGEM/uHGemHT9045_EC.cpp#L1140
16069,BOOLEAN_TYPE,Piggy Back Continual Loader Enable for RT,,&TestIF_File.bContinuousLoader_RT,1,0,0,Piggy Back Continual Loader Enable for RT,1141,SECSGEM/uHGemHT9045_EC.cpp#L1141
16070,INT_4_TYPE,Piggy Back Continual Loader Count for RT,,&TestIF_File.iContinuousLoaderCount_RT,100000,1,100,Piggy Back Continual Loader Count for RT,1142,SECSGEM/uHGemHT9045_EC.cpp#L1142
16071,BOOLEAN_TYPE,Piggy Back Continual Contact Enable for RT,,&TestIF_File.bContinuousContact_RT,1,0,0,Piggy Back Continual Contact Enable for RT,1143,SECSGEM/uHGemHT9045_EC.cpp#L1143
16072,INT_4_TYPE,Piggy Back Continual Contact Count for RT,,&TestIF_File.iContinuousContactCount_RT,100000,1,100,Piggy Back Continual Contact Count for RT,1144,SECSGEM/uHGemHT9045_EC.cpp#L1144
16073,BOOLEAN_TYPE,By Site Compare Yield Enable for RT,,&TestIF_File.bFailAlarmSiteYieldCmp_RT,1,0,0,By Site Compare Yield Enable for RT,1146,SECSGEM/uHGemHT9045_EC.cpp#L1146
16074,INT_4_TYPE,By Site Compare Yield Percentage for RT,,&TestIF_File.iFailAlarmSiteYieldCmp_RT,100,1,100,By Site Compare Yield Percentage for RT,1147,SECSGEM/uHGemHT9045_EC.cpp#L1147
16075,INT_4_TYPE,By Site Compare Yield Ignore Count for RT,,&TestIF_File.iFailAlarmSiteYieldCmpCount_RT,100000,1,100,By Site Compare Yield Ignore Count for RT,1148,SECSGEM/uHGemHT9045_EC.cpp#L1148
16076,BOOLEAN_TYPE,Low Yields%(By Total) Enable for RT,,&TestIF_File.bFailAlarmLowYieldByTotal_RT,1,0,0,Low Yields%(By Total) Enable for RT,1149,SECSGEM/uHGemHT9045_EC.cpp#L1149
16077,INT_4_TYPE,Low Yields%(By Total) Percentage for RT,,&TestIF_File.iLowYieldLimitByTotal_RT,100,1,100,Low Yields%(By Total) Percentage for RT,1150,SECSGEM/uHGemHT9045_EC.cpp#L1150
16078,INT_4_TYPE,Low Yields%(By Total) Ignore Count for RT,,&TestIF_File.iLowYieldCountByTotal_RT,100000,1,100,Low Yields%(By Total) Ignore Count for RT,1151,SECSGEM/uHGemHT9045_EC.cpp#L1151
16079,BOOLEAN_TYPE,All Site Fail Enable for RT,,&TestIF_File.bAllSiteFail_RT,1,0,0,All Site Fail Enable,1152,SECSGEM/uHGemHT9045_EC.cpp#L1152
16100,INT_4_TYPE,QA Mode Device Count,,&TestIF_File.iQAModeCount,10000,50,50,QA Mode Device Count,1154,SECSGEM/uHGemHT9045_EC.cpp#L1154
16101,INT_4_TYPE,Running Mode After QA Mode Finish,,&TestIF_File.iQAModeRunType,1,0,0,0: Clean out every devices without test automatically; 1: One cycle and alarm then normal production; ,1155,SECSGEM/uHGemHT9045_EC.cpp#L1155
16102,INT_4_TYPE,Setted bin for untest devices,,&TestIF_File.iQAModeBin,16,0,1,Setted bin for untest devices,1156,SECSGEM/uHGemHT9045_EC.cpp#L1156
16103,BOOLEAN_TYPE,Tray end need to do QA mode again,,&TestIF_File.bQAModeAfterTrayEnd,1,0,0,Tray end need to do QA mode again,1157,SECSGEM/uHGemHT9045_EC.cpp#L1157
16110,INT_4_TYPE,Active Rotate Function,,&tRotate.ActiveRotate,1,0,0,Active Rotate Function,1159,SECSGEM/uHGemHT9045_EC.cpp#L1159
16111,INT_4_TYPE,Rotate Dut Number,,&tRotate.DutNum,1,0,0,0: 4 Kit; 1: 8 Kit; ,1160,SECSGEM/uHGemHT9045_EC.cpp#L1160
16112,FT_8_TYPE,Rotate X Pitch,mm,&tRotate.RotateKit_PitchX,80,10,40,Rotate X Pitch,1161,SECSGEM/uHGemHT9045_EC.cpp#L1161
16113,FT_8_TYPE,Rotate Y Pitch,mm,&tRotate.RotateKit_PitchY,80,10,60,Rotate Y Pitch,1162,SECSGEM/uHGemHT9045_EC.cpp#L1162
16114,FT_8_TYPE,Aa Rotate Angle,Degree,&tRotate.RotateDutDate[0][0][0],360,0,0,Aa Rotate Angle,1163,SECSGEM/uHGemHT9045_EC.cpp#L1163
16115,FT_8_TYPE,Ab Rotate Angle,Degree,&tRotate.RotateDutDate[0][0][1],360,0,0,Ab Rotate Angle,1164,SECSGEM/uHGemHT9045_EC.cpp#L1164
16116,FT_8_TYPE,Ac Rotate Angle,Degree,&tRotate.RotateDutDate[0][0][2],360,0,0,Ac Rotate Angle,1165,SECSGEM/uHGemHT9045_EC.cpp#L1165
16117,FT_8_TYPE,Ad Rotate Angle,Degree,&tRotate.RotateDutDate[0][0][3],360,0,0,Ad Rotate Angle,1166,SECSGEM/uHGemHT9045_EC.cpp#L1166
16122,FT_8_TYPE,Ba Rotate Angle,Degree,&tRotate.RotateDutDate[0][1][0],360,0,0,Ba Rotate Angle,1167,SECSGEM/uHGemHT9045_EC.cpp#L1167
16123,FT_8_TYPE,Bb Rotate Angle,Degree,&tRotate.RotateDutDate[0][1][1],360,0,0,Bb Rotate Angle,1168,SECSGEM/uHGemHT9045_EC.cpp#L1168
16124,FT_8_TYPE,Bc Rotate Angle,Degree,&tRotate.RotateDutDate[0][1][2],360,0,0,Bc Rotate Angle,1169,SECSGEM/uHGemHT9045_EC.cpp#L1169
16125,FT_8_TYPE,Bd Rotate Angle,Degree,&tRotate.RotateDutDate[0][1][3],360,0,0,Bd Rotate Angle,1170,SECSGEM/uHGemHT9045_EC.cpp#L1170
16148,ASCII_TYPE,In Rotate Angle,Degree,&strInRotateDutAngle,360,0,0,In Rotate Angle,1171,SECSGEM/uHGemHT9045_EC.cpp#L1171
16149,ASCII_TYPE,Out Rotate Angle,Degree,&strOutRotateDutAngle,360,0,0,Out Rotate Angle,1172,SECSGEM/uHGemHT9045_EC.cpp#L1172
16150,FT_8_TYPE,Loader Tray Arrival Lock Time,Second,&Ld_UldDelayTime.LD_TrayArrivalDely,10,0.1,0.1,Loader Tray Arrival Lock Time,1173,SECSGEM/uHGemHT9045_EC.cpp#L1173
16151,FT_8_TYPE,Loader Lock OK Time,Second,&Ld_UldDelayTime.LD_FixTrayDely,10,0.1,0.1,Loader Lock OK Time,1174,SECSGEM/uHGemHT9045_EC.cpp#L1174
16152,FT_8_TYPE,Loader Lifter to Middle Time,Second,&Ld_UldDelayTime.LD_StackMiddLockDelay,10,0.1,0.1,Loader Lifter to Middle Time,1175,SECSGEM/uHGemHT9045_EC.cpp#L1175
16153,FT_8_TYPE,Loader Lifter to Down Time,Second,&Ld_UldDelayTime.LD_LiftDownDelay,10,0.1,0.1,Loader Lifter to Down Time,1176,SECSGEM/uHGemHT9045_EC.cpp#L1176
16154,FT_8_TYPE,Unloader Tray Arrival Lock Time,Second,&Ld_UldDelayTime.ULD_TrayArrivalDelay,10,0.1,0.1,Unloader Tray Arrival Lock Time,1177,SECSGEM/uHGemHT9045_EC.cpp#L1177
16155,FT_8_TYPE,Unloader Lock OK Time,Second,&Ld_UldDelayTime.ULD_FixTrayDely,10,0.1,0.1,Unloader Lock OK Time,1178,SECSGEM/uHGemHT9045_EC.cpp#L1178
16156,FT_8_TYPE,Unloader Lifter to Middle Time,Second,&Ld_UldDelayTime.ULD_TrayBackDelay,10,0.1,0.1,Unloader Lifter to Middle Time,1179,SECSGEM/uHGemHT9045_EC.cpp#L1179
16157,FT_8_TYPE,Unloader Lifter to Down Time,Second,&Ld_UldDelayTime.ULD_LiftDownDelay,10,0.1,0.1,Unloader Lifter to Down Time,1180,SECSGEM/uHGemHT9045_EC.cpp#L1180
16170,FT_8_TYPE,Low Yield Alarm Percentage,Percentage,&TestIF_File.dLowYieldLimit,100,0.1,0.1,Low Yield Alarm Percentage,1181,SECSGEM/uHGemHT9045_EC.cpp#L1181
16171,FT_8_TYPE,Site Different Alarm Percentage,Percentage,&TestIF_File.dFailAlarmSiteYield,100,0.1,0.1,Site Different Alarm Percentage,1182,SECSGEM/uHGemHT9045_EC.cpp#L1182
16172,FT_8_TYPE,Low Yield Alarm Percentage for RT,Percentage,&TestIF_File.dLowYieldLimit_RT,100,0.0,0.0,Low Yield Alarm Percentage for RT,1183,SECSGEM/uHGemHT9045_EC.cpp#L1183
16173,FT_8_TYPE,Site Different Alarm Percentage for RT,Percentage,&TestIF_File.dFailAlarmSiteYield_RT,100,0.0,0.0,Site Different Alarm Percentage for RT,1184,SECSGEM/uHGemHT9045_EC.cpp#L1184
16174,FT_8_TYPE,By Site Compare Yield Percentage,Percentage,&TestIF_File.dFailAlarmSiteYieldCmp,100,0.0,0.0,By Site Compare Yield Percentage,1185,SECSGEM/uHGemHT9045_EC.cpp#L1185
16175,FT_8_TYPE,Low Yields%(By Total) Percentage,Percentage,&TestIF_File.dLowYieldLimitByTotal,100,0.0,0.0,Low Yields%(By Total) Percentage,1186,SECSGEM/uHGemHT9045_EC.cpp#L1186
16176,FT_8_TYPE,By Site Compare Yield Percentage for RT,Percentage,&TestIF_File.dFailAlarmSiteYieldCmp_RT,100,0.0,0.0,By Site Compare Yield Percentage for RT,1187,SECSGEM/uHGemHT9045_EC.cpp#L1187
16177,FT_8_TYPE,Low Yields%(By Total) Percentage for RT,Percentage,&TestIF_File.dLowYieldLimitByTotal_RT,100,0.0,0.0,Low Yields%(By Total) Percentage for RT,1188,SECSGEM/uHGemHT9045_EC.cpp#L1188
35000,BOOLEAN_TYPE,[A01] Auto switch to operator when idle,,&IniConfig.bA01AutoSwitchToOperatorMode,,,,,1190,SECSGEM/uHGemHT9045_EC.cpp#L1190
35001,INT_4_TYPE,[A01] Auto switch to operator when idle sec.,Second,&IniConfig.iA01ChangeOpTime,,10,,,1191,SECSGEM/uHGemHT9045_EC.cpp#L1191
35002,BOOLEAN_TYPE,[A01_1] Press start auto switch to operator,,&IniConfig.bA01PressStartAutoSwitchToOperatorMode,,,,,1192,SECSGEM/uHGemHT9045_EC.cpp#L1192
35003,BOOLEAN_TYPE,[A03] After Home Suck And Carry Ic To InterFace Error,,&IniConfig.bA03UseAfterHomeCarryAndSuckIcToRBin,,,,,1194,SECSGEM/uHGemHT9045_EC.cpp#L1194
35004,BOOLEAN_TYPE,"[A04] Loader Magazine ,Tray split fail can skip",,&IniConfig.bA04LoaderTraySplitFailCanSkip,,,,,1195,SECSGEM/uHGemHT9045_EC.cpp#L1195
35005,BOOLEAN_TYPE,[A05] Use Auto Docking ,,&IniConfig.bA05UseAutoDocking,,,,,1196,SECSGEM/uHGemHT9045_EC.cpp#L1196
35009,BOOLEAN_TYPE,[A08] Loader no tray Cleanout  and Cleanout finish  check again,,&IniConfig.bA08LastLoaderAutoCleanOutAndCheckAgain,,,,,1197,SECSGEM/uHGemHT9045_EC.cpp#L1197
35010,BOOLEAN_TYPE,[A09] By Arm Close Site,,&IniConfig.bA09_ByArmCloseSite,,,,,1198,SECSGEM/uHGemHT9045_EC.cpp#L1198
35011,BOOLEAN_TYPE,[A10] Auto Retest,,&IniConfig.bA10_AutoReTest,,1,0,Enable Auto Retest,1199,SECSGEM/uHGemHT9045_EC.cpp#L1199
35012,BOOLEAN_TYPE,[A11] Barcode Reader,,&IniConfig.bA11BarcodeTime,,,,,1200,SECSGEM/uHGemHT9045_EC.cpp#L1200
35013,INT_4_TYPE,[A11] Barcode Reader over Sec.,Second,&IniConfig.iA11BarcodeTime,,10,,,1201,SECSGEM/uHGemHT9045_EC.cpp#L1201
35014,BOOLEAN_TYPE,[A02] Can select Normal or Prime bin data,,&IniConfig.bA02BinModelPrime,,,,,1202,SECSGEM/uHGemHT9045_EC.cpp#L1202
35015,BOOLEAN_TYPE,[A17] Disable RESET button,,&IniConfig.bA17RESETButtonDisable,,,,,1203,SECSGEM/uHGemHT9045_EC.cpp#L1203
35016,BOOLEAN_TYPE,[A21] Rotate Detect Error Need Shake,,&IniConfig.bA21RotateDetectErrNeedShake,,,,,1204,SECSGEM/uHGemHT9045_EC.cpp#L1204
35017,FT_8_TYPE,[A22-2]Show Message and keep running distance,Second,&IniConfig.dA22MagneticScaleKeepRunRange,10.0,0.01,0.01,,1205,SECSGEM/uHGemHT9045_EC.cpp#L1205
35018,FT_8_TYPE,[A22-3] Show Message and Stop running,Second,&IniConfig.dA22MagneticScaleStopRunRange,10.0,0.01,0.01,,1206,SECSGEM/uHGemHT9045_EC.cpp#L1206
35019,BOOLEAN_TYPE,[A23] Check 'lot no' in SLT report,,&IniConfig.bA23CheckLotNoInSLTReport,,,,,1207,SECSGEM/uHGemHT9045_EC.cpp#L1207
35020,BOOLEAN_TYPE,[A26] Motor Speed Sort Display,,&IniConfig.bA26MotorSpeedSortDisplay,,,,,1208,SECSGEM/uHGemHT9045_EC.cpp#L1208
35021,BOOLEAN_TYPE,[A27] Enable Light Scale,,&IniConfig.bA27EnableLightScale,,,,,1209,SECSGEM/uHGemHT9045_EC.cpp#L1209
35022,BOOLEAN_TYPE,[A27-1] Log Enable Light Scale Data,,&IniConfig.bA27_1LogEnableLightScaleData,,,,,1210,SECSGEM/uHGemHT9045_EC.cpp#L1210
35031,BOOLEAN_TYPE,[A65] Support Bundle Info,,&IniConfig.bA65_BundleIDList,,,,,1211,SECSGEM/uHGemHT9045_EC.cpp#L1211
35032,BOOLEAN_TYPE,[A68] Enable Automatic Loading and Unloading,,&IniConfig.bA68_AutoLoadUnload,,,,,1212,SECSGEM/uHGemHT9045_EC.cpp#L1212
35051,BOOLEAN_TYPE,[C02] Enable CCD,,&IniConfig.bC02InstallCCD,,,,,1214,SECSGEM/uHGemHT9045_EC.cpp#L1214
35052,BOOLEAN_TYPE,[C03] Use CatchTrayFix,,&IniConfig.bC03UseCatchTray,,,,,1215,SECSGEM/uHGemHT9045_EC.cpp#L1215
35072,BOOLEAN_TYPE,[C08] Use socket sensor ,,&IniConfig.bC08_SocketSensor,,,,,1217,SECSGEM/uHGemHT9045_EC.cpp#L1217
35073,BOOLEAN_TYPE,[C09] Jam After Start Car Record,,&IniConfig.bC09_CarRecord,,,,,1218,SECSGEM/uHGemHT9045_EC.cpp#L1218
35074,INT_4_TYPE,[C09] Jam After Start Car Record Delay Time,Second,&IniConfig.iCarRecordDelayTime,1,200,,,1219,SECSGEM/uHGemHT9045_EC.cpp#L1219
35075,BOOLEAN_TYPE,[C10] Enable ESD connect error report function,,&IniConfig.bEnable_ESD_COMERR_Report,,,,,1220,SECSGEM/uHGemHT9045_EC.cpp#L1220
35100,BOOLEAN_TYPE,[D01] Enable ReadTorque  (1/per),,&IniConfig.bD01EnableReadTorque,,,,,1221,SECSGEM/uHGemHT9045_EC.cpp#L1221
35101,BOOLEAN_TYPE,[D02] Off Read Torque Function During Test,,&IniConfig.bD02OffReadTorqueDuringTest,,,,,1222,SECSGEM/uHGemHT9045_EC.cpp#L1222
35103,INT_4_TYPE,[D03] Read Toqrue Count,,&IniConfig.iD01ReadTorqueTimeCount,,0,1000,,1223,SECSGEM/uHGemHT9045_EC.cpp#L1223
35104,BOOLEAN_TYPE,"[D10] Manual height use Z1,Z2 button to UP/Down",,&IniConfig.bD10ManualHeightComptibleWithNS,,,,,1224,SECSGEM/uHGemHT9045_EC.cpp#L1224
35105,BOOLEAN_TYPE,"[D11] If shuttle no device, no need to do auto height.",,&IniConfig.bD11NoIcSkipAutoHeight,,,,,1225,SECSGEM/uHGemHT9045_EC.cpp#L1225
35106,BOOLEAN_TYPE,[D12] Shuttle auto hieight by setting force value,,&IniConfig.bD12UseDeviceFormPressDoShtHeight,,,,,1226,SECSGEM/uHGemHT9045_EC.cpp#L1226
35107,BOOLEAN_TYPE,[D21] Enable Finish Test up and wait,,&IniConfig.bD21EnableFinishTestUpWait,,,,,1227,SECSGEM/uHGemHT9045_EC.cpp#L1227
35108,INT_4_TYPE,[D21] Enable Finish Test up and wait Height,0.01mm,&IniConfig.iD21FinishTestUpWaitHeight,1000,0,,,1228,SECSGEM/uHGemHT9045_EC.cpp#L1228
35109,INT_4_TYPE,[D21] Enable Finish Test up and wait Time,MSecond,&IniConfig.iD21FinishTestUpWaitTime,100000,100,,,1229,SECSGEM/uHGemHT9045_EC.cpp#L1229
35110,BOOLEAN_TYPE,[D22] Support Multi Double Contact,,&IniConfig.bD22SupportMultiDoubleContact,,,,,1230,SECSGEM/uHGemHT9045_EC.cpp#L1230
35111,INT_4_TYPE,[D22] Support Multi Double Contact Count,,&IniConfig.iD22DoubleContactCount,8,0,,,1231,SECSGEM/uHGemHT9045_EC.cpp#L1231
35112,BOOLEAN_TYPE,[D24] Enable EP check funtion,,&IniConfig.bD24EnableEPCheckFuntion,,,,,1232,SECSGEM/uHGemHT9045_EC.cpp#L1232
35113,FT_8_TYPE,[D25]EP Load Rate for 60mm,,&IniConfig.dIndex60mmLoadRate,1.5,0.5,1,,1233,SECSGEM/uHGemHT9045_EC.cpp#L1233
35114,FT_8_TYPE,[D25]EP Load Rate for 40mm,,&IniConfig.dIndex40mmLoadRate,1.5,0.5,1,,1234,SECSGEM/uHGemHT9045_EC.cpp#L1234
35115,FT_8_TYPE,[D25]EP Load Rate for 30mm,,&IniConfig.dIndex30mmLoadRate,1.5,0.5,1,,1235,SECSGEM/uHGemHT9045_EC.cpp#L1235
35116,BOOLEAN_TYPE,[D26] Enable EP Encoder Range,,&IniConfig.bD26EnableEPEncoderRange,,,,,1236,SECSGEM/uHGemHT9045_EC.cpp#L1236
35117,INT_4_TYPE,[D26] EP Encoder Range,,&IniConfig.iD26EPEncoderRange,,,,,1237,SECSGEM/uHGemHT9045_EC.cpp#L1237
35118,BOOLEAN_TYPE,[D27] Enable single site 85 kg,,&IniConfig.bD27UseSingleSite85kg,,,,,1238,SECSGEM/uHGemHT9045_EC.cpp#L1238
35119,BOOLEAN_TYPE,[D22-2] Double Contact No Need Re-Contact,,&IniConfig.bD22DoubleContactNoNeedReContact,,,,,1239,SECSGEM/uHGemHT9045_EC.cpp#L1239
35120,BOOLEAN_TYPE,[D29] Stable Contact Mode,,&IniConfig.bD29EnableIndexContactDelay,,,,,1240,SECSGEM/uHGemHT9045_EC.cpp#L1240
35121,BOOLEAN_TYPE,[D30]  Enable Site Mode Select,,&IniConfig.bD30EnableSiteModeSelect,,,,,1241,SECSGEM/uHGemHT9045_EC.cpp#L1241
35122,BOOLEAN_TYPE,[D31]  RTC Change Recipe Need reCreate RTC Model,,&IniConfig.bD31RTCChangeRecipeNeedreCreateModel,,,,,1242,SECSGEM/uHGemHT9045_EC.cpp#L1242
35123,BOOLEAN_TYPE,"[D32] Tray pitch > 35mm, the counter air on time must >0.5 Sec.",,&IniConfig.bD32_35TrayPitchIndexDOnMoreThen500MS,,,,,1243,SECSGEM/uHGemHT9045_EC.cpp#L1243
35124,BOOLEAN_TYPE,[D33]  RTC Initial Start Need Verify,,&IniConfig.bD33RTCInitStartVerify,,,,,1244,SECSGEM/uHGemHT9045_EC.cpp#L1244
35125,BOOLEAN_TYPE,[D34] Enable Galil Protection Function.,,&IniConfig.bD34GailDMCProtection,,,,,1245,SECSGEM/uHGemHT9045_EC.cpp#L1245
35126,BOOLEAN_TYPE,"[D40] IC miss of testhead, skip enabled after Z1 pressed",,&IniConfig.bD40IndexICFallDownMustPressFMotorDown,,,,,1246,SECSGEM/uHGemHT9045_EC.cpp#L1246
35128,INT_4_TYPE,[D41] Test Socket IC check Skip Position,,&IniConfig.iD41SocketInitialICCheckPosition,1,0,1,0 : Inside socket1 : Above Socket,1247,SECSGEM/uHGemHT9045_EC.cpp#L1247
35129,FT_4_TYPE,[D41] Test Socket IC check Skip Height,mm,&IniConfig.dD41SocketInitialCheckOffset,10.0,1.0,3,,1248,SECSGEM/uHGemHT9045_EC.cpp#L1248
35130,BOOLEAN_TYPE,[D42] Index and Shuttle jam need pause,,&IniConfig.bD42IndexPickICShuttlePause,,,,,1249,SECSGEM/uHGemHT9045_EC.cpp#L1249
35131,BOOLEAN_TYPE,[D43] Index and Shuttle jam can retry or skip,,&IniConfig.bD43IndexDropErrorCanRetryandSkip,,,,,1250,SECSGEM/uHGemHT9045_EC.cpp#L1250
35132,BOOLEAN_TYPE,[D44] Check vacumn after test head purge,,&IniConfig.bD44CheckIndexICDestroy,,,,,1251,SECSGEM/uHGemHT9045_EC.cpp#L1251
35133,INT_4_TYPE,[D44] Check vacumn after test head purge time,MSecond,&IniConfig.iD44TestHeadCheckVacuumTime,100000,100,,,1252,SECSGEM/uHGemHT9045_EC.cpp#L1252
35134,BOOLEAN_TYPE,[D45] CheckIndex,,&IniConfig.bD45UseOutArmCheckIndex,,,,,1253,SECSGEM/uHGemHT9045_EC.cpp#L1253
35135,INT_4_TYPE,[D46] Index Destroy Delay,Second,&IniConfig.iD46WaitIndexDestroyTime,15,5,,,1254,SECSGEM/uHGemHT9045_EC.cpp#L1254
35139,BOOLEAN_TYPE,"[D48] Disable Z1,Z2 function when power off,or EMG press",,&IniConfig.bD48PowerOffEmgCanNotUseZ1Z2,,,,,1255,SECSGEM/uHGemHT9045_EC.cpp#L1255
35140,BOOLEAN_TYPE,[D51] OneCycle and Clean Out finish Test Arm at rear position,,&IniConfig.bD51UseOnecycleCleanOutFinishTestArmAtRear,,,,,1256,SECSGEM/uHGemHT9045_EC.cpp#L1256
35141,BOOLEAN_TYPE,[D52]Before Show Iterrface Error Test Head Need  Up ,,&IniConfig.bD52InterFaceErrHeadNeedUp,,,,,1257,SECSGEM/uHGemHT9045_EC.cpp#L1257
35142,BOOLEAN_TYPE,[D53] Index Light Always On ,,&IniConfig.bD53CCDLightOn,,,,,1258,SECSGEM/uHGemHT9045_EC.cpp#L1258
35143,INT_4_TYPE,[D53] Index Light Off Delay Time,Min,&IniConfig.iD53LightOnMin,10000,1,,,1259,SECSGEM/uHGemHT9045_EC.cpp#L1259
35144,BOOLEAN_TYPE,[D54]Index Pick and Place Shuttle Slow Down,,&IniConfig.bD54SlowDown,,,,,1260,SECSGEM/uHGemHT9045_EC.cpp#L1260
35145,INT_4_TYPE,[D54]Index Pick and Place Shuttle Slow Down Speed,,&IniConfig.iD54SlowDownScale,100,1,,,1261,SECSGEM/uHGemHT9045_EC.cpp#L1261
35146,BOOLEAN_TYPE,"[D55] When RTC Enabled, Disable Index Check.",,&IniConfig.bD55DisableIndexCheck,,,,,1262,SECSGEM/uHGemHT9045_EC.cpp#L1262
35147,BOOLEAN_TYPE,[D56] Forced Enable Piggy-Back Function,,&IniConfig.bD56YieldPiggyBackEnable,,,,,1263,SECSGEM/uHGemHT9045_EC.cpp#L1263
35148,BOOLEAN_TYPE,[D13] Check index home sensor after find home,,&IniConfig.bD13CheckIndexHomeSensor,,,,,1264,SECSGEM/uHGemHT9045_EC.cpp#L1264
35149,BOOLEAN_TYPE,[D14] Auto height use setting torque (For > 300KG Model),,&IniConfig.bD14_AutoHeightUseSetTorque,,,,,1265,SECSGEM/uHGemHT9045_EC.cpp#L1265
35150,INT_4_TYPE,[D14] Auto height use setting torque value,,&IniConfig.iD14_AutoHeightUseSetTorque,30,10,15,,1266,SECSGEM/uHGemHT9045_EC.cpp#L1266
35151,BOOLEAN_TYPE,[D15] Continuous auto contact test,,&IniConfig.bD15_AutoContactTest,,,,,1267,SECSGEM/uHGemHT9045_EC.cpp#L1267
35152,BOOLEAN_TYPE,[D16] Step by step contact test,,&IniConfig.bD16_StepContactTest,,,,,1268,SECSGEM/uHGemHT9045_EC.cpp#L1268
35153,INT_4_TYPE,[D17] Get hardware height in high calbration,,&IniConfig.iD17_UseHardwareHeightToContact,,,,,1269,SECSGEM/uHGemHT9045_EC.cpp#L1269
35154,BOOLEAN_TYPE,[D23] Every device do multi contact before test,,&IniConfig.bD23EveryDeviceDoubleContactFirstNoTesting,,,,,1270,SECSGEM/uHGemHT9045_EC.cpp#L1270
35155,INT_4_TYPE,[D23] Every device do multi contact before test Count,,&IniConfig.iD23_MultiContactCount,30,2,2,,1271,SECSGEM/uHGemHT9045_EC.cpp#L1271
35156,BOOLEAN_TYPE,[D26] Enable EP log,,&IniConfig.bD26EnableEPLog,,,,,1272,SECSGEM/uHGemHT9045_EC.cpp#L1272
35157,BOOLEAN_TYPE,[D26] Show EP encoder,,&IniConfig.bD26EnableEncodeShow,,,,,1273,SECSGEM/uHGemHT9045_EC.cpp#L1273
35158,BOOLEAN_TYPE,[D38] Index release device to shuttle no wait motion,,&IniConfig.bD38IndexPutICToShtNoWaitMotion,,,,,1274,SECSGEM/uHGemHT9045_EC.cpp#L1274
35159,BOOLEAN_TYPE,[D43-1] Enable auto retry when index pick up error,,&IniConfig.bD43AutoRetryWhenIndexPickErr,,,,,1275,SECSGEM/uHGemHT9045_EC.cpp#L1275
35160,BOOLEAN_TYPE,[D43-2] Check vacuum in socket when index pick up error,,&IniConfig.bD43IndexPickErrCheckSocket,,,,,1276,SECSGEM/uHGemHT9045_EC.cpp#L1276
35162,BOOLEAN_TYPE,[D57] Close site need display chanel number,,&IniConfig.bD57SiteMapCloseDisplay,,,,,1277,SECSGEM/uHGemHT9045_EC.cpp#L1277
35163,BOOLEAN_TYPE,"[D58] Arm 1 for pick and place,  Arm 2 for testing",,&IniConfig.bD58UseArm1PickPlaceArm2Test,,,,,1278,SECSGEM/uHGemHT9045_EC.cpp#L1278
35164,BOOLEAN_TYPE,"[D61] encountered  Vacuum sensor OFF error, must do piggyback check",,&IniConfig.bD61IndexArmVacOffErrNeedPiggyBack,,,,,1279,SECSGEM/uHGemHT9045_EC.cpp#L1279
35165,BOOLEAN_TYPE,"[D62] Pick up shuttle error, need to purge one time",,&IniConfig.bD62PickUpErrorNeedPurge,,,,,1280,SECSGEM/uHGemHT9045_EC.cpp#L1280
35166,BOOLEAN_TYPE,"[D64] Pick up shuttle error, only SKIP",,&IniConfig.bD64IndexPickErrOnlySKIP,,,,,1281,SECSGEM/uHGemHT9045_EC.cpp#L1281
35167,BOOLEAN_TYPE,[D65] Enable check socket sensor function,,&IniConfig.bD65EnableCheckSocketsensorFunction,,,,,1282,SECSGEM/uHGemHT9045_EC.cpp#L1282
35176,BOOLEAN_TYPE,[D74] RTC Auto Tuning,,&IniConfig.bD74RTCAutoTuning,,,,,1283,SECSGEM/uHGemHT9045_EC.cpp#L1283
35200,BOOLEAN_TYPE,[E30] In Arm Use Different Scale,,&IniConfig.bE30InArmUseDifferentScale,,,,,1284,SECSGEM/uHGemHT9045_EC.cpp#L1284
35201,FT_8_TYPE,[E30] In Arm Use Different Scale Loader X,,&LastSet.fLoaderTrayXScale,1.05,0.95,1,,1285,SECSGEM/uHGemHT9045_EC.cpp#L1285
35202,FT_8_TYPE,[E30] In Arm Use Different Scale Loader Y,,&LastSet.fLoaderTrayYScale,1.05,0.95,1,,1286,SECSGEM/uHGemHT9045_EC.cpp#L1286
35203,FT_8_TYPE,[E30] In Arm Use Different Scale Hot Plate 1 X,,&LastSet.fHotPlateXScale[0],1.05,0.95,1,,1287,SECSGEM/uHGemHT9045_EC.cpp#L1287
35204,FT_8_TYPE,[E30] In Arm Use Different Scale Hot Plate 1 Y,,&LastSet.fHotPlateYScale[0],1.05,0.95,1,,1288,SECSGEM/uHGemHT9045_EC.cpp#L1288
35205,FT_8_TYPE,[E30] In Arm Use Different Scale Hot Plate 2 X,,&LastSet.fHotPlateXScale[1],1.05,0.95,1,,1289,SECSGEM/uHGemHT9045_EC.cpp#L1289
35206,FT_8_TYPE,[E30] In Arm Use Different Scale Hot Plate 2 Y,,&LastSet.fHotPlateYScale[1],1.05,0.95,1,,1290,SECSGEM/uHGemHT9045_EC.cpp#L1290
35207,BOOLEAN_TYPE,[E31] Out Arm Use Different Scale,,&IniConfig.bE31OutArmUseDifferentScale,,,,,1291,SECSGEM/uHGemHT9045_EC.cpp#L1291
35208,FT_8_TYPE,[E31] Out Arm Use Different Scale Auto 1 X,,&LastSet.fTrayXScale[0],1.05,0.95,1,,1292,SECSGEM/uHGemHT9045_EC.cpp#L1292
35209,FT_8_TYPE,[E31] Out Arm Use Different Scale Auto 1 Y,,&LastSet.fTrayYScale[0],1.05,0.95,1,,1293,SECSGEM/uHGemHT9045_EC.cpp#L1293
35210,FT_8_TYPE,[E31] Out Arm Use Different Scale Auto 2 X,,&LastSet.fTrayXScale[1],1.05,0.95,1,,1294,SECSGEM/uHGemHT9045_EC.cpp#L1294
35211,FT_8_TYPE,[E31] Out Arm Use Different Scale Auto 2 Y,,&LastSet.fTrayYScale[1],1.05,0.95,1,,1295,SECSGEM/uHGemHT9045_EC.cpp#L1295
35212,FT_8_TYPE,[E31] Out Arm Use Different Scale Auto 3 X,,&LastSet.fTrayXScale[2],1.05,0.95,1,,1296,SECSGEM/uHGemHT9045_EC.cpp#L1296
35213,FT_8_TYPE,[E31] Out Arm Use Different Scale Auto 3 Y,,&LastSet.fTrayYScale[2],1.05,0.95,1,,1297,SECSGEM/uHGemHT9045_EC.cpp#L1297
35214,FT_8_TYPE,[E31] Out Arm Use Different Scale Fix 1 X,,&LastSet.fTrayXScale[3],1.05,0.95,1,,1298,SECSGEM/uHGemHT9045_EC.cpp#L1298
35215,FT_8_TYPE,[E31] Out Arm Use Different Scale Fix 1 Y,,&LastSet.fTrayYScale[3],1.05,0.95,1,,1299,SECSGEM/uHGemHT9045_EC.cpp#L1299
35216,FT_8_TYPE,[E31] Out Arm Use Different Scale Fix 2 X,,&LastSet.fTrayXScale[4],1.05,0.95,1,,1300,SECSGEM/uHGemHT9045_EC.cpp#L1300
35217,FT_8_TYPE,[E31] Out Arm Use Different Scale Fix 2 Y,,&LastSet.fTrayYScale[4],1.05,0.95,1,,1301,SECSGEM/uHGemHT9045_EC.cpp#L1301
35218,FT_8_TYPE,[E31] Out Arm Use Different Scale Fix 3 X,,&LastSet.fTrayXScale[5],1.05,0.95,1,,1302,SECSGEM/uHGemHT9045_EC.cpp#L1302
35219,FT_8_TYPE,[E31] Out Arm Use Different Scale Fix 3 Y,,&LastSet.fTrayYScale[5],1.05,0.95,1,,1303,SECSGEM/uHGemHT9045_EC.cpp#L1303
35220,BOOLEAN_TYPE,[E32] Shuttle Use Different Scale,,&IniConfig.bE32ShuttleUseDifferentScale,,,,,1304,SECSGEM/uHGemHT9045_EC.cpp#L1304
35221,FT_8_TYPE,[E32] Shuttle Use Different Scale In Shuttle 1 X,,&LastSet.fInShuttleXScale[0],1.05,0.95,1,,1305,SECSGEM/uHGemHT9045_EC.cpp#L1305
35222,FT_8_TYPE,[E32] Shuttle Use Different Scale In Shuttle 1 Y,,&LastSet.fInShuttleYScale[0],1.05,0.95,1,,1306,SECSGEM/uHGemHT9045_EC.cpp#L1306
35223,FT_8_TYPE,[E32] Shuttle Use Different Scale In Shuttle 2 X,,&LastSet.fInShuttleXScale[1],1.05,0.95,1,,1307,SECSGEM/uHGemHT9045_EC.cpp#L1307
35224,FT_8_TYPE,[E32] Shuttle Use Different Scale In Shuttle 2 Y,,&LastSet.fInShuttleYScale[1],1.05,0.95,1,,1308,SECSGEM/uHGemHT9045_EC.cpp#L1308
35225,FT_8_TYPE,[E32] Shuttle Use Different Scale Out Shuttle 1 X,,&LastSet.fOutShuttleXScale[0],1.05,0.95,1,,1309,SECSGEM/uHGemHT9045_EC.cpp#L1309
35226,FT_8_TYPE,[E32] Shuttle Use Different Scale Out Shuttle 1 Y,,&LastSet.fOutShuttleYScale[0],1.05,0.95,1,,1310,SECSGEM/uHGemHT9045_EC.cpp#L1310
35227,FT_8_TYPE,[E32] Shuttle Use Different Scale Out Shuttle 2 X,,&LastSet.fOutShuttleXScale[1],1.05,0.95,1,,1311,SECSGEM/uHGemHT9045_EC.cpp#L1311
35228,FT_8_TYPE,[E32] Shuttle Use Different Scale Out Shuttle 2 Y,,&LastSet.fOutShuttleYScale[1],1.05,0.95,1,,1312,SECSGEM/uHGemHT9045_EC.cpp#L1312
35229,BOOLEAN_TYPE,[E33] In and Out Arm Z Offset  same one,,&IniConfig.bE33InOutArmZOffsetSameOne,,,,,1313,SECSGEM/uHGemHT9045_EC.cpp#L1313
35230,BOOLEAN_TYPE,[E34]In and Out Arm Pitch and Pick/Release Offset  same one,,&IniConfig.bE34InOutArmPitchZOffsetSameOne,,,,,1314,SECSGEM/uHGemHT9045_EC.cpp#L1314
35231,BOOLEAN_TYPE,[E35]In and Out arm place device disable Vacuum detect Off ,,&IniConfig.bInOutArmPlaceSkipSuckDetect,,,,,1315,SECSGEM/uHGemHT9045_EC.cpp#L1315
35232,INT_4_TYPE,[E36] In Arm Y Pitch 60mm Offset ,0.01mm,&IniConfig.iInArm60mmOffset,100,-100,0,,1316,SECSGEM/uHGemHT9045_EC.cpp#L1316
35233,INT_4_TYPE,[E37] Out Arm Y Pitch 60mm Offset,0.01mm,&IniConfig.iOutArm60mmOffset,100,-100,0,,1317,SECSGEM/uHGemHT9045_EC.cpp#L1317
35234,BOOLEAN_TYPE,[E38] Check Hot Plate while initial start.,,&IniConfig.bE38CheckHotPlateWhileInitialStart,,,,,1318,SECSGEM/uHGemHT9045_EC.cpp#L1318
35235,BOOLEAN_TYPE,[E39] Check Hot Plate after clean out and before tray feed.,,&IniConfig.bE39CheckHotPlateAfterCleanOutAndBeforeTrayFeed,,,,,1319,SECSGEM/uHGemHT9045_EC.cpp#L1319
35236,BOOLEAN_TYPE,[E39-1] Put the devices to Error Bin,,&IniConfig.bE39_1PutTheDevicesToErrorBin,,,,,1320,SECSGEM/uHGemHT9045_EC.cpp#L1320
35237,BOOLEAN_TYPE,[E40]  Clear All Hot IC then Pick Load IC,,&IniConfig.bE40ClearAllHotICThenPickLoadIC,,,,,1321,SECSGEM/uHGemHT9045_EC.cpp#L1321
35238,BOOLEAN_TYPE,"[E41] Tray pitch > 35mm, In out arm speed must small than 80%.",,&IniConfig.bE41_35TrayPitchInOutSpeedSmall80Percent,,,,,1322,SECSGEM/uHGemHT9045_EC.cpp#L1322
35239,BOOLEAN_TYPE,[E42]  OutShuttle Alarm InArm Servo Off,,&IniConfig.bE42OutShuttleAlarmInArmServoOff,,,,,1323,SECSGEM/uHGemHT9045_EC.cpp#L1323
35240,BOOLEAN_TYPE,[E45] All setup file use one offset data,,&IniConfig.bE45_AllSetupFileUseOneFile,,,,,1324,SECSGEM/uHGemHT9045_EC.cpp#L1324
35241,BOOLEAN_TYPE,[E46] Loader use 2 offset for each row,,&IniConfig.bE46_LoaderUse2Offset,,,,,1325,SECSGEM/uHGemHT9045_EC.cpp#L1325
35242,BOOLEAN_TYPE,[E47] Shuttle use 4 offset for each row and col,,&IniConfig.bE47_ShuttleUse4Offset,,,,,1326,SECSGEM/uHGemHT9045_EC.cpp#L1326
35243,BOOLEAN_TYPE,[E48] Auto clean shuttle use 4 offset for each row and col,,&IniConfig.bE48_ShuttleUse4Offset_Autoclean,,,,,1327,SECSGEM/uHGemHT9045_EC.cpp#L1327
35244,BOOLEAN_TYPE,[E49] Loader pick up error only RETRY and CLEAN OUT,,&IniConfig.bE49_LoaderOnlyRetryAndCleanOut,,,,,1328,SECSGEM/uHGemHT9045_EC.cpp#L1328
35245,INT_4_TYPE,[E50] Out arm pick up error only RETRY,,&IniConfig.iE50_OutArmPickUpErrorOption,,,,,1329,SECSGEM/uHGemHT9045_EC.cpp#L1329
35246,BOOLEAN_TYPE,[E51] In arm Z ADC speed,,&IniConfig.bE51_EnableInArmZADC,,,,,1330,SECSGEM/uHGemHT9045_EC.cpp#L1330
35247,INT_4_TYPE,[E51] In arm Z ADC speed value,,&IniConfig.iE51_EnableInArmZADC,100,1,100,,1331,SECSGEM/uHGemHT9045_EC.cpp#L1331
35248,BOOLEAN_TYPE,[E52] Out arm Z ADC speed,,&IniConfig.bE52_EnableOutArmZADC,,,,,1332,SECSGEM/uHGemHT9045_EC.cpp#L1332
35249,INT_4_TYPE,[E52] Out arm Z ADC speed value,,&IniConfig.iE52_EnableOutArmZADC,100,1,100,,1333,SECSGEM/uHGemHT9045_EC.cpp#L1333
35250,BOOLEAN_TYPE,[E53] When low yield do auto clean and close site,,&IniConfig.bE53LowYieldAutoClean,,,,,1334,SECSGEM/uHGemHT9045_EC.cpp#L1334
35251,BOOLEAN_TYPE,[E54] Check close site can not have IC when pick from hot plate,,&IniConfig.bE54CheckCloseSiteNoIC,,,,,1335,SECSGEM/uHGemHT9045_EC.cpp#L1335
35252,BOOLEAN_TYPE,[E55] Use Fix3 Full Tray Function,,&IniConfig.bE55UseFix3FullTray,,,,,1336,SECSGEM/uHGemHT9045_EC.cpp#L1336
35253,BOOLEAN_TYPE,"[E56] When loader have pick up error, to retry at same position",,&IniConfig.bE56LoaderRetryAtSamePosition,,,,,1337,SECSGEM/uHGemHT9045_EC.cpp#L1337
35254,BOOLEAN_TYPE,[E57] Hot Plate can use another vacuum delay time,,&IniConfig.bE57HPCanUseAnotherVacuumDelay,,,,,1338,SECSGEM/uHGemHT9045_EC.cpp#L1338
35255,BOOLEAN_TYPE,[E58] InOut Arm Y pitch home  check,,&IniConfig.bE57YPitchHome,,,,,1339,SECSGEM/uHGemHT9045_EC.cpp#L1339
35256,BOOLEAN_TYPE,[E59] Offset file group by [###],,&IniConfig.bE59GroupOffsetFile,,,,,1340,SECSGEM/uHGemHT9045_EC.cpp#L1340
35300,BOOLEAN_TYPE,[F01] Shake shuttle when jam happen.,,&IniConfig.bF01ShakeShuttleWhenJam,,,,,1342,SECSGEM/uHGemHT9045_EC.cpp#L1342
35301,INT_4_TYPE,[F01] Shake shuttle speed when jam happen.,,&IniConfig.iF01ShuttleShakeSpeed,100,1,,,1343,SECSGEM/uHGemHT9045_EC.cpp#L1343
35302,BOOLEAN_TYPE,[F03] Output shuttle skip detect  IC miss,,&IniConfig.bF03OutputShuttleSkipICMiss,,,,,1344,SECSGEM/uHGemHT9045_EC.cpp#L1344
35303,BOOLEAN_TYPE,[F05] Enable Shuttlet clean function,,&IniConfig.bF05EnableShtPurgeFunction,,,,,1345,SECSGEM/uHGemHT9045_EC.cpp#L1345
35304,INT_4_TYPE,[F05] Enable Shuttlet clean count,,&IniConfig.iF05ShuttlePurgeCount,100,1,,,1346,SECSGEM/uHGemHT9045_EC.cpp#L1346
35305,BOOLEAN_TYPE,[F06] Enable Initial IC Check,,&IniConfig.bF06InitialICCheck,,,,,1347,SECSGEM/uHGemHT9045_EC.cpp#L1347
35306,INT_4_TYPE,[F07] Out Shuttle Sensor Detect Mode,,&IniConfig.iF07OutShuttleSensorMode,2,0,,0:Detect Have IC; 1:Detect Double Device; 3:Use Y latch sensor check floating;,1348,SECSGEM/uHGemHT9045_EC.cpp#L1348
35307,BOOLEAN_TYPE,[F09] Check IC which first time load,,&IniConfig.bF09CheckICWhichFirstTimeLoad,,,,,1349,SECSGEM/uHGemHT9045_EC.cpp#L1349
35308,BOOLEAN_TYPE,[F11] Out Shuttle Use Front Rear Sensor Detect  superfluous IC,,&IniConfig.bF11OutShtUseFrontRearSensor,,,,,1350,SECSGEM/uHGemHT9045_EC.cpp#L1350
35309,BOOLEAN_TYPE,[F12] Rotate Shuttle need check if the rotation is done.,,&IniConfig.bRotateShNeedCheck,,,,,1351,SECSGEM/uHGemHT9045_EC.cpp#L1351
35310,FT_8_TYPE,[F12] Rotate Shuttle check delay time,Second,&IniConfig.dRoShCheckDelayTime,,,,,1352,SECSGEM/uHGemHT9045_EC.cpp#L1352
35311,INT_4_TYPE,[F13] Rotate Shuttle ADC Speed ,Persent,&IniConfig.iRotateADC,100,10,,,1353,SECSGEM/uHGemHT9045_EC.cpp#L1353
35312,INT_4_TYPE,[F13] Rotate Shuttle Initial Speed,Persent,&IniConfig.iInitSpeed,100,10,,,1354,SECSGEM/uHGemHT9045_EC.cpp#L1354
35313,INT_4_TYPE,[F13] Rotate Shuttle High Speed,,&IniConfig.iPJogHighSpeed,5000,10,,,1355,SECSGEM/uHGemHT9045_EC.cpp#L1355
35314,BOOLEAN_TYPE,[F14] Knock shuttle when jam happen. ,,&IniConfig.bF14KnockShuttle,,,,,1356,SECSGEM/uHGemHT9045_EC.cpp#L1356
35315,FT_8_TYPE,[F14] Knock shuttle interval,Second,&IniConfig.dF14KnockShuttleInterval,,,,,1357,SECSGEM/uHGemHT9045_EC.cpp#L1357
35316,INT_4_TYPE,[F14] Knock shuttle count,,&IniConfig.iF14KnockShuttleNo,,,,,1358,SECSGEM/uHGemHT9045_EC.cpp#L1358
35317,BOOLEAN_TYPE,[F15] OutShuttle Lose IC Need Password ,,&IniConfig.bF15OutShuttleLoseICNeedPWD,,,,,1359,SECSGEM/uHGemHT9045_EC.cpp#L1359
35318,BOOLEAN_TYPE,[F16] Check In Shuttle Sensor I/O,,&IniConfig.bF16CheckShuttleSensorBroken,,,,,1360,SECSGEM/uHGemHT9045_EC.cpp#L1360
35319,BOOLEAN_TYPE,[F14-1] Knock shuttle first.,,&IniConfig.bF14_1KnockShuttleFirst,,,,,1361,SECSGEM/uHGemHT9045_EC.cpp#L1361
35320,FT_8_TYPE,[F14-1] Knock shuttle first interval,Second,&IniConfig.dF14KnockShuttleIntervalFirst,,,,,1362,SECSGEM/uHGemHT9045_EC.cpp#L1362
35321,INT_4_TYPE,[F14-1] Knock shuttle first count,,&IniConfig.iF14KnockShuttleNoFirst,,,,,1363,SECSGEM/uHGemHT9045_EC.cpp#L1363
35322,BOOLEAN_TYPE,[F17] Always shuttle 1 first after one cycle in hot mode,,&IniConfig.bF17Sht1First,,,,,1364,SECSGEM/uHGemHT9045_EC.cpp#L1364
35323,BOOLEAN_TYPE,[F18] In shuttle product detect,,&IniConfig.bF18InshuttleDetect,,,,,1365,SECSGEM/uHGemHT9045_EC.cpp#L1365
35324,BOOLEAN_TYPE,[F19] Out shuttle lose IC need do piggyback check,,&IniConfig.bF19OutShuttleLoseICNeedPiggyback,,,,,1366,SECSGEM/uHGemHT9045_EC.cpp#L1366
35325,BOOLEAN_TYPE,[F20] In shuttle product prominent detect,,&IniConfig.bF20InShuttleProminentDetect,,,,,1367,SECSGEM/uHGemHT9045_EC.cpp#L1367
35326,BOOLEAN_TYPE,"[F21] IN/OUT Arm Z motor on home sensor ,shuttle move",,&IniConfig.bF21InOutArmZMotorPrivate,,,,,1368,SECSGEM/uHGemHT9045_EC.cpp#L1368
35327,BOOLEAN_TYPE,[F22] In shuttle check has device from Index Arm.,,&IniConfig.bF22InShuttleDetectOutNoIC,,,,,1369,SECSGEM/uHGemHT9045_EC.cpp#L1369
35328,BOOLEAN_TYPE,[F23] Enable shuttle vibration,,&IniConfig.bF23ShuttleVibration,,,,,1370,SECSGEM/uHGemHT9045_EC.cpp#L1370
35329,INT_4_TYPE,[F23] Enable shuttle vibration second,0.1second,&IniConfig.iF23ShuttleVibrationTime,,,,,1371,SECSGEM/uHGemHT9045_EC.cpp#L1371
35330,BOOLEAN_TYPE,[F24] Out shuttle lose IC must open index door and push Z1,,&IniConfig.bF24OutShuttleLoseIcOpenIndexDoor,,,,,1372,SECSGEM/uHGemHT9045_EC.cpp#L1372
35400,BOOLEAN_TYPE,[G01] Show Test Rate,,&IniConfig.bG01Show_TestRate,,,,,1374,SECSGEM/uHGemHT9045_EC.cpp#L1374
35401,BOOLEAN_TYPE,[G04] Show Fail Alarm Count,,&IniConfig.bG04ShowFailAlarmCount,,,,,1375,SECSGEM/uHGemHT9045_EC.cpp#L1375
35402,BOOLEAN_TYPE,[G05] Show Motor Speed,,&IniConfig.bG05ShowSpeedMessage,,,,,1376,SECSGEM/uHGemHT9045_EC.cpp#L1376
35403,BOOLEAN_TYPE,[G06] Home push Z1 Start initial,,&IniConfig.bG06HomeinitialCheckZ1,,,,,1377,SECSGEM/uHGemHT9045_EC.cpp#L1377
35404,BOOLEAN_TYPE,[G07] Support multi color for error bin,,&IniConfig.bG07MultiColorForFailBin,,,,,1378,SECSGEM/uHGemHT9045_EC.cpp#L1378
35405,BOOLEAN_TYPE,[G08] Show 'Are you sure' message after alarm.,,&IniConfig.bG08VisibleAreyousure,,,,,1379,SECSGEM/uHGemHT9045_EC.cpp#L1379
35406,BOOLEAN_TYPE,[G09] Need password when edit site map,,&IniConfig.bG09NeedPasswordWhenEditSiteMap,,,,,1380,SECSGEM/uHGemHT9045_EC.cpp#L1380
35407,BOOLEAN_TYPE,[G10] Show immediate UPH,,&IniConfig.bG10ShowImmediateUPH,,,,,1381,SECSGEM/uHGemHT9045_EC.cpp#L1381
35408,BOOLEAN_TYPE,[G11] ASE Report  record,,&IniConfig.bG11ASEReport,,,,,1382,SECSGEM/uHGemHT9045_EC.cpp#L1382
35409,BOOLEAN_TYPE,[G12] Contract high manual send test message,,&IniConfig.bG12ContractModeManualMessage,,,,,1383,SECSGEM/uHGemHT9045_EC.cpp#L1383
35500,BOOLEAN_TYPE,[I01] Enable Tester Finish After Homing,,&IniConfig.bI01TesterFinishThenHome,,,,,1385,SECSGEM/uHGemHT9045_EC.cpp#L1385
35501,BOOLEAN_TYPE,[I04] Enable change bin during pause,,&IniConfig.bI04EnableChangeBinDuringTesting,,,,,1386,SECSGEM/uHGemHT9045_EC.cpp#L1386
35502,BOOLEAN_TYPE,[I07] Reset GPIB after OneCycle or CleanOut,,&IniConfig.bI07ResetGPIBAfterOneCycleCleanOut,,,,,1387,SECSGEM/uHGemHT9045_EC.cpp#L1387
35503,BOOLEAN_TYPE,"[I12] Tester time out ,don't send START signal again",,&IniConfig.bI12TesterTimerOutNotNeedReTest,,,,,1388,SECSGEM/uHGemHT9045_EC.cpp#L1388
35505,BOOLEAN_TYPE,[I18] Can Receive ECHOSTOP,,&IniConfig.bI18CanReceiveEchoStop,,,,,1389,SECSGEM/uHGemHT9045_EC.cpp#L1389
35506,INT_4_TYPE,[I20] The alphabet of the error bin.,,&IniConfig.iI20ErrorBinAlphabet,5,0,,0:0; 1:16; 2:E; 3:Err; 4:Error; 5:Accroding to Tester;,1390,SECSGEM/uHGemHT9045_EC.cpp#L1390
35507,BOOLEAN_TYPE,[I21] Enable Auto Site Mapping function,,&IniConfig.bI21EnableASM,,,,,1391,SECSGEM/uHGemHT9045_EC.cpp#L1391
35508,BOOLEAN_TYPE,[I21] Skip Soak Time,,&IniConfig.bI21SkipSoakTime,,,,,1392,SECSGEM/uHGemHT9045_EC.cpp#L1392
35509,BOOLEAN_TYPE,[I21] Use Same Soak Time,,&IniConfig.bI21UseSameSoakTime,,,,,1393,SECSGEM/uHGemHT9045_EC.cpp#L1393
35510,FT_8_TYPE,[I21] Soak Time,,&IniConfig.fI21UseSameSoakTime,360,0,,,1394,SECSGEM/uHGemHT9045_EC.cpp#L1394
35511,BOOLEAN_TYPE,[I21] Check every dut should be open.,,&IniConfig.bI21ASMNeedCheckEachSiteOpen,,,,,1395,SECSGEM/uHGemHT9045_EC.cpp#L1395
35512,BOOLEAN_TYPE,[I21] Remove Loader Tray  Manually.,,&IniConfig.bI21ASMRemoveLTrayManually,,,,,1396,SECSGEM/uHGemHT9045_EC.cpp#L1396
35513,BOOLEAN_TYPE,[I22] Test time out can use 'SKIP',,&IniConfig.bI22TimeOutCanSkip,,,,,1397,SECSGEM/uHGemHT9045_EC.cpp#L1397
35514,BOOLEAN_TYPE,[I23] Hot Test Waiting Mode,,&IniConfig.bI23HotTestWaitingMode,,,,,1398,SECSGEM/uHGemHT9045_EC.cpp#L1398
35515,BOOLEAN_TYPE,[I24] Testing Stop All Motor,,&IniConfig.bI24TestingNeedStopAllMotor,,,,,1399,SECSGEM/uHGemHT9045_EC.cpp#L1399
35516,BOOLEAN_TYPE,"[I02] After home,set socket IC to error bin",,&IniConfig.bI02HomeSetSocketICToErrBin,,,,,1401,SECSGEM/uHGemHT9045_EC.cpp#L1401
35517,BOOLEAN_TYPE,[I03] Enable temperature control function,,&IniConfig.bI03AmbientTempControl,,,,,1402,SECSGEM/uHGemHT9045_EC.cpp#L1402
35518,BOOLEAN_TYPE,[I08] Check 2DID function when initial start.,,&IniConfig.bI08Check2DIDEnableWhenInitialStart,,,,,1403,SECSGEM/uHGemHT9045_EC.cpp#L1403
35519,BOOLEAN_TYPE,[I13] Initial start delay fuinction setting different when FT and RT.,,&IniConfig.bI13InitStartDelayHasFTandRT,,,,,1404,SECSGEM/uHGemHT9045_EC.cpp#L1404
35520,BOOLEAN_TYPE,[I16] TTL setting save to setup file.,,&IniConfig.bI16TTLSaveInSetupFile,,,,,1405,SECSGEM/uHGemHT9045_EC.cpp#L1405
35521,BOOLEAN_TYPE,[I18] Can receive ECHOSTOP,,&IniConfig.bI18CanReceiveEchoStop,,,,,1406,SECSGEM/uHGemHT9045_EC.cpp#L1406
35522,BOOLEAN_TYPE,[I19] Auto site map pause change SIMULATE test bin data,,&IniConfig.bI19AuToSitMapPauseWaitBin,,,,,1407,SECSGEM/uHGemHT9045_EC.cpp#L1407
35523,BOOLEAN_TYPE,[I21-6] Run time check,,&IniConfig.bI21ASMRunTimeCHeck,,,,,1408,SECSGEM/uHGemHT9045_EC.cpp#L1408
35524,BOOLEAN_TYPE,[I21-7] Bin IC combine place to Fix 2,,&IniConfig.bASMAutoSiteMapBinComBine,,,,,1409,SECSGEM/uHGemHT9045_EC.cpp#L1409
35525,BOOLEAN_TYPE,[I21-8] Auto Site Mapping  Use Hotplate,,&IniConfig.bI21AutoSiteMappingUseHotplate,,,,,1410,SECSGEM/uHGemHT9045_EC.cpp#L1410
35526,BOOLEAN_TYPE,[I21-9] Enable Site Mapping Fail Bin setting,,&IniConfig.bI21AutoSiteMappingFailBinSetting,,,,,1411,SECSGEM/uHGemHT9045_EC.cpp#L1411
35527,INT_4_TYPE,[I21-9] Site Mapping Fail Bin setting Bin,,&IniConfig.iI21UseFailBinSetting,15,2,,,1412,SECSGEM/uHGemHT9045_EC.cpp#L1412
35528,INT_4_TYPE,[I25] Format for get handler testing arm temperature.,,&IniConfig.iI25UseGPIBFormat,1,0,0,,1413,SECSGEM/uHGemHT9045_EC.cpp#L1413
35529,BOOLEAN_TYPE,[I26] Close site have bin data need manual remove device.,,&IniConfig.bI26TestCloseSiteHaveBin,,,,,1414,SECSGEM/uHGemHT9045_EC.cpp#L1414
35530,BOOLEAN_TYPE,[I27] Manual sort mode,,&IniConfig.bI27_ManualSortMode,,,,,1415,SECSGEM/uHGemHT9045_EC.cpp#L1415
35531,BOOLEAN_TYPE,[I28] On off sites on the fly,,&IniConfig.bI28_OnOffSiteOnTheFly,,,,,1416,SECSGEM/uHGemHT9045_EC.cpp#L1416
35532,BOOLEAN_TYPE,[I29] Enable yield record,,&IniConfig.bI29EnableYieldRecord,,,,,1417,SECSGEM/uHGemHT9045_EC.cpp#L1417
35533,FT_8_TYPE,[I29] Enable yield record second,,&IniConfig.fI29YieldRecordInterval,3000.0,1.0,,,1418,SECSGEM/uHGemHT9045_EC.cpp#L1418
35534,BOOLEAN_TYPE,[I29-1] Save yield data by socket by bin,,&IniConfig.bI29_1SaveYieldBySocketByBin,,,,,1419,SECSGEM/uHGemHT9045_EC.cpp#L1419
35535,BOOLEAN_TYPE,[I30] Reset bin fail count number over.,,&IniConfig.bI30ContFailBin,,,,,1420,SECSGEM/uHGemHT9045_EC.cpp#L1420
35536,BOOLEAN_TYPE,[I31-1] GPIB Lot End Command,,&IniConfig.bI31_1GPIBLotEnd,,,,,1422,SECSGEM/uHGemHT9045_EC.cpp#L1422
35537,BOOLEAN_TYPE,[I31-2] GPIB Lot Start Command,,&IniConfig.bI31_2GPIBLotStart,,,,,1423,SECSGEM/uHGemHT9045_EC.cpp#L1423
35538,BOOLEAN_TYPE,[I31-3] GPIB Reset Command,,&IniConfig.bI31_3GPIBReset,,,,,1424,SECSGEM/uHGemHT9045_EC.cpp#L1424
35539,BOOLEAN_TYPE,[I32] Disable error bin setting. Error devices should take out manually.,,&IniConfig.bI32CanCelErrorBin,,,,,1425,SECSGEM/uHGemHT9045_EC.cpp#L1425
35540,BOOLEAN_TYPE,[I33] Enable error bin box setting. Error devices put to bin box.,,&IniConfig.bI33ErrorBinBox,,,,,1426,SECSGEM/uHGemHT9045_EC.cpp#L1426
35541,BOOLEAN_TYPE,"[I34] In the test relust all site are specific fail bin, show alarm.",,&IniConfig.bI34AllSiteAreSameFailBinShowAlarm,,,,,1427,SECSGEM/uHGemHT9045_EC.cpp#L1427
35542,BOOLEAN_TYPE,[I35] Use Third Test Site (Engineer Access),,&IniConfig.bI35UseThirdSiteControlByEngineer,,,,,1428,SECSGEM/uHGemHT9045_EC.cpp#L1428
35543,BOOLEAN_TYPE,"[I36] Tester timer out, manual take out on arm device.",,&IniConfig.bI36TestTimeOut,,,,,1429,SECSGEM/uHGemHT9045_EC.cpp#L1429
35544,BOOLEAN_TYPE,[I37-1] Enable  FIFO mode.,,&IniConfig.bI37_EnableFIFOMode,,,,,1430,SECSGEM/uHGemHT9045_EC.cpp#L1430
35545,BOOLEAN_TYPE,[I37-2] Enable site order link.,,&IniConfig.bI37_EnableFIFOSiteOrder,,,,,1431,SECSGEM/uHGemHT9045_EC.cpp#L1431
35546,BOOLEAN_TYPE,[I37-3] Lock loader sort direction,,&IniConfig.bI37_LockLoaderDirection,,,,,1432,SECSGEM/uHGemHT9045_EC.cpp#L1432
35548,INT_4_TYPE,[I38] Format of SETTEMP?,,&IniConfig.iI38SETTEMPRespondSetTemp,,,,,1433,SECSGEM/uHGemHT9045_EC.cpp#L1433
35549,BOOLEAN_TYPE,[I39] Enabled Spirox Lot End and Full lot end command.,,&IniConfig.bI39SpiroxTesterLotEnd,,,,,1434,SECSGEM/uHGemHT9045_EC.cpp#L1434
35550,BOOLEAN_TYPE,[I40] Operator mode ->ON line,,&IniConfig.bI40_bStartProductOnLine,,,,,1435,SECSGEM/uHGemHT9045_EC.cpp#L1435
35551,BOOLEAN_TYPE,[I06] Turn on the [I01] function after home is complete,,&IniConfig.bI06TurnOnI01AfterHome,,,,,1436,SECSGEM/uHGemHT9045_EC.cpp#L1436
35600,INT_4_TYPE,[L04] Temperature range,,&IniConfig.iL04TemptureRange,10,2,,,1437,SECSGEM/uHGemHT9045_EC.cpp#L1437
35601,INT_4_TYPE,[L05] Chamber temperature range,,&IniConfig.iL05ChamberTemptureRange,30,2,,,1438,SECSGEM/uHGemHT9045_EC.cpp#L1438
35602,INT_4_TYPE,[L06] Ambient temperature range,,&IniConfig.iAmbTemperatureRange,10,1,,,1439,SECSGEM/uHGemHT9045_EC.cpp#L1439
35603,BOOLEAN_TYPE,[L07] Use single limit,,&IniConfig.bL07UseSingleTenmpertureLimit,1,0,0,TRUE:Enalbe; FALSE:Disable,1440,SECSGEM/uHGemHT9045_EC.cpp#L1440
35604,INT_4_TYPE,[L08] Socket temperature over range,,&IniConfig.iSocketTemptureRangeOver,30,2,,,1441,SECSGEM/uHGemHT9045_EC.cpp#L1441
35605,INT_4_TYPE,[L08] Socket temperature under range,,&IniConfig.iSocketTemptureRangeUnder,30,2,,,1442,SECSGEM/uHGemHT9045_EC.cpp#L1442
35606,INT_4_TYPE,[L09] Tempture Position Shift Shuttle 1 Left,,&LastSet.TempPosShift_Shuttle[0][0],,,,,1443,SECSGEM/uHGemHT9045_EC.cpp#L1443
35607,INT_4_TYPE,[L09] Tempture Position Shift Shuttle 1 Right,,&LastSet.TempPosShift_Shuttle[0][1],,,,,1444,SECSGEM/uHGemHT9045_EC.cpp#L1444
35608,INT_4_TYPE,[L09] Tempture Position Shift Shuttle 2 Left,,&LastSet.TempPosShift_Shuttle[1][0],,,,,1445,SECSGEM/uHGemHT9045_EC.cpp#L1445
35609,INT_4_TYPE,[L09] Tempture Position Shift Shuttle 2 Right,,&LastSet.TempPosShift_Shuttle[1][1],,,,,1446,SECSGEM/uHGemHT9045_EC.cpp#L1446
35610,INT_4_TYPE,[L10] Temperature record Interval,,&IniConfig.iL10TempRecordInterval,5,0,,0:5Sec; 1:15Sec; 2:30Sec; 3:1Min; 4:5Min; 5:10Min;,1447,SECSGEM/uHGemHT9045_EC.cpp#L1447
35611,BOOLEAN_TYPE,[L11-1] Use ATC temperature range,,&IniConfig.bL11_1ATCTemperatureOverAlarm,,,,,1448,SECSGEM/uHGemHT9045_EC.cpp#L1448
35612,INT_4_TYPE,[L11-1] ATC temperature range,,&IniConfig.iATCTemperatureRange,30,2,,,1449,SECSGEM/uHGemHT9045_EC.cpp#L1449
35613,FT_8_TYPE,[L11-1] ATC temperature range check interval,Second,&IniConfig.dATCTemperatureCheckTime,,,,,1450,SECSGEM/uHGemHT9045_EC.cpp#L1450
35614,BOOLEAN_TYPE,[L11-2] Enable Chiller Auto Close Protected.,,&IniConfig.bL11_2ATCChillerProtectedFunction,,,,,1451,SECSGEM/uHGemHT9045_EC.cpp#L1451
35615,INT_4_TYPE,[L11-2] Enable Chiller Auto Close Delay Time,Min,&IniConfig.iATCChillerCheckTime,,,,,1452,SECSGEM/uHGemHT9045_EC.cpp#L1452
35616,FT_8_TYPE,[L11-3] ATC Run Ambient Temperature,,&IniConfig.dATCAmbientTemperature,50,10,,,1453,SECSGEM/uHGemHT9045_EC.cpp#L1453
35617,BOOLEAN_TYPE,[L12]  Temp Error No Close Heater,,&IniConfig.bL12TempErrNoCloseHeater,,,,,1454,SECSGEM/uHGemHT9045_EC.cpp#L1454
35618,BOOLEAN_TYPE,[L13] Hot Plate and Shuttle Use One Temperature Offset,,&IniConfig.bL13HotPlateAndShuttleUseOneTempOffset,,,,,1455,SECSGEM/uHGemHT9045_EC.cpp#L1455
35620,BOOLEAN_TYPE,[L15] Chamber mode even blow need wait initial wait time(Temp Form),,&IniConfig.bL15EnableChamberModeEvenBlowNeedWaitTime,,,,,1456,SECSGEM/uHGemHT9045_EC.cpp#L1456
35621,BOOLEAN_TYPE,[L03] Enable Socket Air Cooling contact count trun on,,&IniConfig.bL03SocketAirCoolingCT,50,2,,,1457,SECSGEM/uHGemHT9045_EC.cpp#L1457
35622,INT_4_TYPE,[L03] Socket Air Cooling contact count trun on count,,&IniConfig.iL03SocketAirCoolingCT,,,,,1458,SECSGEM/uHGemHT9045_EC.cpp#L1458
35623,BOOLEAN_TYPE,[L10] Enable Index Test logTemperature,,&IniConfig.bL10IndexTestlogTemp,,,,,1459,SECSGEM/uHGemHT9045_EC.cpp#L1459
35624,INT_4_TYPE,[L11-4] ATC max temperature limit,,&IniConfig.iATCTemperatureOverLimit,130,2,130,,1460,SECSGEM/uHGemHT9045_EC.cpp#L1460
35625,BOOLEAN_TYPE,[L11-6] Enable ATC Temperature continuous outside Alarm,,&IniConfig.bL11_6ATCUseTemperatureOutsideAlarm,,,,,1461,SECSGEM/uHGemHT9045_EC.cpp#L1461
35626,INT_4_TYPE,[L11-6] ATC Temperature outside range,,&IniConfig.iATCTemperatureOutside,120,1,2,,1462,SECSGEM/uHGemHT9045_EC.cpp#L1462
35627,INT_4_TYPE,[L11-6] ATC Temperature outside continous second,,&IniConfig.iATCTemperatureContinuous,120,1,2,,1463,SECSGEM/uHGemHT9045_EC.cpp#L1463
35628,BOOLEAN_TYPE,[L11-7] Enable ATC max peak alarm,,&IniConfig.bL11_7ATCUseMaxSurgeAlarm,,,,,1464,SECSGEM/uHGemHT9045_EC.cpp#L1464
35629,INT_4_TYPE,[L11-7] ATC max peak value,,&IniConfig.iATCMaxSurgeAlarm,120,1,2,,1465,SECSGEM/uHGemHT9045_EC.cpp#L1465
35630,BOOLEAN_TYPE,[L11-8] Use temperature difference over setting alarm,,&IniConfig.bL11_8ATCUseTemperatureCompare,,,,,1466,SECSGEM/uHGemHT9045_EC.cpp#L1466
35631,BOOLEAN_TYPE,[L17] Turn on all head heater when close site.,,&IniConfig.bL17HeadHeaterOnWhenCloseSite,,,,,1467,SECSGEM/uHGemHT9045_EC.cpp#L1467
35632,BOOLEAN_TYPE,[L18] No full site add temperature offset,,&IniConfig.bL18NofullsiteaddTemperatureoffset,,,,,1468,SECSGEM/uHGemHT9045_EC.cpp#L1468
35633,BOOLEAN_TYPE,[L19] Keep heating when chamber door open without chamber heat,,&IniConfig.bL19OpenHeatDoorgiveupchamberhot,,,,,1469,SECSGEM/uHGemHT9045_EC.cpp#L1469
35634,BOOLEAN_TYPE,[L20] Abiemt guard band check,,&IniConfig.bL20AbientGuardBand,,,,,1470,SECSGEM/uHGemHT9045_EC.cpp#L1470
35635,BOOLEAN_TYPE,"[L21] Power OFF open chamber door, break all temperature power.",,&IniConfig.bL21PowerOffTemperature,,,,,1471,SECSGEM/uHGemHT9045_EC.cpp#L1471
35700,BOOLEAN_TYPE,[O01] [ RESET ] Clear and auto check Hot Plate matrix,,&IniConfig.bO01_ResetNeedClearAndCheckHP,,,,,1473,SECSGEM/uHGemHT9045_EC.cpp#L1473
35701,BOOLEAN_TYPE,[O02] [ RESET ] do not need clear hot plate,,&IniConfig.bO02ResetNotClearPlate,,,,,1474,SECSGEM/uHGemHT9045_EC.cpp#L1474
35702,BOOLEAN_TYPE,[O05] [ RESET ] Need remove all Tray on the Handler,,&IniConfig.bO05ResetNeedRemoveAllTray,,,,,1475,SECSGEM/uHGemHT9045_EC.cpp#L1475
35703,BOOLEAN_TYPE,[O06] Enable Save Event log,,&IniConfig.bO06_EventLogAutoSave,,,,,1476,SECSGEM/uHGemHT9045_EC.cpp#L1476
35704,ASCII_TYPE,[O06] Event log Path,,&IniConfig.asEventLogAutoSavePath,,,,,1477,SECSGEM/uHGemHT9045_EC.cpp#L1477
35705,BOOLEAN_TYPE,[O06] Enable Save Alarm Histroy,,&IniConfig.bEnableAlarmHistroyAutoSave,,,,,1478,SECSGEM/uHGemHT9045_EC.cpp#L1478
35706,ASCII_TYPE,[O06] Alarm Histroy Path,,&IniConfig.asAlarmHistroyAutoSavePath,,,,,1479,SECSGEM/uHGemHT9045_EC.cpp#L1479
35707,BOOLEAN_TYPE,[O06] Enable Save Alarm Statist,,&IniConfig.bEnableAlarmStatistAutoSave,,,,,1480,SECSGEM/uHGemHT9045_EC.cpp#L1480
35708,ASCII_TYPE,[O06] Alarm Statist Path,,&IniConfig.asAlarmStatistAutoSavePath,,,,,1481,SECSGEM/uHGemHT9045_EC.cpp#L1481
35709,ASCII_TYPE,[O06] Last Record Date Time,,&IniConfig.sEventLogLastRecordDate,,,,,1482,SECSGEM/uHGemHT9045_EC.cpp#L1482
35710,BOOLEAN_TYPE,[O06] Use Net Drive,,&IniConfig.bAlarmStatistAutoSaveNetDrive,,,,,1483,SECSGEM/uHGemHT9045_EC.cpp#L1483
35711,ASCII_TYPE,[O06] Remote Directory,,&IniConfig.asAlarmRemoteDirectory,,,,,1484,SECSGEM/uHGemHT9045_EC.cpp#L1484
35712,ASCII_TYPE,[O06] Local Directory,,&IniConfig.asAlarmLocalDirectory,,,,,1485,SECSGEM/uHGemHT9045_EC.cpp#L1485
35713,BOOLEAN_TYPE,[O06] Auto Save Log Sunday,,&IniConfig.bAutoSaveLogWeek[0],,,,,1486,SECSGEM/uHGemHT9045_EC.cpp#L1486
35714,BOOLEAN_TYPE,[O06] Auto Save Log Monday,,&IniConfig.bAutoSaveLogWeek[1],,,,,1487,SECSGEM/uHGemHT9045_EC.cpp#L1487
35715,BOOLEAN_TYPE,[O06] Auto Save Log Tuesday,,&IniConfig.bAutoSaveLogWeek[2],,,,,1488,SECSGEM/uHGemHT9045_EC.cpp#L1488
35716,BOOLEAN_TYPE,[O06] Auto Save Log Wednesday,,&IniConfig.bAutoSaveLogWeek[3],,,,,1489,SECSGEM/uHGemHT9045_EC.cpp#L1489
35717,BOOLEAN_TYPE,[O06] Auto Save Log Thursday,,&IniConfig.bAutoSaveLogWeek[4],,,,,1490,SECSGEM/uHGemHT9045_EC.cpp#L1490
35718,BOOLEAN_TYPE,[O06] Auto Save Log Friday,,&IniConfig.bAutoSaveLogWeek[5],,,,,1491,SECSGEM/uHGemHT9045_EC.cpp#L1491
35719,BOOLEAN_TYPE,[O06] Auto Save Log Saturday,,&IniConfig.bAutoSaveLogWeek[6],,,,,1492,SECSGEM/uHGemHT9045_EC.cpp#L1492
35720,BOOLEAN_TYPE,[O07] [FT ]Can't Off continue,,&IniConfig.bFTContinueON,,,,,1493,SECSGEM/uHGemHT9045_EC.cpp#L1493
35721,INT_4_TYPE,[O07] [FT ]Can't Off continue Max Count,,&IniConfig.iFTMAXValue,,,,,1494,SECSGEM/uHGemHT9045_EC.cpp#L1494
35723,BOOLEAN_TYPE,[O09] Initial start need ask,,&IniConfig.bInitialStartNeedAsk,,,,,1495,SECSGEM/uHGemHT9045_EC.cpp#L1495
35724,BOOLEAN_TYPE,[O11] Enable Record Jam Rate By Time,,&IniConfig.bRecordJamRateByTime,,,,,1496,SECSGEM/uHGemHT9045_EC.cpp#L1496
35725,INT_4_TYPE,[O11] Record Jam Rate By Time minutes,,&IniConfig.iRecordJamRateIntervalTime,999999,1,,,1497,SECSGEM/uHGemHT9045_EC.cpp#L1497
35726,BOOLEAN_TYPE,[O12] Use Head Condition1  Life Time Control,,&IniConfig.bLifeTimeCount[0],,,,,1498,SECSGEM/uHGemHT9045_EC.cpp#L1498
35727,ASCII_TYPE,[O12] Use Head Condition1  Life Time Control ContactConditionName,,&IniConfig.ContactConditionName[0],,,,,1499,SECSGEM/uHGemHT9045_EC.cpp#L1499
35728,BOOLEAN_TYPE,[O13] Use Head Condition1  Life Time Control,,&IniConfig.bLifeTimeCount[1],,,,,1500,SECSGEM/uHGemHT9045_EC.cpp#L1500
35729,ASCII_TYPE,[O13] Use Head Condition1  Life Time Control ContactConditionName,,&IniConfig.ContactConditionName[1],,,,,1501,SECSGEM/uHGemHT9045_EC.cpp#L1501
35730,BOOLEAN_TYPE,[O14] Use Head Condition1  Life Time Control,,&IniConfig.bLifeTimeCount[2],,,,,1502,SECSGEM/uHGemHT9045_EC.cpp#L1502
35731,ASCII_TYPE,[O14] Use Head Condition1  Life Time Control ContactConditionName,,&IniConfig.ContactConditionName[2],,,,,1503,SECSGEM/uHGemHT9045_EC.cpp#L1503
35732,INT_4_TYPE,[O15-1] Saving file period,,&IniConfig.iO15_SaveFilePeriod,6,0,3,,1504,SECSGEM/uHGemHT9045_EC.cpp#L1504
35733,BOOLEAN_TYPE,[O15-2] File name include machine ID,,&IniConfig.bO15_EventLogFileNameWithMachineID,,,,,1505,SECSGEM/uHGemHT9045_EC.cpp#L1505
35800,BOOLEAN_TYPE,[N05] Enable Automation connection ,,&IniConfig.bEnableRms,,,,,1507,SECSGEM/uHGemHT9045_EC.cpp#L1507
35801,ASCII_TYPE,[N05] Automation Upload Path,,&IniConfig.sRmsPath,,,,,1508,SECSGEM/uHGemHT9045_EC.cpp#L1508
35802,ASCII_TYPE,[N05] Automation Download Path,,&IniConfig.sRmsDownPath,,,,,1509,SECSGEM/uHGemHT9045_EC.cpp#L1509
35803,BOOLEAN_TYPE,[N05] Enable Automation Check File,,&IniConfig.bCheckFile,,,,,1510,SECSGEM/uHGemHT9045_EC.cpp#L1510
35804,FT_8_TYPE,[N05] Ambient Temperaure Define,,&IniConfig.fAmbientTemp,,,,,1511,SECSGEM/uHGemHT9045_EC.cpp#L1511
35805,BOOLEAN_TYPE,[N06] Enable FTP,,&IniConfig.bEnableFTP,,,,,1512,SECSGEM/uHGemHT9045_EC.cpp#L1512
35806,ASCII_TYPE,[N06] FTP User Name,,&IniConfig.FtpUserName,,,,,1513,SECSGEM/uHGemHT9045_EC.cpp#L1513
35807,ASCII_TYPE,[N06] FTP Password,,&IniConfig.FtpPassword,,,,,1514,SECSGEM/uHGemHT9045_EC.cpp#L1514
35808,ASCII_TYPE,[N06] FTP Host,,&IniConfig.FtpHost,,,,,1515,SECSGEM/uHGemHT9045_EC.cpp#L1515
35809,ASCII_TYPE,[N06] FTP Download Path,,&IniConfig.FtpDownloadPath,,,,,1516,SECSGEM/uHGemHT9045_EC.cpp#L1516
35810,ASCII_TYPE,[N06] FTP Upload Path,,&IniConfig.FtpUplaodPath,,,,,1517,SECSGEM/uHGemHT9045_EC.cpp#L1517
35811,ASCII_TYPE,[N06] FTP Tester Map,,&IniConfig.N06_TasterListMap,,,,,1518,SECSGEM/uHGemHT9045_EC.cpp#L1518
35812,ASCII_TYPE,[N06] FTP List,,&IniConfig.N06_TasterListFile,,,,,1519,SECSGEM/uHGemHT9045_EC.cpp#L1519
35813,INT_4_TYPE,[N06] FTP HD level setup,,&IniConfig.iHDEnable,3,0,,0:Operator; 1:Engineer; 2:Supervisor; 3:HonPrec;,1520,SECSGEM/uHGemHT9045_EC.cpp#L1520
35814,INT_4_TYPE,[N06] FTP Server level setup,,&IniConfig.iServerEnable,3,0,,0:Operator; 1:Engineer; 2:Supervisor; 3:HonPrec;,1521,SECSGEM/uHGemHT9045_EC.cpp#L1521
35815,BOOLEAN_TYPE,[N06] Use System Call to UnZip,,&IniConfig.FtpUseSystemCallToUnZip,,,,,1522,SECSGEM/uHGemHT9045_EC.cpp#L1522
35816,BOOLEAN_TYPE,[N07-2] Enable Host Control Start,,&IniConfig.bRCMDStart,,,,,1523,SECSGEM/uHGemHT9045_EC.cpp#L1523
35817,INT_4_TYPE,[N07-2] Start Run Check After Sec Alarm,,&IniConfig.iN07RunCheckAlarmTime,300,5,,,1524,SECSGEM/uHGemHT9045_EC.cpp#L1524
35818,BOOLEAN_TYPE,[N07-3] Enable Secs Gem Disable One Cycle,,&IniConfig.bSECS_GEM_OneCycle,,,,,1525,SECSGEM/uHGemHT9045_EC.cpp#L1525
35819,BOOLEAN_TYPE,[N10-1] Enable temperature and EP and ESD log upload to server.,,&IniConfig.bN10Enable_FTPUpLoadLog,,,,,1526,SECSGEM/uHGemHT9045_EC.cpp#L1526
35820,BOOLEAN_TYPE,[N10-2] Enable upload summary to server,,&IniConfig.bN10_UploadSummaryToFTP,,,,,1527,SECSGEM/uHGemHT9045_EC.cpp#L1527
35821,BOOLEAN_TYPE,[N10-3] Enable daily upload production status to server,,&IniConfig.bN10_DailyUploadProdData,,,,,1528,SECSGEM/uHGemHT9045_EC.cpp#L1528
35822,INT_4_TYPE,[N10-3-1] Upload Time Priod Method,,&IniConfig.iN10UploadProductMethod,2,0,0,,1529,SECSGEM/uHGemHT9045_EC.cpp#L1529
35823,INT_4_TYPE,[N10-4] Upload Method,,&IniConfig.iN10UploadMethod,1,0,,,1530,SECSGEM/uHGemHT9045_EC.cpp#L1530
35824,ASCII_TYPE,[N10-5] FTP Setting User Name,,&IniConfig.cN10FtpUserName,,,,,1531,SECSGEM/uHGemHT9045_EC.cpp#L1531
35825,ASCII_TYPE,[N10-5] FTP Setting Password,,&IniConfig.cN10FtpPassword,,,,,1532,SECSGEM/uHGemHT9045_EC.cpp#L1532
35826,ASCII_TYPE,[N10-5] FTP Setting Host,,&IniConfig.cN10FtpHost,,,,,1533,SECSGEM/uHGemHT9045_EC.cpp#L1533
35827,ASCII_TYPE,[N10-5] FTP Setting Upload Path,,&IniConfig.cN10FtpUplaodPath,,,,,1534,SECSGEM/uHGemHT9045_EC.cpp#L1534
35828,INT_4_TYPE,[N10-6] Interval time for upload to host second,,&IniConfig.iN10UploadToHostIntervalTime,3600,5,5,,1535,SECSGEM/uHGemHT9045_EC.cpp#L1535
35829,INT_4_TYPE,[N10-7] Upload date folder type,,&IniConfig.iN10DataType,2,0,0,,1536,SECSGEM/uHGemHT9045_EC.cpp#L1536
35830,ASCII_TYPE,[N10-8] Net derive path,,&IniConfig.sN10UploadDrivePath,,,,,1537,SECSGEM/uHGemHT9045_EC.cpp#L1537
35831,BOOLEAN_TYPE,[N16] Offset FTP Enable Offset FTP,,&IniConfig.bEnableOffsetFTP,,,,,1538,SECSGEM/uHGemHT9045_EC.cpp#L1538
35832,ASCII_TYPE,[N16] Offset FTP User Name,,&IniConfig.cN16FtpUserName,,,,,1539,SECSGEM/uHGemHT9045_EC.cpp#L1539
35833,ASCII_TYPE,[N16] Offset FTP Password,,&IniConfig.cN16FtpPassword,,,,,1540,SECSGEM/uHGemHT9045_EC.cpp#L1540
35834,ASCII_TYPE,[N16] Offset FTP Host,,&IniConfig.cN16FtpHost,,,,,1541,SECSGEM/uHGemHT9045_EC.cpp#L1541
35835,ASCII_TYPE,[N16] Offset FTP Download Path,,&IniConfig.cN16FtpDownloadPath,,,,,1542,SECSGEM/uHGemHT9045_EC.cpp#L1542
35836,ASCII_TYPE,[N16] Offset FTP Upload Path,,&IniConfig.cN16FtpUplaodPath,,,,,1543,SECSGEM/uHGemHT9045_EC.cpp#L1543
35900,BOOLEAN_TYPE,[P04] Color stage regard as empty tray unloader to use.,,&IniConfig.bP04ColorIsEmptyUnloader,,,,,1545,SECSGEM/uHGemHT9045_EC.cpp#L1545
35901,BOOLEAN_TYPE,[P10] Fixed Tary loads new Tary need propose the initial Question.,,&IniConfig.bP10FixedTrayProposeTheInitialQuestion,,,,,1546,SECSGEM/uHGemHT9045_EC.cpp#L1546
35902,BOOLEAN_TYPE,[P13] Enable Auto Tray Edge Push Cylinder Loop Function.,,&IniConfig.bP13EnableAutoTrayEdgePushCylinderLoop,,,,,1547,SECSGEM/uHGemHT9045_EC.cpp#L1547
35903,INT_4_TYPE,[P13-1] Loop Delay Time,0.1Sec,&IniConfig.iP13EdgePushCylinderLoopDelay,300,2,,,1548,SECSGEM/uHGemHT9045_EC.cpp#L1548
35904,BOOLEAN_TYPE,[P14] Enable Auto Tray  Receive Delay Function.,,&IniConfig.bP14EnableAutoTrayRecevieDelayCount,,,,,1549,SECSGEM/uHGemHT9045_EC.cpp#L1549
35905,INT_4_TYPE,[P14-1] Delay Edge Push Cylinder Count ,,&IniConfig.iP14AutoTrayRecevieDelayCount,10000,1,,,1550,SECSGEM/uHGemHT9045_EC.cpp#L1550
35906,INT_4_TYPE,[P14-2] Receive Loop Delay Time ,0.1Sec,&IniConfig.iP14AutoTrayRecevieLoopDelayTime,3000,2,,,1551,SECSGEM/uHGemHT9045_EC.cpp#L1551
35907,BOOLEAN_TYPE,[P15] Unload Tray Cylinder free when Open door,,&IniConfig.bUnloadTrayFree,,,,,1552,SECSGEM/uHGemHT9045_EC.cpp#L1552
35908,BOOLEAN_TYPE,[P16] Enable Hotplate Edge Push Cylinder Loop Function.,,&IniConfig.bP16EnableHotplateEdgePushCylinderLoop,,,,,1553,SECSGEM/uHGemHT9045_EC.cpp#L1553
35909,INT_4_TYPE,[P16-1] Loop Delay Time,,&IniConfig.iP16HotplateEdgePushCylinderLoopDelay,,,,,1554,SECSGEM/uHGemHT9045_EC.cpp#L1554
35910,BOOLEAN_TYPE,[P17] In arm picker must wait loader tray. (full pick up) ,,&IniConfig.bP17InArmFullPickFromLoader,,,,,1555,SECSGEM/uHGemHT9045_EC.cpp#L1555
35911,BOOLEAN_TYPE,[P18] Autotray is fail bin must manual put Tray  ,,&IniConfig.bP18FailAutoTrayManual,,,,,1556,SECSGEM/uHGemHT9045_EC.cpp#L1556
35912,BOOLEAN_TYPE,[P19] Catch Tray goes up then check if had catched tray,,&IniConfig.bP19CatchTrayUpThenCheck,,,,,1557,SECSGEM/uHGemHT9045_EC.cpp#L1557
35913,BOOLEAN_TYPE,[P20] Must Manual Clear Fix Tray After Initial Start,,&IniConfig.bP20ManualClearFixTrayDataAfterInitialStart,,,,,1558,SECSGEM/uHGemHT9045_EC.cpp#L1558
35914,BOOLEAN_TYPE,[P21] TrayFeed Take out Fix Tray,,&IniConfig.bP21CheckFixTray,,,,,1559,SECSGEM/uHGemHT9045_EC.cpp#L1559
35916,BOOLEAN_TYPE,Enable Bar Code Function,,&TestIF_File.bEnableBarCode,,,,,1560,SECSGEM/uHGemHT9045_EC.cpp#L1560
35917,BOOLEAN_TYPE,"[P25] Empty or Color tray no supple Auto 1 2 3,no load one tray",,&IniConfig.bP25EmptyColorNoSuppleAutoNoLoadEmpty,,,,,1561,SECSGEM/uHGemHT9045_EC.cpp#L1561
37007,INT_4_TYPE,LoaderTotalTray,,&LastSet.iLoaderTotalTray,1000,1,10,,1563,SECSGEM/uHGemHT9045_EC.cpp#L1563
37011,FT_8_TYPE,HISILICON ESD data reporting interval,Second,&IniConfig.dESDDataReportTime,,,,,1564,SECSGEM/uHGemHT9045_EC.cpp#L1564
37300,ASCII_TYPE,Site Aa Socket ID,,&LastSet.strSocketID[0][0],,,,Site Aa Socket ID,1565,SECSGEM/uHGemHT9045_EC.cpp#L1565
37301,ASCII_TYPE,Site Ab Socket ID,,&LastSet.strSocketID[0][1],,,,Site Ab Socket ID,1566,SECSGEM/uHGemHT9045_EC.cpp#L1566
37302,ASCII_TYPE,Site Ac Socket ID,,&LastSet.strSocketID[0][2],,,,Site Ac Socket ID,1567,SECSGEM/uHGemHT9045_EC.cpp#L1567
37303,ASCII_TYPE,Site Ad Socket ID,,&LastSet.strSocketID[0][3],,,,Site Ad Socket ID,1568,SECSGEM/uHGemHT9045_EC.cpp#L1568
37304,ASCII_TYPE,Site Ae Socket ID,,&LastSet.strSocketID[0][4],,,,Site Ae Socket ID,1569,SECSGEM/uHGemHT9045_EC.cpp#L1569
37305,ASCII_TYPE,Site Af Socket ID,,&LastSet.strSocketID[0][5],,,,Site Af Socket ID,1570,SECSGEM/uHGemHT9045_EC.cpp#L1570
37306,ASCII_TYPE,Site Ag Socket ID,,&LastSet.strSocketID[0][6],,,,Site Ag Socket ID,1571,SECSGEM/uHGemHT9045_EC.cpp#L1571
37307,ASCII_TYPE,Site Ah Socket ID,,&LastSet.strSocketID[0][7],,,,Site Ah Socket ID,1572,SECSGEM/uHGemHT9045_EC.cpp#L1572
37308,ASCII_TYPE,Site Ba Socket ID,,&LastSet.strSocketID[1][0],,,,Site Ba Socket ID,1573,SECSGEM/uHGemHT9045_EC.cpp#L1573
37309,ASCII_TYPE,Site Bb Socket ID,,&LastSet.strSocketID[1][1],,,,Site Bb Socket ID,1574,SECSGEM/uHGemHT9045_EC.cpp#L1574
37310,ASCII_TYPE,Site Bc Socket ID,,&LastSet.strSocketID[1][2],,,,Site Bc Socket ID,1575,SECSGEM/uHGemHT9045_EC.cpp#L1575
37311,ASCII_TYPE,Site Bd Socket ID,,&LastSet.strSocketID[1][3],,,,Site Bd Socket ID,1576,SECSGEM/uHGemHT9045_EC.cpp#L1576
37312,ASCII_TYPE,Site Be Socket ID,,&LastSet.strSocketID[1][4],,,,Site Be Socket ID,1577,SECSGEM/uHGemHT9045_EC.cpp#L1577
37313,ASCII_TYPE,Site Bf Socket ID,,&LastSet.strSocketID[1][5],,,,Site Bf Socket ID,1578,SECSGEM/uHGemHT9045_EC.cpp#L1578
37314,ASCII_TYPE,Site Bg Socket ID,,&LastSet.strSocketID[1][6],,,,Site Bg Socket ID,1579,SECSGEM/uHGemHT9045_EC.cpp#L1579
37315,ASCII_TYPE,Site Bh Socket ID,,&LastSet.strSocketID[1][7],,,,Site Bh Socket ID,1580,SECSGEM/uHGemHT9045_EC.cpp#L1580
37316,ASCII_TYPE,Site Ca Socket ID,,&LastSet.strSocketID[2][0],,,,Site Ca Socket ID,1581,SECSGEM/uHGemHT9045_EC.cpp#L1581
37317,ASCII_TYPE,Site Cb Socket ID,,&LastSet.strSocketID[2][1],,,,Site Cb Socket ID,1582,SECSGEM/uHGemHT9045_EC.cpp#L1582
37318,ASCII_TYPE,Site Cc Socket ID,,&LastSet.strSocketID[2][2],,,,Site Cc Socket ID,1583,SECSGEM/uHGemHT9045_EC.cpp#L1583
37319,ASCII_TYPE,Site Cd Socket ID,,&LastSet.strSocketID[2][3],,,,Site Cd Socket ID,1584,SECSGEM/uHGemHT9045_EC.cpp#L1584
37320,ASCII_TYPE,Site Ce Socket ID,,&LastSet.strSocketID[2][4],,,,Site Ce Socket ID,1585,SECSGEM/uHGemHT9045_EC.cpp#L1585
37321,ASCII_TYPE,Site Cf Socket ID,,&LastSet.strSocketID[2][5],,,,Site Cf Socket ID,1586,SECSGEM/uHGemHT9045_EC.cpp#L1586
37322,ASCII_TYPE,Site Cg Socket ID,,&LastSet.strSocketID[2][6],,,,Site Cg Socket ID,1587,SECSGEM/uHGemHT9045_EC.cpp#L1587
37323,ASCII_TYPE,Site Ch Socket ID,,&LastSet.strSocketID[2][7],,,,Site Ch Socket ID,1588,SECSGEM/uHGemHT9045_EC.cpp#L1588
37324,ASCII_TYPE,Site Da Socket ID,,&LastSet.strSocketID[3][0],,,,Site Da Socket ID,1589,SECSGEM/uHGemHT9045_EC.cpp#L1589
37325,ASCII_TYPE,Site Db Socket ID,,&LastSet.strSocketID[3][1],,,,Site Db Socket ID,1590,SECSGEM/uHGemHT9045_EC.cpp#L1590
37326,ASCII_TYPE,Site Dc Socket ID,,&LastSet.strSocketID[3][2],,,,Site Dc Socket ID,1591,SECSGEM/uHGemHT9045_EC.cpp#L1591
37327,ASCII_TYPE,Site Dd Socket ID,,&LastSet.strSocketID[3][3],,,,Site Dd Socket ID,1592,SECSGEM/uHGemHT9045_EC.cpp#L1592
37328,ASCII_TYPE,Site De Socket ID,,&LastSet.strSocketID[3][4],,,,Site De Socket ID,1593,SECSGEM/uHGemHT9045_EC.cpp#L1593
37329,ASCII_TYPE,Site Df Socket ID,,&LastSet.strSocketID[3][5],,,,Site Df Socket ID,1594,SECSGEM/uHGemHT9045_EC.cpp#L1594
37330,ASCII_TYPE,Site Dg Socket ID,,&LastSet.strSocketID[3][6],,,,Site Dg Socket ID,1595,SECSGEM/uHGemHT9045_EC.cpp#L1595
37331,ASCII_TYPE,Site Dh Socket ID,,&LastSet.strSocketID[3][7],,,,Site Dh Socket ID,1596,SECSGEM/uHGemHT9045_EC.cpp#L1596
37400,INT_4_TYPE,Site Aa Socket Contact Count,,&LastSet.iSocketContactCount[0][0],,1000000000,0,Site Aa Socket Contact Count,1598,SECSGEM/uHGemHT9045_EC.cpp#L1598
37401,INT_4_TYPE,Site Ab Socket Contact Count,,&LastSet.iSocketContactCount[0][1],,1000000000,0,Site Ab Socket Contact Count,1599,SECSGEM/uHGemHT9045_EC.cpp#L1599
37402,INT_4_TYPE,Site Ac Socket Contact Count,,&LastSet.iSocketContactCount[0][2],,1000000000,0,Site Ac Socket Contact Count,1600,SECSGEM/uHGemHT9045_EC.cpp#L1600
37403,INT_4_TYPE,Site Ad Socket Contact Count,,&LastSet.iSocketContactCount[0][3],,1000000000,0,Site Ad Socket Contact Count,1601,SECSGEM/uHGemHT9045_EC.cpp#L1601
37404,INT_4_TYPE,Site Ae Socket Contact Count,,&LastSet.iSocketContactCount[0][4],,1000000000,0,Site Ae Socket Contact Count,1602,SECSGEM/uHGemHT9045_EC.cpp#L1602
37405,INT_4_TYPE,Site Af Socket Contact Count,,&LastSet.iSocketContactCount[0][5],,1000000000,0,Site Af Socket Contact Count,1603,SECSGEM/uHGemHT9045_EC.cpp#L1603
37406,INT_4_TYPE,Site Ag Socket Contact Count,,&LastSet.iSocketContactCount[0][6],,1000000000,0,Site Ag Socket Contact Count,1604,SECSGEM/uHGemHT9045_EC.cpp#L1604
37407,INT_4_TYPE,Site Ah Socket Contact Count,,&LastSet.iSocketContactCount[0][7],,1000000000,0,Site Ah Socket Contact Count,1605,SECSGEM/uHGemHT9045_EC.cpp#L1605
37408,INT_4_TYPE,Site Ba Socket Contact Count,,&LastSet.iSocketContactCount[1][0],,1000000000,0,Site Ba Socket Contact Count,1606,SECSGEM/uHGemHT9045_EC.cpp#L1606
37409,INT_4_TYPE,Site Bb Socket Contact Count,,&LastSet.iSocketContactCount[1][1],,1000000000,0,Site Bb Socket Contact Count,1607,SECSGEM/uHGemHT9045_EC.cpp#L1607
37410,INT_4_TYPE,Site Bc Socket Contact Count,,&LastSet.iSocketContactCount[1][2],,1000000000,0,Site Bc Socket Contact Count,1608,SECSGEM/uHGemHT9045_EC.cpp#L1608
37411,INT_4_TYPE,Site Bd Socket Contact Count,,&LastSet.iSocketContactCount[1][3],,1000000000,0,Site Bd Socket Contact Count,1609,SECSGEM/uHGemHT9045_EC.cpp#L1609
37412,INT_4_TYPE,Site Be Socket Contact Count,,&LastSet.iSocketContactCount[1][4],,1000000000,0,Site Be Socket Contact Count,1610,SECSGEM/uHGemHT9045_EC.cpp#L1610
37413,INT_4_TYPE,Site Bf Socket Contact Count,,&LastSet.iSocketContactCount[1][5],,1000000000,0,Site Bf Socket Contact Count,1611,SECSGEM/uHGemHT9045_EC.cpp#L1611
37414,INT_4_TYPE,Site Bg Socket Contact Count,,&LastSet.iSocketContactCount[1][6],,1000000000,0,Site Bg Socket Contact Count,1612,SECSGEM/uHGemHT9045_EC.cpp#L1612
37415,INT_4_TYPE,Site Bh Socket Contact Count,,&LastSet.iSocketContactCount[1][7],,1000000000,0,Site Bh Socket Contact Count,1613,SECSGEM/uHGemHT9045_EC.cpp#L1613
37416,INT_4_TYPE,Site Ca Socket Contact Count,,&LastSet.iSocketContactCount[2][0],,1000000000,0,Site Ca Socket Contact Count,1614,SECSGEM/uHGemHT9045_EC.cpp#L1614
37417,INT_4_TYPE,Site Cb Socket Contact Count,,&LastSet.iSocketContactCount[2][1],,1000000000,0,Site Cb Socket Contact Count,1615,SECSGEM/uHGemHT9045_EC.cpp#L1615
37418,INT_4_TYPE,Site Cc Socket Contact Count,,&LastSet.iSocketContactCount[2][2],,1000000000,0,Site Cc Socket Contact Count,1616,SECSGEM/uHGemHT9045_EC.cpp#L1616
37419,INT_4_TYPE,Site Cd Socket Contact Count,,&LastSet.iSocketContactCount[2][3],,1000000000,0,Site Cd Socket Contact Count,1617,SECSGEM/uHGemHT9045_EC.cpp#L1617
37420,INT_4_TYPE,Site Ce Socket Contact Count,,&LastSet.iSocketContactCount[2][4],,1000000000,0,Site Ce Socket Contact Count,1618,SECSGEM/uHGemHT9045_EC.cpp#L1618
37421,INT_4_TYPE,Site Cf Socket Contact Count,,&LastSet.iSocketContactCount[2][5],,1000000000,0,Site Cf Socket Contact Count,1619,SECSGEM/uHGemHT9045_EC.cpp#L1619
37422,INT_4_TYPE,Site Cg Socket Contact Count,,&LastSet.iSocketContactCount[2][6],,1000000000,0,Site Cg Socket Contact Count,1620,SECSGEM/uHGemHT9045_EC.cpp#L1620
37423,INT_4_TYPE,Site Ch Socket Contact Count,,&LastSet.iSocketContactCount[2][7],,1000000000,0,Site Ch Socket Contact Count,1621,SECSGEM/uHGemHT9045_EC.cpp#L1621
37424,INT_4_TYPE,Site Da Socket Contact Count,,&LastSet.iSocketContactCount[3][0],,1000000000,0,Site Da Socket Contact Count,1622,SECSGEM/uHGemHT9045_EC.cpp#L1622
37425,INT_4_TYPE,Site Db Socket Contact Count,,&LastSet.iSocketContactCount[3][1],,1000000000,0,Site Db Socket Contact Count,1623,SECSGEM/uHGemHT9045_EC.cpp#L1623
37426,INT_4_TYPE,Site Dc Socket Contact Count,,&LastSet.iSocketContactCount[3][2],,1000000000,0,Site Dc Socket Contact Count,1624,SECSGEM/uHGemHT9045_EC.cpp#L1624
37427,INT_4_TYPE,Site Dd Socket Contact Count,,&LastSet.iSocketContactCount[3][3],,1000000000,0,Site Dd Socket Contact Count,1625,SECSGEM/uHGemHT9045_EC.cpp#L1625
37428,INT_4_TYPE,Site De Socket Contact Count,,&LastSet.iSocketContactCount[3][4],,1000000000,0,Site De Socket Contact Count,1626,SECSGEM/uHGemHT9045_EC.cpp#L1626
37429,INT_4_TYPE,Site Df Socket Contact Count,,&LastSet.iSocketContactCount[3][5],,1000000000,0,Site Df Socket Contact Count,1627,SECSGEM/uHGemHT9045_EC.cpp#L1627
37430,INT_4_TYPE,Site Dg Socket Contact Count,,&LastSet.iSocketContactCount[3][6],,1000000000,0,Site Dg Socket Contact Count,1628,SECSGEM/uHGemHT9045_EC.cpp#L1628
37431,INT_4_TYPE,Site Dh Socket Contact Count,,&LastSet.iSocketContactCount[3][7],,1000000000,0,Site Dh Socket Contact Count,1629,SECSGEM/uHGemHT9045_EC.cpp#L1629
37490,ASCII_TYPE,Kit No 1,,fStartCondition->edtKitNo1,,,,Kit No 1,1631,SECSGEM/uHGemHT9045_EC.cpp#L1631
37491,ASCII_TYPE,Kit No 2,,fStartCondition->edtKitNo2,,,,Kit No 2,1632,SECSGEM/uHGemHT9045_EC.cpp#L1632
37492,ASCII_TYPE,Kit No 3,,fStartCondition->edtKitNo3,,,,Kit No 3,1633,SECSGEM/uHGemHT9045_EC.cpp#L1633
37800,INT_4_TYPE,ScanInterval,,&ESD_GENERAL.ScanInterval,2000,100,1000,,1635,SECSGEM/uHGemHT9045_EC.cpp#L1635
37801,INT_4_TYPE,Alarm_Continuous_Time,,&ESD_GENERAL.Alarm_Continuous_Time,20,0,0,ESD.Alarm_Continuous_Time,1636,SECSGEM/uHGemHT9045_EC.cpp#L1636
37802,BOOLEAN_TYPE,Alarm_Enable,,&ESD_GENERAL.Alarm_Enable,1,0,1,ESD.ScanInterval,1637,SECSGEM/uHGemHT9045_EC.cpp#L1637
37803,ASCII_TYPE,PassWord,,&ESD_GENERAL.PassWord,20,0,0,ESD.PassWord,1638,SECSGEM/uHGemHT9045_EC.cpp#L1638
37804,INT_4_TYPE,iESDReporTimer,,&ESD_GENERAL.ScanInterval,5000,0,100,ESD.iESDReporTimer,1639,SECSGEM/uHGemHT9045_EC.cpp#L1639
37805,BOOLEAN_TYPE,Active[0],,&ESD_GENERAL.bStationActive[0],1,0,0,,1640,SECSGEM/uHGemHT9045_EC.cpp#L1640
37806,INT_4_TYPE,Alarm[0][0],,&ESD_GENERAL.Alarm[0][0],100,0,30,ESD.Alarm[0][0],1641,SECSGEM/uHGemHT9045_EC.cpp#L1641
37807,INT_4_TYPE,ProxOnOff[0][0],,&ESD_GENERAL.ProxOnOff[0][0],100,0,0,ESD.ProxOnOff[0][0],1642,SECSGEM/uHGemHT9045_EC.cpp#L1642
37816,INT_4_TYPE,Alarm[0][1],,&ESD_GENERAL.Alarm[0][1],100,0,30,ESD.Alarm[0][1],1643,SECSGEM/uHGemHT9045_EC.cpp#L1643
37817,INT_4_TYPE,ProxOnOff[0][1],,&ESD_GENERAL.ProxOnOff[0][1],100,0,0,ESD.ProxOnOff[0][1],1644,SECSGEM/uHGemHT9045_EC.cpp#L1644
37826,INT_4_TYPE,Alarm[0][2],,&ESD_GENERAL.Alarm[0][2],100,0,30,ESD.Alarm[0][2],1645,SECSGEM/uHGemHT9045_EC.cpp#L1645
37827,INT_4_TYPE,ProxOnOff[0][2],,&ESD_GENERAL.ProxOnOff[0][2],100,0,0,ESD.ProxOnOff[0][2],1646,SECSGEM/uHGemHT9045_EC.cpp#L1646
37835,BOOLEAN_TYPE,Active[1],,&ESD_GENERAL.bStationActive[1],1,0,0,,1647,SECSGEM/uHGemHT9045_EC.cpp#L1647
37836,INT_4_TYPE,Alarm[1][0],,&ESD_GENERAL.Alarm[1][0],100,0,30,ESD.Alarm[1][0],1648,SECSGEM/uHGemHT9045_EC.cpp#L1648
37837,INT_4_TYPE,ProxOnOff[1][0],,&ESD_GENERAL.ProxOnOff[1][0],100,0,0,ESD.ProxOnOff[1][0],1649,SECSGEM/uHGemHT9045_EC.cpp#L1649
37846,INT_4_TYPE,Alarm[1[1],,&ESD_GENERAL.Alarm[1][1],100,0,30,ESD.Alarm[1][1],1650,SECSGEM/uHGemHT9045_EC.cpp#L1650
37847,INT_4_TYPE,ProxOnOff[1][1],,&ESD_GENERAL.ProxOnOff[1][1],100,0,0,ESD.ProxOnOff[1][1],1651,SECSGEM/uHGemHT9045_EC.cpp#L1651
37856,INT_4_TYPE,Alarm[1][2],,&ESD_GENERAL.Alarm[1][2],100,0,30,ESD.Alarm[1][2],1652,SECSGEM/uHGemHT9045_EC.cpp#L1652
37857,INT_4_TYPE,ProxOnOff[1][2],,&ESD_GENERAL.ProxOnOff[1][2],100,0,0,ESD.ProxOnOff[1][2],1653,SECSGEM/uHGemHT9045_EC.cpp#L1653
37865,BOOLEAN_TYPE,Active[2],,&ESD_GENERAL.bStationActive[2],1,0,0,,1654,SECSGEM/uHGemHT9045_EC.cpp#L1654
37866,INT_4_TYPE,Alarm[2][0],,&ESD_GENERAL.Alarm[2][0],100,0,30,ESD.Alarm[2][0],1655,SECSGEM/uHGemHT9045_EC.cpp#L1655
37867,INT_4_TYPE,ProxOnOff[2][0],,&ESD_GENERAL.ProxOnOff[2][0],100,0,0,ESD.ProxOnOff[2][0],1656,SECSGEM/uHGemHT9045_EC.cpp#L1656
37876,INT_4_TYPE,Alarm[2[1],,&ESD_GENERAL.Alarm[2][1],100,0,30,ESD.Alarm[2][1],1657,SECSGEM/uHGemHT9045_EC.cpp#L1657
37877,INT_4_TYPE,ProxOnOff[2][1],,&ESD_GENERAL.ProxOnOff[2][1],100,0,0,ESD.ProxOnOff[2][1],1658,SECSGEM/uHGemHT9045_EC.cpp#L1658
37886,INT_4_TYPE,Alarm[2][2],,&ESD_GENERAL.Alarm[2][2],100,0,30,ESD.Alarm[2][2],1659,SECSGEM/uHGemHT9045_EC.cpp#L1659
37887,INT_4_TYPE,ProxOnOff[2][2],,&ESD_GENERAL.ProxOnOff[2][2],100,0,0,ESD.ProxOnOff[2][2],1660,SECSGEM/uHGemHT9045_EC.cpp#L1660
38002,ASCII_TYPE,Tray RFID,,fLotInfo->pnlLoader,,,,Tray RFID,1662,SECSGEM/uHGemHT9045_EC.cpp#L1662
38199,ASCII_TYPE,Output 4 Tray ID,,&asBundleTrayID[ePortAuto4],,,,Output 4 Tray ID,1664,SECSGEM/uHGemHT9045_EC.cpp#L1664
38200,ASCII_TYPE,Output 5 Tray ID,,&asBundleTrayID[ePortAuto5],,,,Output 5 Tray ID,1665,SECSGEM/uHGemHT9045_EC.cpp#L1665
38201,ASCII_TYPE,Output 6 Tray ID,,&asBundleTrayID[ePortAuto6],,,,Output 6 Tray ID,1666,SECSGEM/uHGemHT9045_EC.cpp#L1666
38205,ASCII_TYPE,Output 1 Tray ID,,&asBundleTrayID[ePortAuto1],,,,Output 1 Tray ID,1667,SECSGEM/uHGemHT9045_EC.cpp#L1667
38206,ASCII_TYPE,Output 2 Tray ID,,&asBundleTrayID[ePortAuto2],,,,Output 2 Tray ID,1668,SECSGEM/uHGemHT9045_EC.cpp#L1668
38207,ASCII_TYPE,Output 3 Tray ID,,&asBundleTrayID[ePortAuto3],,,,Output 3 Tray ID,1669,SECSGEM/uHGemHT9045_EC.cpp#L1669
38214,ASCII_TYPE,Bundle Information,,&sBundleEndInfo,,,,Bundle Info,1671,SECSGEM/uHGemHT9045_EC.cpp#L1671
38215,ASCII_TYPE,In port Bundle ID,,&asBundleTrayID[ePortEmpty],,,,In port Bundle ID,1672,SECSGEM/uHGemHT9045_EC.cpp#L1672
38216,ASCII_TYPE,Loader Bundle ID,,&asBundleTrayID[ePortLoader],,,,Loader Bundle ID,1673,SECSGEM/uHGemHT9045_EC.cpp#L1673
38217,ASCII_TYPE,Unload Bundle ID,,&sUnloadBundleID,,,,Unload Bundle ID,1674,SECSGEM/uHGemHT9045_EC.cpp#L1674
38218,ASCII_TYPE,Process end report,,&sProcessEndInfo,,,,Process end report,1675,SECSGEM/uHGemHT9045_EC.cpp#L1675
38250,INT_4_TYPE,Die QTY of Bundle,,&iBundleDieQty,,,,Die QTY of Bundle,1677,SECSGEM/uHGemHT9045_EC.cpp#L1677
38300,INT_4_TYPE,Port number for tray input stacker,,&iThisPortNo,,,,Port number for tray input stacker,1678,SECSGEM/uHGemHT9045_EC.cpp#L1678
38301,INT_4_TYPE,Port status for tray input stacker,,&iThisPortStatus,,,,Port status for tray input stacker,1679,SECSGEM/uHGemHT9045_EC.cpp#L1679
38302,ASCII_TYPE,Dcc Data,,&sDCC_ATK,,,,Dcc Data,1680,SECSGEM/uHGemHT9045_EC.cpp#L1680
38601,BOOLEAN_TYPE,Alarm2 Normal Bin 0 By Bin Site Gap over Limit Enable,,&TestIF_File.bSpecBinBySiteCompareEnable[FT][0],1,0,0,Alarm2 Normal Bin 0 By Bin Site Gap over Limit Enable,1682,SECSGEM/uHGemHT9045_EC.cpp#L1682
38602,FT_8_TYPE,Alarm2 Normal Bin 0 By Bin Site Gap over Limit,Percentage,&TestIF_File.dSpecBinBySiteComparePercent[FT][0],100,0,0,Alarm2 Normal Bin 0 By Bin Site Gap over Limit,1683,SECSGEM/uHGemHT9045_EC.cpp#L1683
38603,BOOLEAN_TYPE,Alarm2 Normal Bin 1 By Bin Site Gap over Limit Enable,,&TestIF_File.bSpecBinBySiteCompareEnable[FT][1],1,0,0,Alarm2 Normal Bin 1 By Bin Site Gap over Limit Enable,1684,SECSGEM/uHGemHT9045_EC.cpp#L1684
38604,FT_8_TYPE,Alarm2 Normal Bin 1 By Bin Site Gap over Limit,Percentage,&TestIF_File.dSpecBinBySiteComparePercent[FT][1],100,0,0,Alarm2 Normal Bin 1 By Bin Site Gap over Limit,1685,SECSGEM/uHGemHT9045_EC.cpp#L1685
38605,BOOLEAN_TYPE,Alarm2 Normal Bin 2 By Bin Site Gap over Limit Enable,,&TestIF_File.bSpecBinBySiteCompareEnable[FT][2],1,0,0,Alarm2 Normal Bin 2 By Bin Site Gap over Limit Enable,1686,SECSGEM/uHGemHT9045_EC.cpp#L1686
38606,FT_8_TYPE,Alarm2 Normal Bin 2 By Bin Site Gap over Limit,Percentage,&TestIF_File.dSpecBinBySiteComparePercent[FT][2],100,0,0,Alarm2 Normal Bin 2 By Bin Site Gap over Limit,1687,SECSGEM/uHGemHT9045_EC.cpp#L1687
38607,BOOLEAN_TYPE,Alarm2 Normal Bin 3 By Bin Site Gap over Limit Enable,,&TestIF_File.bSpecBinBySiteCompareEnable[FT][3],1,0,0,Alarm2 Normal Bin 3 By Bin Site Gap over Limit Enable,1688,SECSGEM/uHGemHT9045_EC.cpp#L1688
38608,FT_8_TYPE,Alarm2 Normal Bin 3 By Bin Site Gap over Limit,Percentage,&TestIF_File.dSpecBinBySiteComparePercent[FT][3],100,0,0,Alarm2 Normal Bin 3 By Bin Site Gap over Limit,1689,SECSGEM/uHGemHT9045_EC.cpp#L1689
38609,BOOLEAN_TYPE,Alarm2 Normal Bin 4 By Bin Site Gap over Limit Enable,,&TestIF_File.bSpecBinBySiteCompareEnable[FT][4],1,0,0,Alarm2 Normal Bin 4 By Bin Site Gap over Limit Enable,1690,SECSGEM/uHGemHT9045_EC.cpp#L1690
38610,FT_8_TYPE,Alarm2 Normal Bin 4 By Bin Site Gap over Limit,Percentage,&TestIF_File.dSpecBinBySiteComparePercent[FT][4],100,0,0,Alarm2 Normal Bin 4 By Bin Site Gap over Limit,1691,SECSGEM/uHGemHT9045_EC.cpp#L1691
38611,BOOLEAN_TYPE,Alarm2 Normal Bin 5 By Bin Site Gap over Limit Enable,,&TestIF_File.bSpecBinBySiteCompareEnable[FT][5],1,0,0,Alarm2 Normal Bin 5 By Bin Site Gap over Limit Enable,1692,SECSGEM/uHGemHT9045_EC.cpp#L1692
38612,FT_8_TYPE,Alarm2 Normal Bin 5 By Bin Site Gap over Limit,Percentage,&TestIF_File.dSpecBinBySiteComparePercent[FT][5],100,0,0,Alarm2 Normal Bin 5 By Bin Site Gap over Limit,1693,SECSGEM/uHGemHT9045_EC.cpp#L1693
38613,BOOLEAN_TYPE,Alarm2 Normal Bin 6 By Bin Site Gap over Limit Enable,,&TestIF_File.bSpecBinBySiteCompareEnable[FT][6],1,0,0,Alarm2 Normal Bin 6 By Bin Site Gap over Limit Enable,1694,SECSGEM/uHGemHT9045_EC.cpp#L1694
38614,FT_8_TYPE,Alarm2 Normal Bin 6 By Bin Site Gap over Limit,Percentage,&TestIF_File.dSpecBinBySiteComparePercent[FT][6],100,0,0,Alarm2 Normal Bin 6 By Bin Site Gap over Limit,1695,SECSGEM/uHGemHT9045_EC.cpp#L1695
38615,BOOLEAN_TYPE,Alarm2 Normal Bin 7 By Bin Site Gap over Limit Enable,,&TestIF_File.bSpecBinBySiteCompareEnable[FT][7],1,0,0,Alarm2 Normal Bin 7 By Bin Site Gap over Limit Enable,1696,SECSGEM/uHGemHT9045_EC.cpp#L1696
38616,FT_8_TYPE,Alarm2 Normal Bin 7 By Bin Site Gap over Limit,Percentage,&TestIF_File.dSpecBinBySiteComparePercent[FT][7],100,0,0,Alarm2 Normal Bin 7 By Bin Site Gap over Limit,1697,SECSGEM/uHGemHT9045_EC.cpp#L1697
38617,BOOLEAN_TYPE,Alarm2 Normal Bin 8 By Bin Site Gap over Limit Enable,,&TestIF_File.bSpecBinBySiteCompareEnable[FT][8],1,0,0,Alarm2 Normal Bin 8 By Bin Site Gap over Limit Enable,1698,SECSGEM/uHGemHT9045_EC.cpp#L1698
38618,FT_8_TYPE,Alarm2 Normal Bin 8 By Bin Site Gap over Limit,Percentage,&TestIF_File.dSpecBinBySiteComparePercent[FT][8],100,0,0,Alarm2 Normal Bin 8 By Bin Site Gap over Limit,1699,SECSGEM/uHGemHT9045_EC.cpp#L1699
38619,BOOLEAN_TYPE,Alarm2 Normal Bin 9 By Bin Site Gap over Limit Enable,,&TestIF_File.bSpecBinBySiteCompareEnable[FT][9],1,0,0,Alarm2 Normal Bin 9 By Bin Site Gap over Limit Enable,1700,SECSGEM/uHGemHT9045_EC.cpp#L1700
38620,FT_8_TYPE,Alarm2 Normal Bin 9 By Bin Site Gap over Limit,Percentage,&TestIF_File.dSpecBinBySiteComparePercent[FT][9],100,0,0,Alarm2 Normal Bin 9 By Bin Site Gap over Limit,1701,SECSGEM/uHGemHT9045_EC.cpp#L1701
38621,BOOLEAN_TYPE,Alarm2 Normal Bin 10 By Bin Site Gap over Limit Enable,,&TestIF_File.bSpecBinBySiteCompareEnable[FT][10],1,0,0,Alarm2 Normal Bin 10 By Bin Site Gap over Limit Enable,1702,SECSGEM/uHGemHT9045_EC.cpp#L1702
38622,FT_8_TYPE,Alarm2 Normal Bin 10 By Bin Site Gap over Limit,Percentage,&TestIF_File.dSpecBinBySiteComparePercent[FT][10],100,0,0,Alarm2 Normal Bin 10 By Bin Site Gap over Limit,1703,SECSGEM/uHGemHT9045_EC.cpp#L1703
38623,BOOLEAN_TYPE,Alarm2 Normal Bin 11 By Bin Site Gap over Limit Enable,,&TestIF_File.bSpecBinBySiteCompareEnable[FT][11],1,0,0,Alarm2 Normal Bin 11 By Bin Site Gap over Limit Enable,1704,SECSGEM/uHGemHT9045_EC.cpp#L1704
38624,FT_8_TYPE,Alarm2 Normal Bin 11 By Bin Site Gap over Limit,Percentage,&TestIF_File.dSpecBinBySiteComparePercent[FT][11],100,0,0,Alarm2 Normal Bin 11 By Bin Site Gap over Limit,1705,SECSGEM/uHGemHT9045_EC.cpp#L1705
38625,BOOLEAN_TYPE,Alarm2 Normal Bin 12 By Bin Site Gap over Limit Enable,,&TestIF_File.bSpecBinBySiteCompareEnable[FT][12],1,0,0,Alarm2 Normal Bin 12 By Bin Site Gap over Limit Enable,1706,SECSGEM/uHGemHT9045_EC.cpp#L1706
38626,FT_8_TYPE,Alarm2 Normal Bin 12 By Bin Site Gap over Limit,Percentage,&TestIF_File.dSpecBinBySiteComparePercent[FT][12],100,0,0,Alarm2 Normal Bin 12 By Bin Site Gap over Limit,1707,SECSGEM/uHGemHT9045_EC.cpp#L1707
38627,BOOLEAN_TYPE,Alarm2 Normal Bin 13 By Bin Site Gap over Limit Enable,,&TestIF_File.bSpecBinBySiteCompareEnable[FT][13],1,0,0,Alarm2 Normal Bin 13 By Bin Site Gap over Limit Enable,1708,SECSGEM/uHGemHT9045_EC.cpp#L1708
38628,FT_8_TYPE,Alarm2 Normal Bin 13 By Bin Site Gap over Limit,Percentage,&TestIF_File.dSpecBinBySiteComparePercent[FT][13],100,0,0,Alarm2 Normal Bin 13 By Bin Site Gap over Limit,1709,SECSGEM/uHGemHT9045_EC.cpp#L1709
38629,BOOLEAN_TYPE,Alarm2 Normal Bin 14 By Bin Site Gap over Limit Enable,,&TestIF_File.bSpecBinBySiteCompareEnable[FT][14],1,0,0,Alarm2 Normal Bin 14 By Bin Site Gap over Limit Enable,1710,SECSGEM/uHGemHT9045_EC.cpp#L1710
38630,FT_8_TYPE,Alarm2 Normal Bin 14 By Bin Site Gap over Limit,Percentage,&TestIF_File.dSpecBinBySiteComparePercent[FT][14],100,0,0,Alarm2 Normal Bin 14 By Bin Site Gap over Limit,1711,SECSGEM/uHGemHT9045_EC.cpp#L1711
38631,BOOLEAN_TYPE,Alarm2 Normal Bin 15 By Bin Site Gap over Limit Enable,,&TestIF_File.bSpecBinBySiteCompareEnable[FT][15],1,0,0,Alarm2 Normal Bin 15 By Bin Site Gap over Limit Enable,1712,SECSGEM/uHGemHT9045_EC.cpp#L1712
38632,FT_8_TYPE,Alarm2 Normal Bin 15 By Bin Site Gap over Limit,Percentage,&TestIF_File.dSpecBinBySiteComparePercent[FT][15],100,0,0,Alarm2 Normal Bin 15 By Bin Site Gap over Limit,1713,SECSGEM/uHGemHT9045_EC.cpp#L1713
38633,INT_4_TYPE,Alarm2 Normal By Bin Site Gap over Limit Ignore count,,&TestIF_File.iSpecBinBySiteCompareIgnore[FT],100000,20,200,Alarm2 Normal By Bin Site Gap over Limit Ignore count,1715,SECSGEM/uHGemHT9045_EC.cpp#L1715
38651,BOOLEAN_TYPE,Alarm3 Normal Bin 0 By Arm By Bin Site Gap over Limit Enable,,&TestIF_File.bSpecBinByArmPerSiteCompareEnable[FT][0],1,0,0,Alarm3 Normal Bin 0 By Arm By Bin Site Gap over Limit Enable,1717,SECSGEM/uHGemHT9045_EC.cpp#L1717
38652,FT_8_TYPE,Alarm3 Normal Bin 0 By Arm By Bin Site Gap over Limit,Percentage,&TestIF_File.dSpecBinByArmPerSiteComparePercent[FT][0],100,0,0,Alarm3 Normal Bin 0 By Arm By Bin Site Gap over Limit,1718,SECSGEM/uHGemHT9045_EC.cpp#L1718
38653,BOOLEAN_TYPE,Alarm3 Normal Bin 1 By Arm By Bin Site Gap over Limit Enable,,&TestIF_File.bSpecBinByArmPerSiteCompareEnable[FT][1],1,0,0,Alarm3 Normal Bin 1 By Arm By Bin Site Gap over Limit Enable,1719,SECSGEM/uHGemHT9045_EC.cpp#L1719
38654,FT_8_TYPE,Alarm3 Normal Bin 1 By Arm By Bin Site Gap over Limit,Percentage,&TestIF_File.dSpecBinByArmPerSiteComparePercent[FT][1],100,0,0,Alarm3 Normal Bin 1 By Arm By Bin Site Gap over Limit,1720,SECSGEM/uHGemHT9045_EC.cpp#L1720
38655,BOOLEAN_TYPE,Alarm3 Normal Bin 2 By Arm By Bin Site Gap over Limit Enable,,&TestIF_File.bSpecBinByArmPerSiteCompareEnable[FT][2],1,0,0,Alarm3 Normal Bin 2 By Arm By Bin Site Gap over Limit Enable,1721,SECSGEM/uHGemHT9045_EC.cpp#L1721
38656,FT_8_TYPE,Alarm3 Normal Bin 2 By Arm By Bin Site Gap over Limit,Percentage,&TestIF_File.dSpecBinByArmPerSiteComparePercent[FT][2],100,0,0,Alarm3 Normal Bin 2 By Arm By Bin Site Gap over Limit,1722,SECSGEM/uHGemHT9045_EC.cpp#L1722
38657,BOOLEAN_TYPE,Alarm3 Normal Bin 3 By Arm By Bin Site Gap over Limit Enable,,&TestIF_File.bSpecBinByArmPerSiteCompareEnable[FT][3],1,0,0,Alarm3 Normal Bin 3 By Arm By Bin Site Gap over Limit Enable,1723,SECSGEM/uHGemHT9045_EC.cpp#L1723
38658,FT_8_TYPE,Alarm3 Normal Bin 3 By Arm By Bin Site Gap over Limit,Percentage,&TestIF_File.dSpecBinByArmPerSiteComparePercent[FT][3],100,0,0,Alarm3 Normal Bin 3 By Arm By Bin Site Gap over Limit,1724,SECSGEM/uHGemHT9045_EC.cpp#L1724
38659,BOOLEAN_TYPE,Alarm3 Normal Bin 4 By Arm By Bin Site Gap over Limit Enable,,&TestIF_File.bSpecBinByArmPerSiteCompareEnable[FT][4],1,0,0,Alarm3 Normal Bin 4 By Arm By Bin Site Gap over Limit Enable,1725,SECSGEM/uHGemHT9045_EC.cpp#L1725
38660,FT_8_TYPE,Alarm3 Normal Bin 4 By Arm By Bin Site Gap over Limit,Percentage,&TestIF_File.dSpecBinByArmPerSiteComparePercent[FT][4],100,0,0,Alarm3 Normal Bin 4 By Arm By Bin Site Gap over Limit,1726,SECSGEM/uHGemHT9045_EC.cpp#L1726
38661,BOOLEAN_TYPE,Alarm3 Normal Bin 5 By Arm By Bin Site Gap over Limit Enable,,&TestIF_File.bSpecBinByArmPerSiteCompareEnable[FT][5],1,0,0,Alarm3 Normal Bin 5 By Arm By Bin Site Gap over Limit Enable,1727,SECSGEM/uHGemHT9045_EC.cpp#L1727
38662,FT_8_TYPE,Alarm3 Normal Bin 5 By Arm By Bin Site Gap over Limit,Percentage,&TestIF_File.dSpecBinByArmPerSiteComparePercent[FT][5],100,0,0,Alarm3 Normal Bin 5 By Arm By Bin Site Gap over Limit,1728,SECSGEM/uHGemHT9045_EC.cpp#L1728
38663,BOOLEAN_TYPE,Alarm3 Normal Bin 6 By Arm By Bin Site Gap over Limit Enable,,&TestIF_File.bSpecBinByArmPerSiteCompareEnable[FT][6],1,0,0,Alarm3 Normal Bin 6 By Arm By Bin Site Gap over Limit Enable,1729,SECSGEM/uHGemHT9045_EC.cpp#L1729
38664,FT_8_TYPE,Alarm3 Normal Bin 6 By Arm By Bin Site Gap over Limit,Percentage,&TestIF_File.dSpecBinByArmPerSiteComparePercent[FT][6],100,0,0,Alarm3 Normal Bin 6 By Arm By Bin Site Gap over Limit,1730,SECSGEM/uHGemHT9045_EC.cpp#L1730
38665,BOOLEAN_TYPE,Alarm3 Normal Bin 7 By Arm By Bin Site Gap over Limit Enable,,&TestIF_File.bSpecBinByArmPerSiteCompareEnable[FT][7],1,0,0,Alarm3 Normal Bin 7 By Arm By Bin Site Gap over Limit Enable,1731,SECSGEM/uHGemHT9045_EC.cpp#L1731
38666,FT_8_TYPE,Alarm3 Normal Bin 7 By Arm By Bin Site Gap over Limit,Percentage,&TestIF_File.dSpecBinByArmPerSiteComparePercent[FT][7],100,0,0,Alarm3 Normal Bin 7 By Arm By Bin Site Gap over Limit,1732,SECSGEM/uHGemHT9045_EC.cpp#L1732
38667,BOOLEAN_TYPE,Alarm3 Normal Bin 8 By Arm By Bin Site Gap over Limit Enable,,&TestIF_File.bSpecBinByArmPerSiteCompareEnable[FT][8],1,0,0,Alarm3 Normal Bin 8 By Arm By Bin Site Gap over Limit Enable,1733,SECSGEM/uHGemHT9045_EC.cpp#L1733
38668,FT_8_TYPE,Alarm3 Normal Bin 8 By Arm By Bin Site Gap over Limit,Percentage,&TestIF_File.dSpecBinByArmPerSiteComparePercent[FT][8],100,0,0,Alarm3 Normal Bin 8 By Arm By Bin Site Gap over Limit,1734,SECSGEM/uHGemHT9045_EC.cpp#L1734
38669,BOOLEAN_TYPE,Alarm3 Normal Bin 9 By Arm By Bin Site Gap over Limit Enable,,&TestIF_File.bSpecBinByArmPerSiteCompareEnable[FT][9],1,0,0,Alarm3 Normal Bin 9 By Arm By Bin Site Gap over Limit Enable,1735,SECSGEM/uHGemHT9045_EC.cpp#L1735
38670,FT_8_TYPE,Alarm3 Normal Bin 9 By Arm By Bin Site Gap over Limit,Percentage,&TestIF_File.dSpecBinByArmPerSiteComparePercent[FT][9],100,0,0,Alarm3 Normal Bin 9 By Arm By Bin Site Gap over Limit,1736,SECSGEM/uHGemHT9045_EC.cpp#L1736
38671,BOOLEAN_TYPE,Alarm3 Normal Bin 10 By Arm By Bin Site Gap over Limit Enable,,&TestIF_File.bSpecBinByArmPerSiteCompareEnable[FT][10],1,0,0,Alarm3 Normal Bin 10 By Arm By Bin Site Gap over Limit Enable,1737,SECSGEM/uHGemHT9045_EC.cpp#L1737
38672,FT_8_TYPE,Alarm3 Normal Bin 10 By Arm By Bin Site Gap over Limit,Percentage,&TestIF_File.dSpecBinByArmPerSiteComparePercent[FT][10],100,0,0,Alarm3 Normal Bin 10 By Arm By Bin Site Gap over Limit,1738,SECSGEM/uHGemHT9045_EC.cpp#L1738
38673,BOOLEAN_TYPE,Alarm3 Normal Bin 11 By Arm By Bin Site Gap over Limit Enable,,&TestIF_File.bSpecBinByArmPerSiteCompareEnable[FT][11],1,0,0,Alarm3 Normal Bin 11 By Arm By Bin Site Gap over Limit Enable,1739,SECSGEM/uHGemHT9045_EC.cpp#L1739
38674,FT_8_TYPE,Alarm3 Normal Bin 11 By Arm By Bin Site Gap over Limit,Percentage,&TestIF_File.dSpecBinByArmPerSiteComparePercent[FT][11],100,0,0,Alarm3 Normal Bin 11 By Arm By Bin Site Gap over Limit,1740,SECSGEM/uHGemHT9045_EC.cpp#L1740
38675,BOOLEAN_TYPE,Alarm3 Normal Bin 12 By Arm By Bin Site Gap over Limit Enable,,&TestIF_File.bSpecBinByArmPerSiteCompareEnable[FT][12],1,0,0,Alarm3 Normal Bin 12 By Arm By Bin Site Gap over Limit Enable,1741,SECSGEM/uHGemHT9045_EC.cpp#L1741
38676,FT_8_TYPE,Alarm3 Normal Bin 12 By Arm By Bin Site Gap over Limit,Percentage,&TestIF_File.dSpecBinByArmPerSiteComparePercent[FT][12],100,0,0,Alarm3 Normal Bin 12 By Arm By Bin Site Gap over Limit,1742,SECSGEM/uHGemHT9045_EC.cpp#L1742
38677,BOOLEAN_TYPE,Alarm3 Normal Bin 13 By Arm By Bin Site Gap over Limit Enable,,&TestIF_File.bSpecBinByArmPerSiteCompareEnable[FT][13],1,0,0,Alarm3 Normal Bin 13 By Arm By Bin Site Gap over Limit Enable,1743,SECSGEM/uHGemHT9045_EC.cpp#L1743
38678,FT_8_TYPE,Alarm3 Normal Bin 13 By Arm By Bin Site Gap over Limit,Percentage,&TestIF_File.dSpecBinByArmPerSiteComparePercent[FT][13],100,0,0,Alarm3 Normal Bin 13 By Arm By Bin Site Gap over Limit,1744,SECSGEM/uHGemHT9045_EC.cpp#L1744
38679,BOOLEAN_TYPE,Alarm3 Normal Bin 14 By Arm By Bin Site Gap over Limit Enable,,&TestIF_File.bSpecBinByArmPerSiteCompareEnable[FT][14],1,0,0,Alarm3 Normal Bin 14 By Arm By Bin Site Gap over Limit Enable,1745,SECSGEM/uHGemHT9045_EC.cpp#L1745
38680,FT_8_TYPE,Alarm3 Normal Bin 14 By Arm By Bin Site Gap over Limit,Percentage,&TestIF_File.dSpecBinByArmPerSiteComparePercent[FT][14],100,0,0,Alarm3 Normal Bin 14 By Arm By Bin Site Gap over Limit,1746,SECSGEM/uHGemHT9045_EC.cpp#L1746
38681,BOOLEAN_TYPE,Alarm3 Normal Bin 15 By Arm By Bin Site Gap over Limit Enable,,&TestIF_File.bSpecBinByArmPerSiteCompareEnable[FT][15],1,0,0,Alarm3 Normal Bin 15 By Arm By Bin Site Gap over Limit Enable,1747,SECSGEM/uHGemHT9045_EC.cpp#L1747
38682,FT_8_TYPE,Alarm3 Normal Bin 15 By Arm By Bin Site Gap over Limit,Percentage,&TestIF_File.dSpecBinByArmPerSiteComparePercent[FT][15],100,0,0,Alarm3 Normal Bin 15 By Arm By Bin Site Gap over Limit,1748,SECSGEM/uHGemHT9045_EC.cpp#L1748
38683,INT_4_TYPE,Alarm3 Normal By Arm By Bin Site Gap over Limit Ignore count,,&TestIF_File.iSpecBinByArmPerSiteCompareIgnore[FT],100000,20,200,Alarm3 Normal By Arm By Bin Site Gap over Limit Ignore count,1750,SECSGEM/uHGemHT9045_EC.cpp#L1750
38701,BOOLEAN_TYPE,Alarm2 RT Bin 0 By Bin Site Gap over Limit Enable,,&TestIF_File.bSpecBinBySiteCompareEnable[RT][0],1,0,0,Alarm2 RT Bin 0 By Bin Site Gap over Limit Enable,1752,SECSGEM/uHGemHT9045_EC.cpp#L1752
38702,FT_8_TYPE,Alarm2 RT Bin 0 By Bin Site Gap over Limit,Percentage,&TestIF_File.dSpecBinBySiteComparePercent[RT][0],100,0,0,Alarm2 RT Bin 0 By Bin Site Gap over Limit,1753,SECSGEM/uHGemHT9045_EC.cpp#L1753
38703,BOOLEAN_TYPE,Alarm2 RT Bin 1 By Bin Site Gap over Limit Enable,,&TestIF_File.bSpecBinBySiteCompareEnable[RT][1],1,0,0,Alarm2 RT Bin 1 By Bin Site Gap over Limit Enable,1754,SECSGEM/uHGemHT9045_EC.cpp#L1754
38704,FT_8_TYPE,Alarm2 RT Bin 1 By Bin Site Gap over Limit,Percentage,&TestIF_File.dSpecBinBySiteComparePercent[RT][1],100,0,0,Alarm2 RT Bin 1 By Bin Site Gap over Limit,1755,SECSGEM/uHGemHT9045_EC.cpp#L1755
38705,BOOLEAN_TYPE,Alarm2 RT Bin 2 By Bin Site Gap over Limit Enable,,&TestIF_File.bSpecBinBySiteCompareEnable[RT][2],1,0,0,Alarm2 RT Bin 2 By Bin Site Gap over Limit Enable,1756,SECSGEM/uHGemHT9045_EC.cpp#L1756
38706,FT_8_TYPE,Alarm2 RT Bin 2 By Bin Site Gap over Limit,Percentage,&TestIF_File.dSpecBinBySiteComparePercent[RT][2],100,0,0,Alarm2 RT Bin 2 By Bin Site Gap over Limit,1757,SECSGEM/uHGemHT9045_EC.cpp#L1757
38707,BOOLEAN_TYPE,Alarm2 RT Bin 3 By Bin Site Gap over Limit Enable,,&TestIF_File.bSpecBinBySiteCompareEnable[RT][3],1,0,0,Alarm2 RT Bin 3 By Bin Site Gap over Limit Enable,1758,SECSGEM/uHGemHT9045_EC.cpp#L1758
38708,FT_8_TYPE,Alarm2 RT Bin 3 By Bin Site Gap over Limit,Percentage,&TestIF_File.dSpecBinBySiteComparePercent[RT][3],100,0,0,Alarm2 RT Bin 3 By Bin Site Gap over Limit,1759,SECSGEM/uHGemHT9045_EC.cpp#L1759
38709,BOOLEAN_TYPE,Alarm2 RT Bin 4 By Bin Site Gap over Limit Enable,,&TestIF_File.bSpecBinBySiteCompareEnable[RT][4],1,0,0,Alarm2 RT Bin 4 By Bin Site Gap over Limit Enable,1760,SECSGEM/uHGemHT9045_EC.cpp#L1760
38710,FT_8_TYPE,Alarm2 RT Bin 4 By Bin Site Gap over Limit,Percentage,&TestIF_File.dSpecBinBySiteComparePercent[RT][4],100,0,0,Alarm2 RT Bin 4 By Bin Site Gap over Limit,1761,SECSGEM/uHGemHT9045_EC.cpp#L1761
38711,BOOLEAN_TYPE,Alarm2 RT Bin 5 By Bin Site Gap over Limit Enable,,&TestIF_File.bSpecBinBySiteCompareEnable[RT][5],1,0,0,Alarm2 RT Bin 5 By Bin Site Gap over Limit Enable,1762,SECSGEM/uHGemHT9045_EC.cpp#L1762
38712,FT_8_TYPE,Alarm2 RT Bin 5 By Bin Site Gap over Limit,Percentage,&TestIF_File.dSpecBinBySiteComparePercent[RT][5],100,0,0,Alarm2 RT Bin 5 By Bin Site Gap over Limit,1763,SECSGEM/uHGemHT9045_EC.cpp#L1763
38713,BOOLEAN_TYPE,Alarm2 RT Bin 6 By Bin Site Gap over Limit Enable,,&TestIF_File.bSpecBinBySiteCompareEnable[RT][6],1,0,0,Alarm2 RT Bin 6 By Bin Site Gap over Limit Enable,1764,SECSGEM/uHGemHT9045_EC.cpp#L1764
38714,FT_8_TYPE,Alarm2 RT Bin 6 By Bin Site Gap over Limit,Percentage,&TestIF_File.dSpecBinBySiteComparePercent[RT][6],100,0,0,Alarm2 RT Bin 6 By Bin Site Gap over Limit,1765,SECSGEM/uHGemHT9045_EC.cpp#L1765
38715,BOOLEAN_TYPE,Alarm2 RT Bin 7 By Bin Site Gap over Limit Enable,,&TestIF_File.bSpecBinBySiteCompareEnable[RT][7],1,0,0,Alarm2 RT Bin 7 By Bin Site Gap over Limit Enable,1766,SECSGEM/uHGemHT9045_EC.cpp#L1766
38716,FT_8_TYPE,Alarm2 RT Bin 7 By Bin Site Gap over Limit,Percentage,&TestIF_File.dSpecBinBySiteComparePercent[RT][7],100,0,0,Alarm2 RT Bin 7 By Bin Site Gap over Limit,1767,SECSGEM/uHGemHT9045_EC.cpp#L1767
38717,BOOLEAN_TYPE,Alarm2 RT Bin 8 By Bin Site Gap over Limit Enable,,&TestIF_File.bSpecBinBySiteCompareEnable[RT][8],1,0,0,Alarm2 RT Bin 8 By Bin Site Gap over Limit Enable,1768,SECSGEM/uHGemHT9045_EC.cpp#L1768
38718,FT_8_TYPE,Alarm2 RT Bin 8 By Bin Site Gap over Limit,Percentage,&TestIF_File.dSpecBinBySiteComparePercent[RT][8],100,0,0,Alarm2 RT Bin 8 By Bin Site Gap over Limit,1769,SECSGEM/uHGemHT9045_EC.cpp#L1769
38719,BOOLEAN_TYPE,Alarm2 RT Bin 9 By Bin Site Gap over Limit Enable,,&TestIF_File.bSpecBinBySiteCompareEnable[RT][9],1,0,0,Alarm2 RT Bin 9 By Bin Site Gap over Limit Enable,1770,SECSGEM/uHGemHT9045_EC.cpp#L1770
38720,FT_8_TYPE,Alarm2 RT Bin 9 By Bin Site Gap over Limit,Percentage,&TestIF_File.dSpecBinBySiteComparePercent[RT][9],100,0,0,Alarm2 RT Bin 9 By Bin Site Gap over Limit,1771,SECSGEM/uHGemHT9045_EC.cpp#L1771
38721,BOOLEAN_TYPE,Alarm2 RT Bin 10 By Bin Site Gap over Limit Enable,,&TestIF_File.bSpecBinBySiteCompareEnable[RT][10],1,0,0,Alarm2 RT Bin 10 By Bin Site Gap over Limit Enable,1772,SECSGEM/uHGemHT9045_EC.cpp#L1772
38722,FT_8_TYPE,Alarm2 RT Bin 10 By Bin Site Gap over Limit,Percentage,&TestIF_File.dSpecBinBySiteComparePercent[RT][10],100,0,0,Alarm2 RT Bin 10 By Bin Site Gap over Limit,1773,SECSGEM/uHGemHT9045_EC.cpp#L1773
38723,BOOLEAN_TYPE,Alarm2 RT Bin 11 By Bin Site Gap over Limit Enable,,&TestIF_File.bSpecBinBySiteCompareEnable[RT][11],1,0,0,Alarm2 RT Bin 11 By Bin Site Gap over Limit Enable,1774,SECSGEM/uHGemHT9045_EC.cpp#L1774
38724,FT_8_TYPE,Alarm2 RT Bin 11 By Bin Site Gap over Limit,Percentage,&TestIF_File.dSpecBinBySiteComparePercent[RT][11],100,0,0,Alarm2 RT Bin 11 By Bin Site Gap over Limit,1775,SECSGEM/uHGemHT9045_EC.cpp#L1775
38725,BOOLEAN_TYPE,Alarm2 RT Bin 12 By Bin Site Gap over Limit Enable,,&TestIF_File.bSpecBinBySiteCompareEnable[RT][12],1,0,0,Alarm2 RT Bin 12 By Bin Site Gap over Limit Enable,1776,SECSGEM/uHGemHT9045_EC.cpp#L1776
38726,FT_8_TYPE,Alarm2 RT Bin 12 By Bin Site Gap over Limit,Percentage,&TestIF_File.dSpecBinBySiteComparePercent[RT][12],100,0,0,Alarm2 RT Bin 12 By Bin Site Gap over Limit,1777,SECSGEM/uHGemHT9045_EC.cpp#L1777
38727,BOOLEAN_TYPE,Alarm2 RT Bin 13 By Bin Site Gap over Limit Enable,,&TestIF_File.bSpecBinBySiteCompareEnable[RT][13],1,0,0,Alarm2 RT Bin 13 By Bin Site Gap over Limit Enable,1778,SECSGEM/uHGemHT9045_EC.cpp#L1778
38728,FT_8_TYPE,Alarm2 RT Bin 13 By Bin Site Gap over Limit,Percentage,&TestIF_File.dSpecBinBySiteComparePercent[RT][13],100,0,0,Alarm2 RT Bin 13 By Bin Site Gap over Limit,1779,SECSGEM/uHGemHT9045_EC.cpp#L1779
38729,BOOLEAN_TYPE,Alarm2 RT Bin 14 By Bin Site Gap over Limit Enable,,&TestIF_File.bSpecBinBySiteCompareEnable[RT][14],1,0,0,Alarm2 RT Bin 14 By Bin Site Gap over Limit Enable,1780,SECSGEM/uHGemHT9045_EC.cpp#L1780
38730,FT_8_TYPE,Alarm2 RT Bin 14 By Bin Site Gap over Limit,Percentage,&TestIF_File.dSpecBinBySiteComparePercent[RT][14],100,0,0,Alarm2 RT Bin 14 By Bin Site Gap over Limit,1781,SECSGEM/uHGemHT9045_EC.cpp#L1781
38731,BOOLEAN_TYPE,Alarm2 RT Bin 15 By Bin Site Gap over Limit Enable,,&TestIF_File.bSpecBinBySiteCompareEnable[RT][15],1,0,0,Alarm2 RT Bin 15 By Bin Site Gap over Limit Enable,1782,SECSGEM/uHGemHT9045_EC.cpp#L1782
38732,FT_8_TYPE,Alarm2 RT Bin 15 By Bin Site Gap over Limit,Percentage,&TestIF_File.dSpecBinBySiteComparePercent[RT][15],100,0,0,Alarm2 RT Bin 15 By Bin Site Gap over Limit,1783,SECSGEM/uHGemHT9045_EC.cpp#L1783
38733,INT_4_TYPE,Alarm2 RT By Bin Site Gap over Limit Ignore count,,&TestIF_File.iSpecBinBySiteCompareIgnore[RT],100000,20,200,Alarm2 RT By Bin Site Gap over Limit Ignore count,1785,SECSGEM/uHGemHT9045_EC.cpp#L1785
38751,BOOLEAN_TYPE,Alarm3 RT Bin 0 By Arm By Bin Site Gap over Limit Enable,,&TestIF_File.bSpecBinByArmPerSiteCompareEnable[RT][0],1,0,0,Alarm3 RT Bin 0 By Arm By Bin Site Gap over Limit Enable,1787,SECSGEM/uHGemHT9045_EC.cpp#L1787
38752,FT_8_TYPE,Alarm3 RT Bin 0 By Arm By Bin Site Gap over Limit,Percentage,&TestIF_File.dSpecBinByArmPerSiteComparePercent[RT][0],100,0,0,Alarm3 RT Bin 0 By Arm By Bin Site Gap over Limit,1788,SECSGEM/uHGemHT9045_EC.cpp#L1788
38753,BOOLEAN_TYPE,Alarm3 RT Bin 1 By Arm By Bin Site Gap over Limit Enable,,&TestIF_File.bSpecBinByArmPerSiteCompareEnable[RT][1],1,0,0,Alarm3 RT Bin 1 By Arm By Bin Site Gap over Limit Enable,1789,SECSGEM/uHGemHT9045_EC.cpp#L1789
38754,FT_8_TYPE,Alarm3 RT Bin 1 By Arm By Bin Site Gap over Limit,Percentage,&TestIF_File.dSpecBinByArmPerSiteComparePercent[RT][1],100,0,0,Alarm3 RT Bin 1 By Arm By Bin Site Gap over Limit,1790,SECSGEM/uHGemHT9045_EC.cpp#L1790
38755,BOOLEAN_TYPE,Alarm3 RT Bin 2 By Arm By Bin Site Gap over Limit Enable,,&TestIF_File.bSpecBinByArmPerSiteCompareEnable[RT][2],1,0,0,Alarm3 RT Bin 2 By Arm By Bin Site Gap over Limit Enable,1791,SECSGEM/uHGemHT9045_EC.cpp#L1791
38756,FT_8_TYPE,Alarm3 RT Bin 2 By Arm By Bin Site Gap over Limit,Percentage,&TestIF_File.dSpecBinByArmPerSiteComparePercent[RT][2],100,0,0,Alarm3 RT Bin 2 By Arm By Bin Site Gap over Limit,1792,SECSGEM/uHGemHT9045_EC.cpp#L1792
38757,BOOLEAN_TYPE,Alarm3 RT Bin 3 By Arm By Bin Site Gap over Limit Enable,,&TestIF_File.bSpecBinByArmPerSiteCompareEnable[RT][3],1,0,0,Alarm3 RT Bin 3 By Arm By Bin Site Gap over Limit Enable,1793,SECSGEM/uHGemHT9045_EC.cpp#L1793
38758,FT_8_TYPE,Alarm3 RT Bin 3 By Arm By Bin Site Gap over Limit,Percentage,&TestIF_File.dSpecBinByArmPerSiteComparePercent[RT][3],100,0,0,Alarm3 RT Bin 3 By Arm By Bin Site Gap over Limit,1794,SECSGEM/uHGemHT9045_EC.cpp#L1794
38759,BOOLEAN_TYPE,Alarm3 RT Bin 4 By Arm By Bin Site Gap over Limit Enable,,&TestIF_File.bSpecBinByArmPerSiteCompareEnable[RT][4],1,0,0,Alarm3 RT Bin 4 By Arm By Bin Site Gap over Limit Enable,1795,SECSGEM/uHGemHT9045_EC.cpp#L1795
38760,FT_8_TYPE,Alarm3 RT Bin 4 By Arm By Bin Site Gap over Limit,Percentage,&TestIF_File.dSpecBinByArmPerSiteComparePercent[RT][4],100,0,0,Alarm3 RT Bin 4 By Arm By Bin Site Gap over Limit,1796,SECSGEM/uHGemHT9045_EC.cpp#L1796
38761,BOOLEAN_TYPE,Alarm3 RT Bin 5 By Arm By Bin Site Gap over Limit Enable,,&TestIF_File.bSpecBinByArmPerSiteCompareEnable[RT][5],1,0,0,Alarm3 RT Bin 5 By Arm By Bin Site Gap over Limit Enable,1797,SECSGEM/uHGemHT9045_EC.cpp#L1797
38762,FT_8_TYPE,Alarm3 RT Bin 5 By Arm By Bin Site Gap over Limit,Percentage,&TestIF_File.dSpecBinByArmPerSiteComparePercent[RT][5],100,0,0,Alarm3 RT Bin 5 By Arm By Bin Site Gap over Limit,1798,SECSGEM/uHGemHT9045_EC.cpp#L1798
38763,BOOLEAN_TYPE,Alarm3 RT Bin 6 By Arm By Bin Site Gap over Limit Enable,,&TestIF_File.bSpecBinByArmPerSiteCompareEnable[RT][6],1,0,0,Alarm3 RT Bin 6 By Arm By Bin Site Gap over Limit Enable,1799,SECSGEM/uHGemHT9045_EC.cpp#L1799
38764,FT_8_TYPE,Alarm3 RT Bin 6 By Arm By Bin Site Gap over Limit,Percentage,&TestIF_File.dSpecBinByArmPerSiteComparePercent[RT][6],100,0,0,Alarm3 RT Bin 6 By Arm By Bin Site Gap over Limit,1800,SECSGEM/uHGemHT9045_EC.cpp#L1800
38765,BOOLEAN_TYPE,Alarm3 RT Bin 7 By Arm By Bin Site Gap over Limit Enable,,&TestIF_File.bSpecBinByArmPerSiteCompareEnable[RT][7],1,0,0,Alarm3 RT Bin 7 By Arm By Bin Site Gap over Limit Enable,1801,SECSGEM/uHGemHT9045_EC.cpp#L1801
38766,FT_8_TYPE,Alarm3 RT Bin 7 By Arm By Bin Site Gap over Limit,Percentage,&TestIF_File.dSpecBinByArmPerSiteComparePercent[RT][7],100,0,0,Alarm3 RT Bin 7 By Arm By Bin Site Gap over Limit,1802,SECSGEM/uHGemHT9045_EC.cpp#L1802
38767,BOOLEAN_TYPE,Alarm3 RT Bin 8 By Arm By Bin Site Gap over Limit Enable,,&TestIF_File.bSpecBinByArmPerSiteCompareEnable[RT][8],1,0,0,Alarm3 RT Bin 8 By Arm By Bin Site Gap over Limit Enable,1803,SECSGEM/uHGemHT9045_EC.cpp#L1803
38768,FT_8_TYPE,Alarm3 RT Bin 8 By Arm By Bin Site Gap over Limit,Percentage,&TestIF_File.dSpecBinByArmPerSiteComparePercent[RT][8],100,0,0,Alarm3 RT Bin 8 By Arm By Bin Site Gap over Limit,1804,SECSGEM/uHGemHT9045_EC.cpp#L1804
38769,BOOLEAN_TYPE,Alarm3 RT Bin 9 By Arm By Bin Site Gap over Limit Enable,,&TestIF_File.bSpecBinByArmPerSiteCompareEnable[RT][9],1,0,0,Alarm3 RT Bin 9 By Arm By Bin Site Gap over Limit Enable,1805,SECSGEM/uHGemHT9045_EC.cpp#L1805
38770,FT_8_TYPE,Alarm3 RT Bin 9 By Arm By Bin Site Gap over Limit,Percentage,&TestIF_File.dSpecBinByArmPerSiteComparePercent[RT][9],100,0,0,Alarm3 RT Bin 9 By Arm By Bin Site Gap over Limit,1806,SECSGEM/uHGemHT9045_EC.cpp#L1806
38771,BOOLEAN_TYPE,Alarm3 RT Bin 10 By Arm By Bin Site Gap over Limit Enable,,&TestIF_File.bSpecBinByArmPerSiteCompareEnable[RT][10],1,0,0,Alarm3 RT Bin 10 By Arm By Bin Site Gap over Limit Enable,1807,SECSGEM/uHGemHT9045_EC.cpp#L1807
38772,FT_8_TYPE,Alarm3 RT Bin 10 By Arm By Bin Site Gap over Limit,Percentage,&TestIF_File.dSpecBinByArmPerSiteComparePercent[RT][10],100,0,0,Alarm3 RT Bin 10 By Arm By Bin Site Gap over Limit,1808,SECSGEM/uHGemHT9045_EC.cpp#L1808
38773,BOOLEAN_TYPE,Alarm3 RT Bin 11 By Arm By Bin Site Gap over Limit Enable,,&TestIF_File.bSpecBinByArmPerSiteCompareEnable[RT][11],1,0,0,Alarm3 RT Bin 11 By Arm By Bin Site Gap over Limit Enable,1809,SECSGEM/uHGemHT9045_EC.cpp#L1809
38774,FT_8_TYPE,Alarm3 RT Bin 11 By Arm By Bin Site Gap over Limit,Percentage,&TestIF_File.dSpecBinByArmPerSiteComparePercent[RT][11],100,0,0,Alarm3 RT Bin 11 By Arm By Bin Site Gap over Limit,1810,SECSGEM/uHGemHT9045_EC.cpp#L1810
38775,BOOLEAN_TYPE,Alarm3 RT Bin 12 By Arm By Bin Site Gap over Limit Enable,,&TestIF_File.bSpecBinByArmPerSiteCompareEnable[RT][12],1,0,0,Alarm3 RT Bin 12 By Arm By Bin Site Gap over Limit Enable,1811,SECSGEM/uHGemHT9045_EC.cpp#L1811
38776,FT_8_TYPE,Alarm3 RT Bin 12 By Arm By Bin Site Gap over Limit,Percentage,&TestIF_File.dSpecBinByArmPerSiteComparePercent[RT][12],100,0,0,Alarm3 RT Bin 12 By Arm By Bin Site Gap over Limit,1812,SECSGEM/uHGemHT9045_EC.cpp#L1812
38777,BOOLEAN_TYPE,Alarm3 RT Bin 13 By Arm By Bin Site Gap over Limit Enable,,&TestIF_File.bSpecBinByArmPerSiteCompareEnable[RT][13],1,0,0,Alarm3 RT Bin 13 By Arm By Bin Site Gap over Limit Enable,1813,SECSGEM/uHGemHT9045_EC.cpp#L1813
38778,FT_8_TYPE,Alarm3 RT Bin 13 By Arm By Bin Site Gap over Limit,Percentage,&TestIF_File.dSpecBinByArmPerSiteComparePercent[RT][13],100,0,0,Alarm3 RT Bin 13 By Arm By Bin Site Gap over Limit,1814,SECSGEM/uHGemHT9045_EC.cpp#L1814
38779,BOOLEAN_TYPE,Alarm3 RT Bin 14 By Arm By Bin Site Gap over Limit Enable,,&TestIF_File.bSpecBinByArmPerSiteCompareEnable[RT][14],1,0,0,Alarm3 RT Bin 14 By Arm By Bin Site Gap over Limit Enable,1815,SECSGEM/uHGemHT9045_EC.cpp#L1815
38780,FT_8_TYPE,Alarm3 RT Bin 14 By Arm By Bin Site Gap over Limit,Percentage,&TestIF_File.dSpecBinByArmPerSiteComparePercent[RT][14],100,0,0,Alarm3 RT Bin 14 By Arm By Bin Site Gap over Limit,1816,SECSGEM/uHGemHT9045_EC.cpp#L1816
38781,BOOLEAN_TYPE,Alarm3 RT Bin 15 By Arm By Bin Site Gap over Limit Enable,,&TestIF_File.bSpecBinByArmPerSiteCompareEnable[RT][15],1,0,0,Alarm3 RT Bin 15 By Arm By Bin Site Gap over Limit Enable,1817,SECSGEM/uHGemHT9045_EC.cpp#L1817
38782,FT_8_TYPE,Alarm3 RT Bin 15 By Arm By Bin Site Gap over Limit,Percentage,&TestIF_File.dSpecBinByArmPerSiteComparePercent[RT][15],100,0,0,Alarm3 RT Bin 15 By Arm By Bin Site Gap over Limit,1818,SECSGEM/uHGemHT9045_EC.cpp#L1818
38783,INT_4_TYPE,Alarm3 RT By Arm By Bin Site Gap over Limit Ignore count,,&TestIF_File.iSpecBinByArmPerSiteCompareIgnore[RT],100000,20,200,Alarm3 RT By Arm By Bin Site Gap over Limit Ignore count,1820,SECSGEM/uHGemHT9045_EC.cpp#L1820
